id, ECLI, rechtsgebied, subrechtsgebied
1, ECLI:NL:RBDHA:2025:20648, Bestuursrecht, 
2, ECLI:NL:RBDHA:2025:20849, Bestuursrecht, Vreemdelingenrecht
3, ECLI:NL:OGEAM:2025:110, Civiel recht, 
4, ECLI:NL:RBDHA:2025:20848, Bestuursrecht, Vreemdelingenrecht
5, ECLI:NL:OGEAM:2025:109, Civiel recht, 
6, ECLI:NL:RBROT:2025:12830, Civiel recht, 
7, ECLI:NL:RBDHA:2025:20847, Bestuursrecht, Vreemdelingenrecht
8, ECLI:NL:GHAMS:2025:2952, Bestuursrecht, Belastingrecht
9, ECLI:NL:RBLIM:2025:10943, Strafrecht, 
10, ECLI:NL:OGEAM:2025:108, Civiel recht, 
11, ECLI:NL:GHAMS:2025:2955, Bestuursrecht, Belastingrecht
12, ECLI:NL:RBDHA:2025:20845, Bestuursrecht, Vreemdelingenrecht
13, ECLI:NL:GHAMS:2025:2956, Bestuursrecht, Belastingrecht
14, ECLI:NL:RBLIM:2025:10940, Strafrecht, 
15, ECLI:NL:GHAMS:2025:2957, Bestuursrecht, Belastingrecht
16, ECLI:NL:GHAMS:2025:2958, Bestuursrecht, Belastingrecht
17, ECLI:NL:RBZWB:2024:6147, Strafrecht, 
18, ECLI:NL:GHSHE:2025:3040, Strafrecht, 
19, ECLI:NL:RBDHA:2025:20844, Bestuursrecht, Vreemdelingenrecht
20, ECLI:NL:RBMNE:2025:5807, Bestuursrecht, Socialezekerheidsrecht
21, ECLI:NL:OGEAM:2025:107, Civiel recht, 
22, ECLI:NL:RBMNE:2024:7757, Civiel recht, 
23, ECLI:NL:RBZWB:2025:7538, Bestuursrecht, 
24, ECLI:NL:RBDHA:2025:20843, Bestuursrecht, Vreemdelingenrecht
25, ECLI:NL:RBZWB:2025:7537, Bestuursrecht, 
26, ECLI:NL:RBZWB:2025:7536, Bestuursrecht, 
27, ECLI:NL:RBDHA:2025:20842, Bestuursrecht, Vreemdelingenrecht
28, ECLI:NL:RBDHA:2025:20836, Bestuursrecht, Vreemdelingenrecht
29, ECLI:NL:RBDHA:2025:20841, Bestuursrecht, Vreemdelingenrecht
30, ECLI:NL:RBZWB:2025:7267, Bestuursrecht, Belastingrecht
31, ECLI:NL:RBZWB:2025:7249, Bestuursrecht, Belastingrecht
32, ECLI:NL:RBAMS:2025:6243, Bestuursrecht, Belastingrecht
33, ECLI:NL:GHAMS:2025:2895, Bestuursrecht, Belastingrecht
34, ECLI:NL:RBZWB:2025:7272, Bestuursrecht, Belastingrecht
35, ECLI:NL:RBAMS:2025:6240, Bestuursrecht, Belastingrecht
36, ECLI:NL:RBDHA:2025:20839, Bestuursrecht, Vreemdelingenrecht
37, ECLI:NL:RBZWB:2025:7319, Bestuursrecht, 
38, ECLI:NL:RBDHA:2025:20838, Bestuursrecht, Vreemdelingenrecht
39, ECLI:NL:RBDHA:2025:20837, Bestuursrecht, Vreemdelingenrecht
40, ECLI:NL:RBZWB:2025:7545, Bestuursrecht, Bestuursprocesrecht
41, ECLI:NL:RBZWB:2025:7540, Bestuursrecht, 
42, ECLI:NL:RBZWB:2025:7542, Bestuursrecht, Bestuursprocesrecht
43, ECLI:NL:RBDHA:2025:20833, Bestuursrecht, Vreemdelingenrecht
44, ECLI:NL:RBZWB:2025:7523, Bestuursrecht, 
45, ECLI:NL:RBNHO:2025:6610, Civiel recht, Arbeidsrecht
46, ECLI:NL:GHDHA:2025:2086, Civiel recht, Personen- en familierecht
47, ECLI:NL:RBDHA:2025:20823, Bestuursrecht, Vreemdelingenrecht
48, ECLI:NL:RBROT:2025:12836, Civiel recht, 
49, ECLI:NL:RBZWB:2025:6744, Civiel recht, Burgerlijk procesrecht
50, ECLI:NL:RBDHA:2025:20333, Civiel recht, Personen- en familierecht
51, ECLI:NL:RBDHA:2025:20830, Bestuursrecht, Vreemdelingenrecht
52, ECLI:NL:RBZWB:2025:6782, Civiel recht, Verbintenissenrecht
53, ECLI:NL:RBDHA:2025:20829, Bestuursrecht, Vreemdelingenrecht
54, ECLI:NL:GHARL:2025:6497, Bestuursrecht, Bestuursstrafrecht
55, ECLI:NL:RBDHA:2025:20828, Bestuursrecht, Vreemdelingenrecht
56, ECLI:NL:GHDHA:2025:2151, Bestuursrecht, Belastingrecht
57, ECLI:NL:RBDHA:2025:20825, Bestuursrecht, Vreemdelingenrecht
58, ECLI:NL:RBDHA:2025:20824, Bestuursrecht, Vreemdelingenrecht
59, ECLI:NL:RBDHA:2025:20820, Bestuursrecht, Vreemdelingenrecht
60, ECLI:NL:RBDHA:2025:20815, Bestuursrecht, Vreemdelingenrecht
61, ECLI:NL:RBAMS:2025:7897, Strafrecht, Materieel strafrecht
62, ECLI:NL:RBDHA:2025:20819, Bestuursrecht, Vreemdelingenrecht
63, ECLI:NL:RBDHA:2025:20818, Bestuursrecht, Vreemdelingenrecht
64, ECLI:NL:RBDHA:2025:20338, Civiel recht, Personen- en familierecht
65, ECLI:NL:RBDHA:2025:20817, Bestuursrecht, Vreemdelingenrecht
66, ECLI:NL:RBDHA:2025:20816, Bestuursrecht, Vreemdelingenrecht
67, ECLI:NL:RBROT:2025:12825, Civiel recht, Verbintenissenrecht
68, ECLI:NL:RBDHA:2025:20814, Bestuursrecht, Vreemdelingenrecht
69, ECLI:NL:RBDHA:2025:20813, Bestuursrecht, Vreemdelingenrecht
70, ECLI:NL:RBDHA:2025:20647, Bestuursrecht, 
71, ECLI:NL:RBDHA:2025:20812, Bestuursrecht, Vreemdelingenrecht
72, ECLI:NL:RBDHA:2025:20811, Bestuursrecht, Vreemdelingenrecht
73, ECLI:NL:RBDHA:2025:20646, Bestuursrecht, Vreemdelingenrecht
74, ECLI:NL:RBDHA:2025:20810, Bestuursrecht, Vreemdelingenrecht
75, ECLI:NL:GHARL:2025:6448, Bestuursrecht, Bestuursstrafrecht
76, ECLI:NL:RBDHA:2025:20809, Bestuursrecht, Vreemdelingenrecht
77, ECLI:NL:RBROT:2025:12884, Civiel recht, Personen- en familierecht
78, ECLI:NL:GHDHA:2025:2150, Bestuursrecht, Belastingrecht
79, ECLI:NL:GHARL:2025:6498, Bestuursrecht, Bestuursstrafrecht
80, ECLI:NL:GHARL:2025:6976, Strafrecht, Strafprocesrecht
81, ECLI:NL:RBROT:2025:12828, Civiel recht, Verbintenissenrecht
82, ECLI:NL:RBDHA:2025:20804, Bestuursrecht, Vreemdelingenrecht
83, ECLI:NL:RBNHO:2025:12881, Strafrecht, 
84, ECLI:NL:RBNHO:2025:12884, Bestuursrecht, Bestuursstrafrecht
85, ECLI:NL:RBDHA:2025:20328, Civiel recht, Personen- en familierecht
86, ECLI:NL:RBGEL:2025:2035, Civiel recht, Personen- en familierecht
87, ECLI:NL:GHARL:2025:6336, Civiel recht, Personen- en familierecht
88, ECLI:NL:RBZWB:2025:7293, Bestuursrecht, Omgevingsrecht
89, ECLI:NL:RBNHO:2025:12883, Bestuursrecht, Bestuursstrafrecht
90, ECLI:NL:RBAMS:2025:7592, Bestuursrecht, Bestuursprocesrecht
91, ECLI:NL:GHARL:2025:6404, Strafrecht, Strafprocesrecht
92, ECLI:NL:GHARL:2025:6579, Bestuursrecht, Bestuursstrafrecht
93, ECLI:NL:RBDHA:2025:20802, Bestuursrecht, Vreemdelingenrecht
94, ECLI:NL:RBNHO:2025:12882, Bestuursrecht, Bestuursstrafrecht
95, ECLI:NL:GHARL:2025:6373, Bestuursrecht, Bestuursstrafrecht
96, ECLI:NL:RBAMS:2025:7591, Bestuursrecht, Bestuursprocesrecht
97, ECLI:NL:RBNHO:2025:12880, Bestuursrecht, Bestuursstrafrecht
98, ECLI:NL:RBDHA:2025:20335, Civiel recht, Personen- en familierecht
99, ECLI:NL:RBDHA:2025:20798, Bestuursrecht, Vreemdelingenrecht
100, ECLI:NL:RBNHO:2025:11529, Civiel recht, Arbeidsrecht
101, ECLI:NL:RBAMS:2025:7529, Bestuursrecht, Belastingrecht
102, ECLI:NL:RBZWB:2025:7616, Strafrecht, 
103, ECLI:NL:RBNHO:2025:12879, Bestuursrecht, Bestuursstrafrecht
104, ECLI:NL:RBDHA:2025:20801, Bestuursrecht, Vreemdelingenrecht
105, ECLI:NL:RBAMS:2025:7375, Bestuursrecht, Omgevingsrecht
106, ECLI:NL:RBNHO:2025:12878, Bestuursrecht, Bestuursstrafrecht
107, ECLI:NL:RBNHO:2025:12539, Civiel recht, Personen- en familierecht
108, ECLI:NL:RBDHA:2025:20800, Bestuursrecht, Vreemdelingenrecht
109, ECLI:NL:RBNHO:2025:12877, Bestuursrecht, Bestuursstrafrecht
110, ECLI:NL:RBDHA:2025:20796, Bestuursrecht, Vreemdelingenrecht
111, ECLI:NL:RBDHA:2025:20797, Bestuursrecht, Vreemdelingenrecht
112, ECLI:NL:RBDHA:2025:20529, Bestuursrecht, Vreemdelingenrecht
113, ECLI:NL:RBNHO:2025:12875, Bestuursrecht, Bestuursstrafrecht
114, ECLI:NL:RBNHO:2025:12876, Bestuursrecht, Bestuursstrafrecht
115, ECLI:NL:RBDHA:2025:20504, Bestuursrecht, Vreemdelingenrecht
116, ECLI:NL:RBDHA:2025:20329, Civiel recht, Personen- en familierecht
117, ECLI:NL:RBNHO:2025:12873, Bestuursrecht, Bestuursstrafrecht
118, ECLI:NL:RBROT:2025:12956, Civiel recht, Personen- en familierecht
119, ECLI:NL:RBDHA:2025:20794, Bestuursrecht, Vreemdelingenrecht
120, ECLI:NL:RBOVE:2025:6413, Strafrecht, 
121, ECLI:NL:RBNHO:2025:12872, Bestuursrecht, Bestuursstrafrecht
122, ECLI:NL:RBZWB:2025:7534, Bestuursrecht, Socialezekerheidsrecht
123, ECLI:NL:GHDHA:2025:2148, Bestuursrecht, Belastingrecht
124, ECLI:NL:RBZWB:2025:7376, Bestuursrecht, 
125, ECLI:NL:RBNHO:2025:12869, Bestuursrecht, Bestuursstrafrecht
126, ECLI:NL:GHARL:2025:6580, Bestuursrecht, Bestuursstrafrecht
127, ECLI:NL:RBROT:2025:12875, Civiel recht, 
128, ECLI:NL:RBNNE:2025:4572, Strafrecht, Materieel strafrecht
129, ECLI:NL:RBNHO:2025:12868, Bestuursrecht, Bestuursstrafrecht
130, ECLI:NL:RBDHA:2025:20790, Bestuursrecht, Vreemdelingenrecht
131, ECLI:NL:RBOVE:2025:6412, Strafrecht, 
132, ECLI:NL:RBROT:2025:12883, Civiel recht, Personen- en familierecht
133, ECLI:NL:GHSHE:2025:2709, Bestuursrecht, Belastingrecht
134, ECLI:NL:GHSHE:2025:2586, Bestuursrecht, Belastingrecht
135, ECLI:NL:GHSHE:2025:2596, Bestuursrecht, Belastingrecht
136, ECLI:NL:RBDHA:2025:20780, Bestuursrecht, Vreemdelingenrecht
137, ECLI:NL:RBROT:2025:12953, Bestuursrecht, Socialezekerheidsrecht
138, ECLI:NL:RBDHA:2025:20331, Civiel recht, Personen- en familierecht
139, ECLI:NL:RBZWB:2025:7512, Bestuursrecht, 
140, ECLI:NL:RBZWB:2025:7324, Bestuursrecht, Omgevingsrecht
141, ECLI:NL:GHARL:2025:1270, Bestuursrecht, Belastingrecht
142, ECLI:NL:RBNHO:2025:12366, Civiel recht, 
143, ECLI:NL:RBDHA:2025:20778, Bestuursrecht, Vreemdelingenrecht
144, ECLI:NL:RBDHA:2025:20663, Strafrecht, 
145, ECLI:NL:RBZWB:2025:7273, Bestuursrecht, Socialezekerheidsrecht
146, ECLI:NL:GHAMS:2025:2989, Civiel recht, Personen- en familierecht
147, ECLI:NL:RBDHA:2024:17266, Civiel recht, Arbeidsrecht
148, ECLI:NL:GHDHA:2025:2147, Bestuursrecht, Belastingrecht
149, ECLI:NL:RBROT:2025:12952, Bestuursrecht, Socialezekerheidsrecht
150, ECLI:NL:RBZWB:2025:7535, Bestuursrecht, Bestuursstrafrecht
151, ECLI:NL:RBDHA:2025:20318, Civiel recht, 
152, ECLI:NL:RBZWB:2025:7430, Bestuursrecht, Belastingrecht
153, ECLI:NL:RBDHA:2025:20776, Bestuursrecht, Vreemdelingenrecht
154, ECLI:NL:RBNHO:2025:12524, Civiel recht, Insolventierecht
155, ECLI:NL:GHARL:2025:6958, Strafrecht, 
156, ECLI:NL:RBZWB:2025:7431, Bestuursrecht, Belastingrecht
157, ECLI:NL:GHARL:2025:6960, Strafrecht, 
158, ECLI:NL:RBNHO:2025:12365, Civiel recht, 
159, ECLI:NL:RBZWB:2025:7251, Bestuursrecht, Belastingrecht
160, ECLI:NL:RBZWB:2025:7434, Bestuursrecht, Belastingrecht
161, ECLI:NL:RBZWB:2025:7463, Bestuursrecht, 
162, ECLI:NL:RBDHA:2025:20775, Bestuursrecht, Vreemdelingenrecht
163, ECLI:NL:RBZWB:2025:7428, Bestuursrecht, Belastingrecht
164, ECLI:NL:RBMNE:2025:470, Civiel recht, Personen- en familierecht
165, ECLI:NL:RBDHA:2025:20676, Bestuursrecht, Vreemdelingenrecht
166, ECLI:NL:RBZWB:2025:7432, Bestuursrecht, Belastingrecht
167, ECLI:NL:RBDHA:2025:20774, Bestuursrecht, Vreemdelingenrecht
168, ECLI:NL:RBNHO:2025:12364, Civiel recht, 
169, ECLI:NL:RBROT:2024:14110, Bestuursrecht, 
170, ECLI:NL:RBZWB:2025:7425, Bestuursrecht, Belastingrecht
171, ECLI:NL:GHARL:2024:3488, Bestuursrecht, Belastingrecht
172, ECLI:NL:RBZWB:2025:7426, Bestuursrecht, Belastingrecht
173, ECLI:NL:RBDHA:2025:20773, Bestuursrecht, Vreemdelingenrecht
174, ECLI:NL:RBZWB:2025:7427, Bestuursrecht, Belastingrecht
175, ECLI:NL:RBDHA:2025:20670, Bestuursrecht, Vreemdelingenrecht
176, ECLI:NL:RBDHA:2025:20772, Bestuursrecht, Vreemdelingenrecht
177, ECLI:NL:RBDHA:2025:20771, Bestuursrecht, Vreemdelingenrecht
178, ECLI:NL:GHDHA:2025:2146, Bestuursrecht, Belastingrecht
179, ECLI:NL:RBDHA:2025:20770, Bestuursrecht, Vreemdelingenrecht
180, ECLI:NL:RBNHO:2025:12347, Civiel recht, Verbintenissenrecht
181, ECLI:NL:GHARL:2025:5172, Civiel recht, Personen- en familierecht
182, ECLI:NL:GHARL:2025:4873, Civiel recht, 
183, ECLI:NL:GHARL:2025:4707, Civiel recht, 
184, ECLI:NL:RBDHA:2025:14345, Civiel recht, 
185, ECLI:NL:GHSHE:2025:1703, Civiel recht, Verbintenissenrecht
186, ECLI:NL:RBNHO:2025:8549, Civiel recht, Verbintenissenrecht
187, ECLI:NL:RBNHO:2025:7510, Civiel recht, 
188, ECLI:NL:RBNHO:2025:9290, Civiel recht, Verbintenissenrecht
189, ECLI:NL:RBLIM:2025:6409, Civiel recht, Personen- en familierecht
190, ECLI:NL:RBNHO:2025:5407, Civiel recht, Verbintenissenrecht
191, ECLI:NL:RBDHA:2025:14068, Civiel recht, 
192, ECLI:NL:RBMNE:2025:3828, Civiel recht, Personen- en familierecht
193, ECLI:NL:RBGEL:2025:6895, Civiel recht, Personen- en familierecht
194, ECLI:NL:RBROT:2025:4448, Civiel recht, 
195, ECLI:NL:GHSHE:2025:1396, Civiel recht, 
196, ECLI:NL:RBMNE:2024:6906, Civiel recht, 
197, ECLI:NL:RBDHA:2025:20769, Bestuursrecht, Vreemdelingenrecht
198, ECLI:NL:RBZWB:2025:7615, Strafrecht, 
199, ECLI:NL:RBDHA:2025:20484, Strafrecht, 
200, ECLI:NL:GHAMS:2025:2986, Civiel recht, Personen- en familierecht
201, ECLI:NL:CRVB:2025:1589, Bestuursrecht, Socialezekerheidsrecht
202, ECLI:NL:RBDHA:2025:20768, Bestuursrecht, Vreemdelingenrecht
203, ECLI:NL:RBZWB:2025:7614, Strafrecht, 
204, ECLI:NL:RBZWB:2025:7613, Strafrecht, 
205, ECLI:NL:RBZWB:2025:7612, Strafrecht, 
206, ECLI:NL:RBDHA:2025:20765, Bestuursrecht, Vreemdelingenrecht
207, ECLI:NL:RBROT:2025:12668, Bestuursrecht, Bestuursprocesrecht
208, ECLI:NL:RBDHA:2025:20764, Bestuursrecht, Vreemdelingenrecht
209, ECLI:NL:RBOBR:2025:7142, Strafrecht, 
210, ECLI:NL:RBMNE:2025:5840, Strafrecht, 
211, ECLI:NL:RBDHA:2025:20763, Bestuursrecht, Vreemdelingenrecht
212, ECLI:NL:RBMNE:2025:5655, Civiel recht, Internationaal privaatrecht
213, ECLI:NL:RBDHA:2025:20762, Bestuursrecht, Vreemdelingenrecht
214, ECLI:NL:RBDHA:2025:20761, Bestuursrecht, Vreemdelingenrecht
215, ECLI:NL:GHARL:2025:6593, Bestuursrecht, Bestuursstrafrecht
216, ECLI:NL:RBOBR:2025:7067, Civiel recht, 
217, ECLI:NL:RBOBR:2025:7065, Civiel recht, 
218, ECLI:NL:GHAMS:2025:2983, Civiel recht, Personen- en familierecht
219, ECLI:NL:GHAMS:2025:2928, Civiel recht, 
220, ECLI:NL:GHARL:2025:6108, Bestuursrecht, Bestuursstrafrecht
221, ECLI:NL:RBMNE:2025:5656, Civiel recht, Verbintenissenrecht
222, ECLI:NL:GHARL:2025:6622, Bestuursrecht, Bestuursstrafrecht
223, ECLI:NL:RBDHA:2025:20759, Bestuursrecht, Vreemdelingenrecht
224, ECLI:NL:GHARL:2025:6092, Bestuursrecht, Bestuursstrafrecht
225, ECLI:NL:RBDHA:2025:20758, Bestuursrecht, Vreemdelingenrecht
226, ECLI:NL:RBDHA:2025:20757, Bestuursrecht, Vreemdelingenrecht
227, ECLI:NL:RBDHA:2025:20756, Bestuursrecht, Vreemdelingenrecht
228, ECLI:NL:GHARL:2025:6091, Bestuursrecht, Bestuursstrafrecht
229, ECLI:NL:RVS:2025:5189, Bestuursrecht, Omgevingsrecht
230, ECLI:NL:RBDHA:2025:20755, Bestuursrecht, Vreemdelingenrecht
231, ECLI:NL:RBDHA:2025:20297, Civiel recht, Personen- en familierecht
232, ECLI:NL:RBDHA:2025:20754, Bestuursrecht, Vreemdelingenrecht
233, ECLI:NL:RBAMS:2025:8344, Strafrecht, Europees strafrecht
234, ECLI:NL:RBDHA:2025:20753, Bestuursrecht, Vreemdelingenrecht
235, ECLI:NL:RBGEL:2025:9293, Civiel recht, Personen- en familierecht
236, ECLI:NL:RBZWB:2025:7238, Bestuursrecht, Belastingrecht
237, ECLI:NL:RBDHA:2025:20751, Bestuursrecht, Vreemdelingenrecht
238, ECLI:NL:RBDHA:2025:20302, Civiel recht, Personen- en familierecht
239, ECLI:NL:GHARL:2025:6634, Bestuursrecht, Bestuursstrafrecht
240, ECLI:NL:GHARL:2025:5996, Bestuursrecht, Bestuursstrafrecht
241, ECLI:NL:GHAMS:2025:2891, Bestuursrecht, Belastingrecht
242, ECLI:NL:GHARL:2025:6046, Bestuursrecht, Bestuursstrafrecht
243, ECLI:NL:RBGEL:2025:9022, Civiel recht, Personen- en familierecht
244, ECLI:NL:RBAMS:2025:7240, Civiel recht, Insolventierecht
245, ECLI:NL:RBGEL:2025:8971, Civiel recht, Insolventierecht
246, ECLI:NL:RBDHA:2025:18947, Civiel recht, Insolventierecht
247, ECLI:NL:RBROT:2025:11822, Civiel recht, Arbeidsrecht
248, ECLI:NL:GHDHA:2024:2297, Civiel recht, Verbintenissenrecht
249, ECLI:NL:RBDHA:2025:18732, Civiel recht, Insolventierecht
250, ECLI:NL:GHAMS:2025:2843, Civiel recht, 
251, ECLI:NL:RBDHA:2025:20750, Bestuursrecht, Vreemdelingenrecht
252, ECLI:NL:RBGEL:2020:1874, Strafrecht, 
253, ECLI:NL:RBDHA:2025:20749, Bestuursrecht, Vreemdelingenrecht
254, ECLI:NL:RBDHA:2025:20303, Civiel recht, Personen- en familierecht
255, ECLI:NL:GHARL:2025:6644, Bestuursrecht, Bestuursstrafrecht
256, ECLI:NL:CRVB:2025:1605, Bestuursrecht, Socialezekerheidsrecht
257, ECLI:NL:GHARL:2025:6642, Bestuursrecht, Bestuursstrafrecht
258, ECLI:NL:RBDHA:2025:20748, Bestuursrecht, Vreemdelingenrecht
259, ECLI:NL:RBDHA:2025:20747, Bestuursrecht, Vreemdelingenrecht
260, ECLI:NL:GHAMS:2025:2892, Bestuursrecht, Belastingrecht
261, ECLI:NL:GHARL:2025:6682, Bestuursrecht, Bestuursstrafrecht
262, ECLI:NL:RBROT:2025:12852, Civiel recht, Verbintenissenrecht
263, ECLI:NL:RBDHA:2025:20746, Bestuursrecht, Vreemdelingenrecht
264, ECLI:NL:RBDHA:2025:20301, Civiel recht, Personen- en familierecht
265, ECLI:NL:GHAMS:2025:2721, Civiel recht, Personen- en familierecht
266, ECLI:NL:RBNNE:2025:4257, Civiel recht, 
267, ECLI:NL:RBZWB:2025:6717, Civiel recht, Personen- en familierecht
268, ECLI:NL:RBROT:2025:12200, Civiel recht, Personen- en familierecht
269, ECLI:NL:RBROT:2025:12206, Civiel recht, Personen- en familierecht
270, ECLI:NL:RBROT:2025:12201, Civiel recht, Personen- en familierecht
271, ECLI:NL:RBOVE:2025:6133, Civiel recht, 
272, ECLI:NL:RBLIM:2025:10250, Civiel recht, 
273, ECLI:NL:GHAMS:2025:2826, Civiel recht, Personen- en familierecht
274, ECLI:NL:RBDHA:2025:20744, Bestuursrecht, Vreemdelingenrecht
275, ECLI:NL:RBDHA:2025:20745, Bestuursrecht, Vreemdelingenrecht
276, ECLI:NL:RBDHA:2025:20743, Bestuursrecht, Vreemdelingenrecht
277, ECLI:NL:RBDHA:2025:20742, Bestuursrecht, Vreemdelingenrecht
278, ECLI:NL:RBROT:2025:12834, Civiel recht, Arbeidsrecht
279, ECLI:NL:RBDHA:2025:20298, Civiel recht, Personen- en familierecht
280, ECLI:NL:CRVB:2025:1583, Bestuursrecht, Socialezekerheidsrecht
281, ECLI:NL:RBDHA:2025:20741, Bestuursrecht, Vreemdelingenrecht
282, ECLI:NL:RBROT:2025:12939, Strafrecht, 
283, ECLI:NL:RBGEL:2025:8993, Civiel recht, Personen- en familierecht
284, ECLI:NL:RBDHA:2025:20740, Bestuursrecht, Vreemdelingenrecht
285, ECLI:NL:RBOVE:2025:6293, Bestuursrecht, Bestuursprocesrecht
286, ECLI:NL:RBDHA:2025:20294, Civiel recht, Personen- en familierecht
287, ECLI:NL:GHARL:2025:6745, Bestuursrecht, Bestuursstrafrecht
288, ECLI:NL:RBDHA:2025:20292, Civiel recht, Personen- en familierecht
289, ECLI:NL:RBROT:2025:12835, Civiel recht, Arbeidsrecht
290, ECLI:NL:RBZWB:2025:7264, Bestuursrecht, Belastingrecht
291, ECLI:NL:RBZWB:2025:7263, Bestuursrecht, Belastingrecht
292, ECLI:NL:RBZWB:2025:7413, Bestuursrecht, Belastingrecht
293, ECLI:NL:RBGEL:2025:8866, Civiel recht, Personen- en familierecht
294, ECLI:NL:RBDHA:2025:20738, Bestuursrecht, Vreemdelingenrecht
295, ECLI:NL:RBROT:2025:12826, Civiel recht, Arbeidsrecht
296, ECLI:NL:GHARL:2025:6744, Bestuursrecht, Bestuursstrafrecht
297, ECLI:NL:RBNHO:2025:12848, Civiel recht, 
298, ECLI:NL:RBDHA:2025:20736, Bestuursrecht, Vreemdelingenrecht
299, ECLI:NL:RBMNE:2025:5515, Bestuursrecht, 
300, ECLI:NL:RBDHA:2025:20733, Bestuursrecht, Vreemdelingenrecht
301, ECLI:NL:GHAMS:2025:2855, Civiel recht, 
302, ECLI:NL:RBDHA:2025:20293, Civiel recht, Personen- en familierecht
303, ECLI:NL:RBDHA:2025:20735, Bestuursrecht, Vreemdelingenrecht
304, ECLI:NL:RBOBR:2025:7090, Civiel recht, Verbintenissenrecht
305, ECLI:NL:RBMNE:2025:5341, Bestuursrecht, 
306, ECLI:NL:RBDHA:2025:20732, Bestuursrecht, Vreemdelingenrecht
307, ECLI:NL:RBDHA:2025:20731, Bestuursrecht, Vreemdelingenrecht
308, ECLI:NL:GHARL:2025:6822, Bestuursrecht, Bestuursstrafrecht
309, ECLI:NL:RBDHA:2025:20730, Bestuursrecht, Vreemdelingenrecht
310, ECLI:NL:RBMNE:2025:5339, Bestuursrecht, 
311, ECLI:NL:RBROT:2025:12843, Civiel recht, 
312, ECLI:NL:RBDHA:2025:20729, Bestuursrecht, Vreemdelingenrecht
313, ECLI:NL:RBDHA:2025:20728, Bestuursrecht, Vreemdelingenrecht
314, ECLI:NL:RBDHA:2025:20287, Civiel recht, Personen- en familierecht
315, ECLI:NL:RBMNE:2025:5338, Bestuursrecht, 
316, ECLI:NL:RBDHA:2025:20727, Bestuursrecht, Vreemdelingenrecht
317, ECLI:NL:RBMNE:2025:5505, Bestuursrecht, 
318, ECLI:NL:RBMNE:2025:5345, Bestuursrecht, 
319, ECLI:NL:RBDHA:2025:20726, Bestuursrecht, Vreemdelingenrecht
320, ECLI:NL:RBDHA:2025:20725, Bestuursrecht, Vreemdelingenrecht
321, ECLI:NL:RBMNE:2025:5507, Bestuursrecht, 
322, ECLI:NL:RBROT:2025:12862, Civiel recht, 
323, ECLI:NL:RBMNE:2025:5344, Bestuursrecht, 
324, ECLI:NL:GHARL:2025:6853, Bestuursrecht, Bestuursstrafrecht
325, ECLI:NL:RBDHA:2024:20828, Civiel recht, 
326, ECLI:NL:GHDHA:2025:2290, Civiel recht, Verbintenissenrecht
327, ECLI:NL:RBROT:2025:12842, Civiel recht, 
328, ECLI:NL:RBDHA:2025:20724, Bestuursrecht, Vreemdelingenrecht
329, ECLI:NL:RBMNE:2025:5508, Bestuursrecht, 
330, ECLI:NL:RBDHA:2025:20723, Bestuursrecht, Vreemdelingenrecht
331, ECLI:NL:RBAMS:2025:8311, Strafrecht, Europees strafrecht
332, ECLI:NL:RBROT:2025:12813, Civiel recht, Burgerlijk procesrecht
333, ECLI:NL:RBMNE:2025:5509, Bestuursrecht, 
334, ECLI:NL:RBMNE:2025:5355, Bestuursrecht, 
335, ECLI:NL:RBOVE:2025:6356, Bestuursrecht, Socialezekerheidsrecht
336, ECLI:NL:GHSHE:2025:2783, Bestuursrecht, Belastingrecht
337, ECLI:NL:GHSHE:2025:2772, Bestuursrecht, Belastingrecht
338, ECLI:NL:RBDHA:2025:20722, Bestuursrecht, Vreemdelingenrecht
339, ECLI:NL:GHARL:2024:3483, Bestuursrecht, Belastingrecht
340, ECLI:NL:RBOVE:2025:6398, Bestuursrecht, Socialezekerheidsrecht
341, ECLI:NL:RBDHA:2025:20703, Strafrecht, 
342, ECLI:NL:RBMNE:2025:5510, Bestuursrecht, 
343, ECLI:NL:RBDHA:2025:20720, Bestuursrecht, Vreemdelingenrecht
344, ECLI:NL:RBOVE:2025:6364, Bestuursrecht, Socialezekerheidsrecht
345, ECLI:NL:RBNNE:2025:4578, Civiel recht, 
346, ECLI:NL:RBMNE:2025:5511, Bestuursrecht, 
347, ECLI:NL:RBMNE:2025:5346, Bestuursrecht, 
348, ECLI:NL:RBDHA:2025:20711, Bestuursrecht, Vreemdelingenrecht
349, ECLI:NL:RBROT:2025:12812, Civiel recht, Verbintenissenrecht
350, ECLI:NL:RBNHO:2025:12128, Bestuursrecht, Bestuursprocesrecht
351, ECLI:NL:RBDHA:2025:78, Bestuursrecht, Vreemdelingenrecht
352, ECLI:NL:RVS:2025:2400, Bestuursrecht, Vreemdelingenrecht
353, ECLI:NL:RBDHA:2024:7665, Bestuursrecht, Vreemdelingenrecht
354, ECLI:NL:RVS:2025:2395, Bestuursrecht, Vreemdelingenrecht
355, ECLI:NL:RBDHA:2024:1610, Bestuursrecht, Vreemdelingenrecht
356, ECLI:NL:RVS:2025:2394, Bestuursrecht, Vreemdelingenrecht
357, ECLI:NL:RBMNE:2025:5513, Bestuursrecht, 
358, ECLI:NL:GHDHA:2025:2278, Civiel recht, Personen- en familierecht
359, ECLI:NL:RBDHA:2023:8912, Bestuursrecht, Vreemdelingenrecht
360, ECLI:NL:RVS:2025:2384, Bestuursrecht, Vreemdelingenrecht
361, ECLI:NL:RBDHA:2025:6665, Bestuursrecht, Vreemdelingenrecht
362, ECLI:NL:RVS:2025:2376, Bestuursrecht, Vreemdelingenrecht
363, ECLI:NL:RBDHA:2025:20709, Bestuursrecht, Vreemdelingenrecht
364, ECLI:NL:RVS:2025:2374, Bestuursrecht, Vreemdelingenrecht
365, ECLI:NL:RBDHA:2025:12121, Bestuursrecht, Vreemdelingenrecht
366, ECLI:NL:RBDHA:2025:5097, Bestuursrecht, Vreemdelingenrecht
367, ECLI:NL:RVS:2025:2373, Bestuursrecht, Vreemdelingenrecht
368, ECLI:NL:RBDHA:2022:16072, Bestuursrecht, Vreemdelingenrecht
369, ECLI:NL:RVS:2025:2371, Bestuursrecht, Vreemdelingenrecht
370, ECLI:NL:RBDHA:2025:20706, Bestuursrecht, Vreemdelingenrecht
371, ECLI:NL:RBDHA:2025:20211, Bestuursrecht, Socialezekerheidsrecht
372, ECLI:NL:RBDHA:2025:20704, Bestuursrecht, Vreemdelingenrecht
373, ECLI:NL:RBDHA:2025:7024, Bestuursrecht, Vreemdelingenrecht
374, ECLI:NL:RVS:2025:2369, Bestuursrecht, Vreemdelingenrecht
375, ECLI:NL:RBDHA:2025:20210, Bestuursrecht, Socialezekerheidsrecht
376, ECLI:NL:RBOBR:2025:7208, Strafrecht, 
377, ECLI:NL:RBMNE:2025:5514, Bestuursrecht, 
378, ECLI:NL:RBAMS:2025:8342, Strafrecht, Europees strafrecht
379, ECLI:NL:RBAMS:2025:8341, Strafrecht, Europees strafrecht
380, ECLI:NL:RBAMS:2025:8343, Strafrecht, Europees strafrecht
381, ECLI:NL:GHSHE:2025:1796, Civiel recht, Personen- en familierecht
382, ECLI:NL:RBDHA:2025:20700, Bestuursrecht, Vreemdelingenrecht
383, ECLI:NL:RBROT:2025:12811, Civiel recht, Verbintenissenrecht
384, ECLI:NL:RBLIM:2025:10692, Civiel recht, 
385, ECLI:NL:CRVB:2025:1542, Bestuursrecht, Socialezekerheidsrecht
386, ECLI:NL:RBDHA:2024:4401, Bestuursrecht, Vreemdelingenrecht
387, ECLI:NL:RVS:2025:2358, Bestuursrecht, Vreemdelingenrecht
388, ECLI:NL:RBDHA:2025:20140, Bestuursrecht, Socialezekerheidsrecht
389, ECLI:NL:CRVB:2025:1578, Bestuursrecht, Socialezekerheidsrecht
390, ECLI:NL:OGEAA:2025:324, Civiel recht, 
391, ECLI:NL:CRVB:2025:1585, Bestuursrecht, Socialezekerheidsrecht
392, ECLI:NL:RBDHA:2025:20698, Bestuursrecht, Vreemdelingenrecht
393, ECLI:NL:CRVB:2025:1566, Bestuursrecht, Socialezekerheidsrecht
394, ECLI:NL:RBDHA:2025:19686, Civiel recht, Personen- en familierecht
395, ECLI:NL:RBMNE:2025:5502, Civiel recht, Verbintenissenrecht
396, ECLI:NL:GHARL:2025:6531, Bestuursrecht, Belastingrecht
397, ECLI:NL:GHDHA:2025:2142, Bestuursrecht, Belastingrecht
398, ECLI:NL:CRVB:2025:1572, Bestuursrecht, Socialezekerheidsrecht
399, ECLI:NL:GHARL:2025:6532, Bestuursrecht, Belastingrecht
400, ECLI:NL:RBNNE:2025:4437, Bestuursrecht, Belastingrecht
401, ECLI:NL:RBAMS:2025:7194, Bestuursrecht, Belastingrecht
402, ECLI:NL:RBNNE:2025:3806, Bestuursrecht, Belastingrecht
403, ECLI:NL:OGHACMB:2024:150, Bestuursrecht, Belastingrecht
404, ECLI:NL:RVS:2025:5079, Bestuursrecht, 
405, ECLI:NL:GHAMS:2025:2471, Civiel recht, 
406, ECLI:NL:RBNHO:2025:10428, Civiel recht, Arbeidsrecht
407, ECLI:NL:RBDHA:2025:15125, Civiel recht, Arbeidsrecht
408, ECLI:NL:GHAMS:2025:2023, Civiel recht, 
409, ECLI:NL:HR:2025:1325, Civiel recht, 
410, ECLI:NL:RBNHO:2025:8193, Civiel recht, Arbeidsrecht
411, ECLI:NL:RBAMS:2025:5754, Civiel recht, Arbeidsrecht
412, ECLI:NL:GHDHA:2025:2145, Bestuursrecht, Belastingrecht
413, ECLI:NL:RBGEL:2025:6110, Civiel recht, 
414, ECLI:NL:RBROT:2025:10233, Civiel recht, Arbeidsrecht
415, ECLI:NL:RBGEL:2025:7054, Civiel recht, Arbeidsrecht
416, ECLI:NL:GHDHA:2025:1586, Civiel recht, Arbeidsrecht
417, ECLI:NL:GHAMS:2025:2339, Civiel recht, 
418, ECLI:NL:GHDHA:2025:1175, Civiel recht, 
419, ECLI:NL:RVS:2025:2349, Bestuursrecht, Vreemdelingenrecht
420, ECLI:NL:RBDHA:2025:20696, Bestuursrecht, Vreemdelingenrecht
421, ECLI:NL:RBDHA:2025:5038, Bestuursrecht, Vreemdelingenrecht
422, ECLI:NL:RVS:2025:2273, Bestuursrecht, Vreemdelingenrecht
423, ECLI:NL:OGEAA:2025:323, Civiel recht, 
424, ECLI:NL:RBDHA:2025:20212, Bestuursrecht, Socialezekerheidsrecht
425, ECLI:NL:RBDHA:2024:4375, Bestuursrecht, Vreemdelingenrecht
426, ECLI:NL:RVS:2025:2271, Bestuursrecht, Vreemdelingenrecht
427, ECLI:NL:RBDHA:2025:20695, Bestuursrecht, Vreemdelingenrecht
428, ECLI:NL:RBDHA:2024:4265, Bestuursrecht, Vreemdelingenrecht
429, ECLI:NL:RVS:2025:2270, Bestuursrecht, Vreemdelingenrecht
430, ECLI:NL:RBZWB:2025:7464, Bestuursrecht, 
431, ECLI:NL:RBDHA:2025:20249, Civiel recht, Insolventierecht
432, ECLI:NL:RVS:2025:1722, Bestuursrecht, 
433, ECLI:NL:RBZWB:2025:7467, Bestuursrecht, 
434, ECLI:NL:RBDHA:2025:20693, Bestuursrecht, Vreemdelingenrecht
435, ECLI:NL:RBMNE:2025:5535, Bestuursrecht, 
436, ECLI:NL:RBZWB:2025:7462, Bestuursrecht, 
437, ECLI:NL:RBMNE:2025:5496, Civiel recht, 
438, ECLI:NL:GHAMS:2025:2857, Civiel recht, 
439, ECLI:NL:RBROT:2025:12917, Civiel recht, Personen- en familierecht
440, ECLI:NL:RBDHA:2025:20691, Bestuursrecht, Vreemdelingenrecht
441, ECLI:NL:RBMNE:2025:5319, Bestuursrecht, Bestuursprocesrecht
442, ECLI:NL:RBROT:2025:12877, Strafrecht, 
443, ECLI:NL:RBDHA:2025:20689, Bestuursrecht, Vreemdelingenrecht
444, ECLI:NL:RBMNE:2025:5534, Bestuursrecht, Belastingrecht
445, ECLI:NL:RBZWB:2025:7480, Bestuursrecht, Omgevingsrecht
446, ECLI:NL:RBMNE:2025:5789, Strafrecht, Materieel strafrecht
447, ECLI:NL:RBDHA:2025:20686, Bestuursrecht, Vreemdelingenrecht
448, ECLI:NL:RBMNE:2025:5533, Bestuursrecht, Belastingrecht
449, ECLI:NL:RBMNE:2025:5498, Civiel recht, Verbintenissenrecht
450, ECLI:NL:RBDHA:2025:20218, Civiel recht, Personen- en familierecht
451, ECLI:NL:RBDHA:2025:20013, Strafrecht, 
452, ECLI:NL:RBDHA:2025:20203, Civiel recht, Verbintenissenrecht
453, ECLI:NL:RBDHA:2025:19631, Bestuursrecht, Vreemdelingenrecht
454, ECLI:NL:RBGEL:2023:7037, Bestuursrecht, Belastingrecht
455, ECLI:NL:RBDHA:2025:20244, Bestuursrecht, Vreemdelingenrecht
456, ECLI:NL:RBDHA:2025:20684, Bestuursrecht, Vreemdelingenrecht
457, ECLI:NL:RBZWB:2025:6951, Civiel recht, Personen- en familierecht
458, ECLI:NL:RBLIM:2025:10788, Civiel recht, 
459, ECLI:NL:RBZWB:2025:6949, Civiel recht, Personen- en familierecht
460, ECLI:NL:RBZWB:2025:6940, Civiel recht, Personen- en familierecht
461, ECLI:NL:RBZWB:2025:6933, Civiel recht, Personen- en familierecht
462, ECLI:NL:RBZWB:2025:6929, Civiel recht, Personen- en familierecht
463, ECLI:NL:RBZWB:2025:6928, Civiel recht, Personen- en familierecht
464, ECLI:NL:RBMNE:2025:5519, Bestuursrecht, Omgevingsrecht
465, ECLI:NL:RBZWB:2025:6927, Civiel recht, Personen- en familierecht
466, ECLI:NL:RBZWB:2025:6926, Civiel recht, Personen- en familierecht
467, ECLI:NL:RBMNE:2025:5660, Civiel recht, Verbintenissenrecht
468, ECLI:NL:RBZWB:2025:6925, Civiel recht, Personen- en familierecht
469, ECLI:NL:RBZWB:2025:6924, Civiel recht, Personen- en familierecht
470, ECLI:NL:RBZWB:2025:7465, Bestuursrecht, 
471, ECLI:NL:RBZWB:2025:6919, Civiel recht, Personen- en familierecht
472, ECLI:NL:GHARL:2025:6828, Strafrecht, Strafprocesrecht
473, ECLI:NL:RBZWB:2025:7466, Bestuursrecht, 
474, ECLI:NL:RBDHA:2025:20678, Bestuursrecht, Vreemdelingenrecht
475, ECLI:NL:RBZWB:2025:6903, Civiel recht, Personen- en familierecht
476, ECLI:NL:RBZWB:2025:6893, Civiel recht, Personen- en familierecht
477, ECLI:NL:RBZWB:2025:7468, Bestuursrecht, 
478, ECLI:NL:RBROT:2025:12937, Strafrecht, 
479, ECLI:NL:RBZWB:2025:6868, Civiel recht, Personen- en familierecht
480, ECLI:NL:RBZWB:2025:6846, Civiel recht, Personen- en familierecht
481, ECLI:NL:RBDHA:2025:20682, Bestuursrecht, Vreemdelingenrecht
482, ECLI:NL:RBZWB:2025:6844, Civiel recht, Personen- en familierecht
483, ECLI:NL:RBDHA:2025:20681, Bestuursrecht, Vreemdelingenrecht
484, ECLI:NL:RBDHA:2025:20680, Bestuursrecht, Vreemdelingenrecht
485, ECLI:NL:RBDHA:2025:20679, Bestuursrecht, Vreemdelingenrecht
486, ECLI:NL:RBDHA:2025:20677, Bestuursrecht, Vreemdelingenrecht
487, ECLI:NL:RBDHA:2025:20668, Bestuursrecht, Vreemdelingenrecht
488, ECLI:NL:RVS:2025:5349, Bestuursrecht, 
489, ECLI:NL:RBLIM:2025:10790, Civiel recht, 
490, ECLI:NL:RBDHA:2025:20642, Bestuursrecht, Vreemdelingenrecht
491, ECLI:NL:RBMNE:2025:5451, Civiel recht, Verbintenissenrecht
492, ECLI:NL:RBMNE:2025:5478, Civiel recht, Personen- en familierecht
493, ECLI:NL:RBMNE:2025:5458, Bestuursrecht, Belastingrecht
494, ECLI:NL:RBDHA:2025:20675, Bestuursrecht, Vreemdelingenrecht
495, ECLI:NL:RBDHA:2025:20674, Bestuursrecht, Vreemdelingenrecht
496, ECLI:NL:RBZWB:2025:7589, Strafrecht, 
497, ECLI:NL:RBDHA:2025:20673, Bestuursrecht, Vreemdelingenrecht
498, ECLI:NL:RBROT:2025:12936, Strafrecht, 
499, ECLI:NL:RBZWB:2025:7590, Strafrecht, 
500, ECLI:NL:RBDHA:2025:20672, Bestuursrecht, Vreemdelingenrecht
501, ECLI:NL:RBDHA:2025:20671, Bestuursrecht, Vreemdelingenrecht
502, ECLI:NL:RBZWB:2025:7553, Strafrecht, 
503, ECLI:NL:RBMNE:2025:5467, Bestuursrecht, Bestuursprocesrecht
504, ECLI:NL:RBZWB:2025:7552, Strafrecht, 
505, ECLI:NL:RBMNE:2025:5468, Bestuursrecht, Bestuursprocesrecht
506, ECLI:NL:RBDHA:2025:20669, Bestuursrecht, Vreemdelingenrecht
507, ECLI:NL:RBAMS:2025:8305, Strafrecht, Europees strafrecht
508, ECLI:NL:RBMNE:2025:5469, Bestuursrecht, Bestuursprocesrecht
509, ECLI:NL:RBAMS:2025:8306, Strafrecht, Europees strafrecht
510, ECLI:NL:RBDHA:2025:20666, Bestuursrecht, Vreemdelingenrecht
511, ECLI:NL:RBMNE:2025:5470, Bestuursrecht, Bestuursprocesrecht
512, ECLI:NL:RBDHA:2025:20667, Bestuursrecht, Vreemdelingenrecht
513, ECLI:NL:GHARL:2025:6452, Strafrecht, Strafprocesrecht
514, ECLI:NL:RBNNE:2025:4575, Bestuursrecht, 
515, ECLI:NL:GHARL:2025:6451, Strafrecht, Strafprocesrecht
516, ECLI:NL:RBMNE:2025:5471, Bestuursrecht, Bestuursprocesrecht
517, ECLI:NL:RBDHA:2025:20226, Bestuursrecht, Vreemdelingenrecht
518, ECLI:NL:RBMNE:2025:5472, Bestuursrecht, Bestuursprocesrecht
519, ECLI:NL:RBMNE:2023:7788, Civiel recht, Personen- en familierecht
520, ECLI:NL:RBMNE:2025:5473, Bestuursrecht, Bestuursprocesrecht
521, ECLI:NL:RBDHA:2025:20460, Civiel recht, Verbintenissenrecht
522, ECLI:NL:RBDHA:2025:20665, Bestuursrecht, Vreemdelingenrecht
523, ECLI:NL:RBDHA:2025:20664, Bestuursrecht, Vreemdelingenrecht
524, ECLI:NL:RBMNE:2022:6640, Civiel recht, Personen- en familierecht
525, ECLI:NL:RBDHA:2025:20662, Bestuursrecht, Vreemdelingenrecht
526, ECLI:NL:RBONE:2013:BZ6422, Civiel recht, 
527, ECLI:NL:RBONE:2013:BZ5803, Civiel recht, 
528, ECLI:NL:RBONE:2013:BZ5108, Civiel recht, 
529, ECLI:NL:RBONE:2013:BZ5508, Civiel recht, 
530, ECLI:NL:RBONE:2013:BZ3457, Civiel recht, 
531, ECLI:NL:RBONE:2013:BZ3804, Civiel recht, 
532, ECLI:NL:RBONE:2013:BZ3250, Civiel recht, 
533, ECLI:NL:RBONE:2013:BZ2921, Civiel recht, 
534, ECLI:NL:RBONE:2013:BZ2594, Civiel recht, 
535, ECLI:NL:RBONE:2013:BZ2738, Civiel recht, 
536, ECLI:NL:RBONE:2013:BZ1980, Civiel recht, 
537, ECLI:NL:RBONE:2013:BZ1987, Civiel recht, 
538, ECLI:NL:RBONE:2013:BZ0907, Civiel recht, 
539, ECLI:NL:RBONE:2013:BZ1867, Civiel recht, 
540, ECLI:NL:RBONE:2013:BZ1789, Civiel recht, 
541, ECLI:NL:RBONE:2013:BZ1798, Civiel recht, 
542, ECLI:NL:RBONE:2013:BZ1359, Civiel recht, 
543, ECLI:NL:RBONE:2013:BZ2859, Civiel recht, 
544, ECLI:NL:RBONE:2013:BZ1535, Civiel recht, 
545, ECLI:NL:RBONE:2013:BZ1362, Civiel recht, 
546, ECLI:NL:RBONE:2013:BZ0652, Civiel recht, 
547, ECLI:NL:RBONE:2013:BZ0741, Civiel recht, 
548, ECLI:NL:RBONE:2013:BZ0940, Civiel recht, 
549, ECLI:NL:RBONE:2013:BZ0922, Civiel recht, 
550, ECLI:NL:RBONE:2013:BZ0668, Civiel recht, 
551, ECLI:NL:RBONE:2013:BZ0419, Civiel recht, 
552, ECLI:NL:RBONE:2013:BY9847, Civiel recht, 
553, ECLI:NL:RBONE:2013:BY9269, Civiel recht, 
554, ECLI:NL:RBONE:2013:BY9640, Civiel recht, 
555, ECLI:NL:RBONE:2013:BY8804, Civiel recht, 
556, ECLI:NL:RBONE:2013:BY8852, Civiel recht, 
557, ECLI:NL:RBONE:2013:BY8037, Civiel recht, 
558, ECLI:NL:RBDHA:2025:20661, Bestuursrecht, Vreemdelingenrecht
559, ECLI:NL:RBROT:2025:12935, Strafrecht, 
560, ECLI:NL:RBDHA:2025:20660, Bestuursrecht, Vreemdelingenrecht
561, ECLI:NL:RBDHA:2025:20659, Bestuursrecht, Vreemdelingenrecht
562, ECLI:NL:RBDHA:2025:20658, Bestuursrecht, Vreemdelingenrecht
563, ECLI:NL:RBNHO:2025:12488, Civiel recht, Verbintenissenrecht
564, ECLI:NL:RBDHA:2025:20657, Bestuursrecht, Vreemdelingenrecht
565, ECLI:NL:RBDHA:2025:20656, Bestuursrecht, Vreemdelingenrecht
566, ECLI:NL:RBDHA:2025:20655, Bestuursrecht, Vreemdelingenrecht
567, ECLI:NL:RBDHA:2025:20654, Bestuursrecht, Vreemdelingenrecht
568, ECLI:NL:RBDHA:2025:20653, Bestuursrecht, Vreemdelingenrecht
569, ECLI:NL:RBMNE:2025:5271, Civiel recht, Personen- en familierecht
570, ECLI:NL:RBROT:2025:10970, Civiel recht, Verbintenissenrecht
571, ECLI:NL:RBDHA:2025:20556, Bestuursrecht, Vreemdelingenrecht
572, ECLI:NL:RBGEL:2025:8769, Civiel recht, Personen- en familierecht
573, ECLI:NL:GHDHA:2025:2169, Civiel recht, Personen- en familierecht
574, ECLI:NL:RBMNE:2025:5759, Bestuursrecht, 
575, ECLI:NL:RBAMS:2025:6692, Civiel recht, Verbintenissenrecht
576, ECLI:NL:RBLIM:2025:10789, Civiel recht, 
577, ECLI:NL:RBDHA:2025:20022, Civiel recht, 
578, ECLI:NL:RBLIM:2025:10787, Civiel recht, 
579, ECLI:NL:RBLIM:2025:10786, Civiel recht, 
580, ECLI:NL:RBLIM:2025:10784, Civiel recht, 
581, ECLI:NL:OGEAA:2025:321, Civiel recht, 
582, ECLI:NL:RBAMS:2025:6242, Bestuursrecht, Belastingrecht
583, ECLI:NL:RBAMS:2025:6241, Bestuursrecht, Belastingrecht
584, ECLI:NL:RBAMS:2025:6239, Bestuursrecht, Belastingrecht
585, ECLI:NL:RBAMS:2025:6237, Bestuursrecht, Belastingrecht
586, ECLI:NL:RBAMS:2025:6236, Bestuursrecht, Belastingrecht
587, ECLI:NL:RBAMS:2025:6234, Bestuursrecht, 
588, ECLI:NL:RBAMS:2025:6229, Bestuursrecht, 
589, ECLI:NL:RBMNE:2025:5657, Civiel recht, Intellectueel-eigendomsrecht
590, ECLI:NL:RBAMS:2025:6182, Bestuursrecht, Socialezekerheidsrecht
591, ECLI:NL:OGHACMB:2025:265, Bestuursrecht, Vreemdelingenrecht
592, ECLI:NL:RBAMS:2025:6143, Bestuursrecht, 
593, ECLI:NL:OGHACMB:2025:264, Bestuursrecht, 
594, ECLI:NL:RBDHA:2025:19472, Bestuursrecht, Vreemdelingenrecht
595, ECLI:NL:RBAMS:2018:10181, Civiel recht, 
596, ECLI:NL:RBNHO:2025:12393, Civiel recht, Arbeidsrecht
597, ECLI:NL:RBNHO:2025:12360, Civiel recht, Arbeidsrecht
598, ECLI:NL:RBNHO:2025:12419, Civiel recht, Verbintenissenrecht
599, ECLI:NL:RBDHA:2025:20094, Bestuursrecht, Vreemdelingenrecht
600, ECLI:NL:RBGEL:2025:9144, Bestuursrecht, Omgevingsrecht
601, ECLI:NL:RBNHO:2025:12301, Civiel recht, Verbintenissenrecht
602, ECLI:NL:RBGEL:2025:9141, Bestuursrecht, Omgevingsrecht
603, ECLI:NL:RBROT:2025:12880, Civiel recht, Personen- en familierecht
604, ECLI:NL:GHDHA:2025:2282, Strafrecht, 
605, ECLI:NL:OGHACMB:2025:263, Bestuursrecht, Vreemdelingenrecht
606, ECLI:NL:GHDHA:2025:2288, Strafrecht, 
607, ECLI:NL:RBDHA:2024:18006, Bestuursrecht, Belastingrecht
608, ECLI:NL:GHSHE:2025:2779, Bestuursrecht, Belastingrecht
609, ECLI:NL:RBGEL:2025:9132, Bestuursrecht, Belastingrecht
610, ECLI:NL:RBAMS:2025:7178, Bestuursrecht, Belastingrecht
611, ECLI:NL:RBGEL:2025:9142, Bestuursrecht, Belastingrecht
612, ECLI:NL:GHSHE:2025:2782, Bestuursrecht, Belastingrecht
613, ECLI:NL:RBZWB:2025:7242, Bestuursrecht, Belastingrecht
614, ECLI:NL:RBAMS:2025:7585, Bestuursrecht, Belastingrecht
615, ECLI:NL:GHSHE:2025:2778, Bestuursrecht, Belastingrecht
616, ECLI:NL:GHSHE:2025:2781, Bestuursrecht, Belastingrecht
617, ECLI:NL:GHSHE:2025:2780, Bestuursrecht, Belastingrecht
618, ECLI:NL:RBZWB:2025:7252, Bestuursrecht, Belastingrecht
619, ECLI:NL:OGHACMB:2025:262, Bestuursrecht, 
620, ECLI:NL:OGHACMB:2025:261, Bestuursrecht, 
621, ECLI:NL:RBMNE:2025:5665, Civiel recht, Personen- en familierecht
622, ECLI:NL:OGHACMB:2025:260, Bestuursrecht, Vreemdelingenrecht
623, ECLI:NL:RBNNE:2025:4533, Strafrecht, Materieel strafrecht
624, ECLI:NL:GHDHA:2025:2144, Bestuursrecht, Belastingrecht
625, ECLI:NL:RBMNE:2025:5726, Strafrecht, 
626, ECLI:NL:GHDHA:2025:2303, Strafrecht, 
627, ECLI:NL:RBROT:2025:12873, Civiel recht, Verbintenissenrecht
628, ECLI:NL:OGHACMB:2025:259, Bestuursrecht, Vreemdelingenrecht
629, ECLI:NL:RBNHO:2024:10912, Bestuursrecht, Belastingrecht
630, ECLI:NL:GHARL:2025:6040, Strafrecht, Strafprocesrecht
631, ECLI:NL:GHARL:2025:6039, Strafrecht, Strafprocesrecht
632, ECLI:NL:GHARL:2025:6042, Strafrecht, Strafprocesrecht
633, ECLI:NL:RBNNE:2025:4566, Strafrecht, Materieel strafrecht
634, ECLI:NL:RBROT:2025:12871, Civiel recht, Personen- en familierecht
635, ECLI:NL:RBNNE:2025:4574, Strafrecht, Materieel strafrecht
636, ECLI:NL:OGHACMB:2025:258, Bestuursrecht, Omgevingsrecht
637, ECLI:NL:GHARL:2025:6884, Strafrecht, Strafprocesrecht
638, ECLI:NL:RVS:2025:5096, Bestuursrecht, 
639, ECLI:NL:GHDHA:2025:2302, Strafrecht, 
640, ECLI:NL:RBNHO:2025:6574, Civiel recht, Verbintenissenrecht
641, ECLI:NL:RBDHA:2025:20626, Bestuursrecht, Vreemdelingenrecht
642, ECLI:NL:RBDHA:2025:20629, Bestuursrecht, Vreemdelingenrecht
643, ECLI:NL:RBDHA:2025:20628, Bestuursrecht, Vreemdelingenrecht
644, ECLI:NL:GHARL:2025:6166, Civiel recht, 
645, ECLI:NL:RBDHA:2025:20627, Bestuursrecht, Vreemdelingenrecht
646, ECLI:NL:RBDHA:2025:20625, Bestuursrecht, Vreemdelingenrecht
647, ECLI:NL:GHARL:2025:6491, Civiel recht, Personen- en familierecht
648, ECLI:NL:GHSHE:2025:3033, Strafrecht, 
649, ECLI:NL:RBOBR:2023:605, Strafrecht, 
650, ECLI:NL:RBOVE:2025:4716, Civiel recht, 
651, ECLI:NL:GHARL:2025:6566, Civiel recht, Personen- en familierecht
652, ECLI:NL:GHARL:2025:6492, Civiel recht, Personen- en familierecht
653, ECLI:NL:RBGEL:2025:7219, Civiel recht, 
654, ECLI:NL:RBDHA:2025:20624, Bestuursrecht, Vreemdelingenrecht
655, ECLI:NL:RBDHA:2025:20623, Bestuursrecht, Vreemdelingenrecht
656, ECLI:NL:RBDHA:2025:20622, Bestuursrecht, Vreemdelingenrecht
657, ECLI:NL:RBDHA:2025:20619, Bestuursrecht, Vreemdelingenrecht
658, ECLI:NL:RBAMS:2025:7733, Strafrecht, Europees strafrecht
659, ECLI:NL:GHARL:2025:6885, Strafrecht, 
660, ECLI:NL:RBDHA:2025:20618, Bestuursrecht, Vreemdelingenrecht
661, ECLI:NL:RBDHA:2025:20617, Bestuursrecht, Vreemdelingenrecht
662, ECLI:NL:RBDHA:2025:20616, Bestuursrecht, Vreemdelingenrecht
663, ECLI:NL:RBDHA:2025:20615, Bestuursrecht, Vreemdelingenrecht
664, ECLI:NL:RBDHA:2025:20614, Bestuursrecht, Vreemdelingenrecht
665, ECLI:NL:RBDHA:2025:20613, Bestuursrecht, Vreemdelingenrecht
666, ECLI:NL:RBDHA:2025:20609, Bestuursrecht, Vreemdelingenrecht
667, ECLI:NL:RBDHA:2025:20531, Strafrecht, 
668, ECLI:NL:OGEABES:2015:7, Civiel recht, 
669, ECLI:NL:RBDHA:2025:20608, Bestuursrecht, Vreemdelingenrecht
670, ECLI:NL:RBDHA:2025:20607, Bestuursrecht, Vreemdelingenrecht
671, ECLI:NL:RBDHA:2025:20606, Bestuursrecht, Vreemdelingenrecht
672, ECLI:NL:RBDHA:2025:20605, Bestuursrecht, Vreemdelingenrecht
673, ECLI:NL:RBDHA:2025:20604, Bestuursrecht, Vreemdelingenrecht
674, ECLI:NL:RBDHA:2025:20603, Bestuursrecht, Vreemdelingenrecht
675, ECLI:NL:RBDHA:2025:20600, Bestuursrecht, Vreemdelingenrecht
676, ECLI:NL:RBDHA:2025:20589, Bestuursrecht, Vreemdelingenrecht
677, ECLI:NL:RBROT:2025:12916, Strafrecht, 
678, ECLI:NL:RBDHA:2025:20588, Bestuursrecht, Vreemdelingenrecht
679, ECLI:NL:RBDHA:2025:20587, Bestuursrecht, Vreemdelingenrecht
680, ECLI:NL:RBDHA:2025:20586, Bestuursrecht, Vreemdelingenrecht
681, ECLI:NL:RBDHA:2025:20585, Bestuursrecht, Vreemdelingenrecht
682, ECLI:NL:RBDHA:2025:20583, Bestuursrecht, Vreemdelingenrecht
683, ECLI:NL:RBDHA:2025:20581, Bestuursrecht, Vreemdelingenrecht
684, ECLI:NL:RBDHA:2025:20580, Bestuursrecht, Vreemdelingenrecht
685, ECLI:NL:RBDHA:2025:20579, Bestuursrecht, Vreemdelingenrecht
686, ECLI:NL:RBDHA:2025:20577, Bestuursrecht, Vreemdelingenrecht
687, ECLI:NL:RBLIM:2025:10882, Strafrecht, 
688, ECLI:NL:RBLIM:2025:10872, Strafrecht, 
689, ECLI:NL:RBDHA:2025:20575, Bestuursrecht, Vreemdelingenrecht
690, ECLI:NL:GHDHA:2025:2301, Strafrecht, 
691, ECLI:NL:RBDHA:2025:20574, Bestuursrecht, Vreemdelingenrecht
692, ECLI:NL:RBDHA:2025:20573, Bestuursrecht, Vreemdelingenrecht
693, ECLI:NL:RBDHA:2025:20570, Bestuursrecht, Vreemdelingenrecht
694, ECLI:NL:RBDHA:2025:20569, Bestuursrecht, Vreemdelingenrecht
695, ECLI:NL:CRVB:2025:1548, Bestuursrecht, Socialezekerheidsrecht
696, ECLI:NL:RBROT:2025:12750, Bestuursrecht, Bestuursprocesrecht
697, ECLI:NL:RBOVE:2025:5789, Civiel recht, 
698, ECLI:NL:CRVB:2025:1553, Bestuursrecht, Socialezekerheidsrecht
699, ECLI:NL:GHDHA:2025:2300, Strafrecht, 
700, ECLI:NL:CRVB:2025:1555, Bestuursrecht, Socialezekerheidsrecht
701, ECLI:NL:RBDHA:2025:20564, Bestuursrecht, Vreemdelingenrecht
702, ECLI:NL:CRVB:2025:1556, Bestuursrecht, Socialezekerheidsrecht
703, ECLI:NL:RBDHA:2025:20563, Bestuursrecht, Vreemdelingenrecht
704, ECLI:NL:CRVB:2025:1565, Bestuursrecht, Socialezekerheidsrecht
705, ECLI:NL:RBDHA:2025:20562, Bestuursrecht, Vreemdelingenrecht
706, ECLI:NL:RBDHA:2025:20560, Bestuursrecht, Vreemdelingenrecht
707, ECLI:NL:CRVB:2025:1535, Bestuursrecht, Socialezekerheidsrecht
708, ECLI:NL:RBDHA:2025:20559, Bestuursrecht, Vreemdelingenrecht
709, ECLI:NL:RBDHA:2025:20558, Bestuursrecht, Vreemdelingenrecht
710, ECLI:NL:GHARL:2025:6495, Civiel recht, Personen- en familierecht
711, ECLI:NL:CRVB:2025:1536, Bestuursrecht, Socialezekerheidsrecht
712, ECLI:NL:RBDHA:2025:20557, Bestuursrecht, Vreemdelingenrecht
713, ECLI:NL:CRVB:2025:1537, Bestuursrecht, Socialezekerheidsrecht
714, ECLI:NL:RBDHA:2025:20554, Bestuursrecht, Vreemdelingenrecht
715, ECLI:NL:CRVB:2025:1546, Bestuursrecht, Socialezekerheidsrecht
716, ECLI:NL:CRVB:2025:1567, Bestuursrecht, Socialezekerheidsrecht
717, ECLI:NL:CRVB:2025:1568, Bestuursrecht, Socialezekerheidsrecht
718, ECLI:NL:RBROT:2025:12872, Civiel recht, Personen- en familierecht
719, ECLI:NL:RBDHA:2025:20553, Bestuursrecht, Vreemdelingenrecht
720, ECLI:NL:RBDHA:2025:20552, Bestuursrecht, Vreemdelingenrecht
721, ECLI:NL:CRVB:2025:1573, Bestuursrecht, Socialezekerheidsrecht
722, ECLI:NL:RBDHA:2025:20551, Bestuursrecht, Vreemdelingenrecht
723, ECLI:NL:RBGEL:2025:9102, Civiel recht, 
724, ECLI:NL:RBDHA:2025:20550, Bestuursrecht, Vreemdelingenrecht
725, ECLI:NL:RBDHA:2025:20549, Bestuursrecht, Vreemdelingenrecht
726, ECLI:NL:RBDHA:2025:20547, Bestuursrecht, Vreemdelingenrecht
727, ECLI:NL:RBDHA:2025:19514, Bestuursrecht, Belastingrecht
728, ECLI:NL:RBDHA:2025:20546, Bestuursrecht, Vreemdelingenrecht
729, ECLI:NL:RBDHA:2025:20539, Bestuursrecht, Vreemdelingenrecht
730, ECLI:NL:RBAMS:2025:8213, Strafrecht, 
731, ECLI:NL:RBROT:2025:12890, Strafrecht, 
732, ECLI:NL:RBROT:2025:12861, Civiel recht, 
733, ECLI:NL:CRVB:2025:1569, Bestuursrecht, Socialezekerheidsrecht
734, ECLI:NL:RBDHA:2025:20530, Bestuursrecht, Vreemdelingenrecht
735, ECLI:NL:RBMNE:2025:5756, Bestuursrecht, 
736, ECLI:NL:GHDHA:2025:2299, Strafrecht, 
737, ECLI:NL:RBLIM:2025:10687, Civiel recht, Arbeidsrecht
738, ECLI:NL:RBMNE:2025:2026, Civiel recht, Personen- en familierecht
739, ECLI:NL:CRVB:2025:1581, Bestuursrecht, Socialezekerheidsrecht
740, ECLI:NL:CRVB:2025:1557, Bestuursrecht, Socialezekerheidsrecht
741, ECLI:NL:CRVB:2025:1541, Bestuursrecht, Socialezekerheidsrecht
742, ECLI:NL:CRVB:2025:1576, Bestuursrecht, Socialezekerheidsrecht
743, ECLI:NL:RBLIM:2025:10665, Civiel recht, Personen- en familierecht
744, ECLI:NL:OGHACMB:2025:235, Civiel recht, 
745, ECLI:NL:GHSHE:2025:1844, Civiel recht, Verbintenissenrecht
746, ECLI:NL:GHSHE:2025:2685, Civiel recht, 
747, ECLI:NL:RBROT:2025:11454, Civiel recht, 
748, ECLI:NL:RBROT:2025:11476, Civiel recht, 
749, ECLI:NL:RBDHA:2025:17980, Civiel recht, 
750, ECLI:NL:OGEAA:2025:275, Civiel recht, 
751, ECLI:NL:RBMNE:2025:5197, Civiel recht, 
752, ECLI:NL:RBZWB:2025:6324, Civiel recht, 
753, ECLI:NL:OGHACMB:2025:241, Civiel recht, 
754, ECLI:NL:RBOBR:2025:7174, Strafrecht, 
755, ECLI:NL:RBROT:2025:12860, Civiel recht, Burgerlijk procesrecht
756, ECLI:NL:RBLIM:2025:10890, Civiel recht, Insolventierecht
757, ECLI:NL:RBDHA:2025:20518, Strafrecht, 
758, ECLI:NL:RBDHA:2025:20217, Civiel recht, Personen- en familierecht
759, ECLI:NL:RBAMS:2025:8322, Strafrecht, 
760, ECLI:NL:CRVB:2025:1538, Bestuursrecht, Ambtenarenrecht
761, ECLI:NL:CRVB:2025:1528, Bestuursrecht, Ambtenarenrecht
762, ECLI:NL:RBAMS:2025:8223, Civiel recht, 
763, ECLI:NL:RBDHA:2025:19225, Bestuursrecht, Belastingrecht
764, ECLI:NL:RBNHO:2025:10749, Bestuursrecht, Belastingrecht
765, ECLI:NL:GHSHE:2025:2369, Bestuursrecht, Belastingrecht
766, ECLI:NL:RBLIM:2025:10627, Civiel recht, 
767, ECLI:NL:RBOBR:2025:7035, Strafrecht, 
768, ECLI:NL:RBDHA:2025:20279, Bestuursrecht, Vreemdelingenrecht
769, ECLI:NL:RBDHA:2025:20278, Bestuursrecht, Vreemdelingenrecht
770, ECLI:NL:HR:1992:AC2505, Strafrecht, 
771, ECLI:NL:RBDHA:2025:20277, Bestuursrecht, Vreemdelingenrecht
772, ECLI:NL:RBDHA:2025:20505, Civiel recht, Personen- en familierecht
773, ECLI:NL:RVS:2025:5037, Bestuursrecht, Omgevingsrecht
774, ECLI:NL:RBDHA:2025:20276, Bestuursrecht, Vreemdelingenrecht
775, ECLI:NL:GHDHA:2025:2194, Strafrecht, 
776, ECLI:NL:RBNHO:2025:5472, Civiel recht, Verbintenissenrecht
777, ECLI:NL:RBOVE:2025:6380, Civiel recht, Personen- en familierecht
778, ECLI:NL:RBDHA:2025:20288, Bestuursrecht, Vreemdelingenrecht
779, ECLI:NL:RBAMS:2025:8346, Strafrecht, Internationaal strafrecht
780, ECLI:NL:GHAMS:2025:2992, Civiel recht, 
781, ECLI:NL:RBOBR:2025:7195, Civiel recht, Personen- en familierecht
782, ECLI:NL:RBOBR:2025:7200, Civiel recht, 
783, ECLI:NL:RBOBR:2025:7202, Civiel recht, 
784, ECLI:NL:RBOBR:2025:7203, Civiel recht, Personen- en familierecht
785, ECLI:NL:GHDHA:2025:2297, Strafrecht, 
786, ECLI:NL:RBDHA:2025:19986, Bestuursrecht, Vreemdelingenrecht
787, ECLI:NL:RBOBR:2025:7201, Civiel recht, 
788, ECLI:NL:RBOBR:2025:7199, Civiel recht, 
789, ECLI:NL:RBOBR:2025:7197, Civiel recht, Personen- en familierecht
790, ECLI:NL:RBOBR:2025:7198, Civiel recht, 
791, ECLI:NL:RBOBR:2025:7204, Strafrecht, 
792, ECLI:NL:RBDHA:2025:19926, Bestuursrecht, Vreemdelingenrecht
793, ECLI:NL:RBOBR:2025:7205, Bestuursrecht, 
794, ECLI:NL:GHARL:2025:5499, Civiel recht, 
795, ECLI:NL:RBOBR:2025:7206, Civiel recht, 
796, ECLI:NL:GHSHE:2025:1845, Civiel recht, Verbintenissenrecht
797, ECLI:NL:RBZWB:2025:6635, Civiel recht, 
798, ECLI:NL:OGEABES:2025:30, Civiel recht, 
799, ECLI:NL:RBGEL:2025:6584, Civiel recht, 
800, ECLI:NL:RBZWB:2025:6579, Civiel recht, 
801, ECLI:NL:RBLIM:2025:10157, Civiel recht, 
802, ECLI:NL:GHSHE:2025:2002, Civiel recht, 
803, ECLI:NL:RBROT:2025:11178, Civiel recht, Verbintenissenrecht
804, ECLI:NL:RBROT:2025:11383, Civiel recht, 
805, ECLI:NL:RBOVE:2025:6001, Civiel recht, 
806, ECLI:NL:RBNHO:2025:10626, Civiel recht, Arbeidsrecht
807, ECLI:NL:OGEAC:2025:203, Civiel recht, 
808, ECLI:NL:GHAMS:2025:2684, Civiel recht, Personen- en familierecht
809, ECLI:NL:GHDHA:2025:2052, Civiel recht, Personen- en familierecht
810, ECLI:NL:GHAMS:2025:2633, Civiel recht, 
811, ECLI:NL:RBROT:2025:11869, Civiel recht, 
812, ECLI:NL:RBAMS:2025:8347, Strafrecht, Internationaal strafrecht
813, ECLI:NL:RBAMS:2025:8345, Strafrecht, Internationaal strafrecht
814, ECLI:NL:GHDHA:2025:2165, Civiel recht, Arbeidsrecht
815, ECLI:NL:RBAMS:2025:7586, Bestuursrecht, Bestuursprocesrecht
816, ECLI:NL:GHARL:2025:6384, Civiel recht, 
817, ECLI:NL:RBNHO:2025:12664, Civiel recht, Personen- en familierecht
818, ECLI:NL:RBMNE:2023:7789, Civiel recht, 
819, ECLI:NL:RBMNE:2022:6641, Civiel recht, Verbintenissenrecht
820, ECLI:NL:RBAMS:2025:7584, Bestuursrecht, Belastingrecht
821, ECLI:NL:RBAMS:2025:8211, Bestuursrecht, Bestuursprocesrecht
822, ECLI:NL:RBZWB:2025:7429, Bestuursrecht, Belastingrecht
823, ECLI:NL:RBZWB:2025:7401, Bestuursrecht, Belastingrecht
824, ECLI:NL:GHARL:2025:5980, Civiel recht, Insolventierecht
825, ECLI:NL:RBDHA:2025:20509, Civiel recht, Verbintenissenrecht
826, ECLI:NL:GHARL:2025:5979, Civiel recht, Personen- en familierecht
827, ECLI:NL:GHARL:2025:5535, Civiel recht, Insolventierecht
828, ECLI:NL:GHARL:2025:4497, Civiel recht, Insolventierecht
829, ECLI:NL:GHARL:2025:4888, Civiel recht, 
830, ECLI:NL:RBGEL:2025:8859, Civiel recht, Verbintenissenrecht
831, ECLI:NL:RBAMS:2025:7544, Bestuursrecht, Bestuursstrafrecht
832, ECLI:NL:RBAMS:2025:7543, Bestuursrecht, Bestuursprocesrecht
833, ECLI:NL:RBNNE:2025:4565, Civiel recht, 
834, ECLI:NL:RBZWB:2025:7400, Bestuursrecht, Belastingrecht
835, ECLI:NL:RBNNE:2025:4548, Bestuursrecht, Bestuursstrafrecht
836, ECLI:NL:RBNNE:2025:4546, Bestuursrecht, Bestuursstrafrecht
837, ECLI:NL:RBNNE:2025:4547, Bestuursrecht, Bestuursstrafrecht
838, ECLI:NL:RBZWB:2025:7402, Bestuursrecht, Belastingrecht
839, ECLI:NL:GHDHA:2025:2198, Strafrecht, 
840, ECLI:NL:RBZWB:2025:7403, Bestuursrecht, Belastingrecht
841, ECLI:NL:RBAMS:2025:7381, Bestuursrecht, Omgevingsrecht
842, ECLI:NL:RBZWB:2025:7450, Bestuursrecht, Bestuursprocesrecht
843, ECLI:NL:RBZWB:2025:7399, Bestuursrecht, Belastingrecht
844, ECLI:NL:GHDHA:2025:2143, Bestuursrecht, Belastingrecht
845, ECLI:NL:RBAMS:2025:7374, Bestuursrecht, Bestuursprocesrecht
846, ECLI:NL:RBZWB:2025:7255, Bestuursrecht, Belastingrecht
847, ECLI:NL:RBNHO:2025:12655, Civiel recht, Personen- en familierecht
848, ECLI:NL:HR:2025:1646, Strafrecht, 
849, ECLI:NL:RBNHO:2025:12287, Civiel recht, Arbeidsrecht
850, ECLI:NL:GHSHE:2025:2061, Civiel recht, Verbintenissenrecht
851, ECLI:NL:RBZWB:2025:7256, Bestuursrecht, Belastingrecht
852, ECLI:NL:GHDHA:2025:2296, Strafrecht, 
853, ECLI:NL:RBNHO:2025:6516, Civiel recht, Verbintenissenrecht
854, ECLI:NL:RBZWB:2025:7257, Bestuursrecht, Belastingrecht
855, ECLI:NL:RBZWB:2025:7260, Bestuursrecht, Belastingrecht
856, ECLI:NL:RBZWB:2025:7258, Bestuursrecht, Belastingrecht
857, ECLI:NL:RBDHA:2025:20524, Bestuursrecht, Vreemdelingenrecht
858, ECLI:NL:CRVB:2025:1518, Bestuursrecht, Socialezekerheidsrecht
859, ECLI:NL:GHAMS:2025:2991, Strafrecht, 
860, ECLI:NL:RBAMS:2022:3599, Strafrecht, 
861, ECLI:NL:RBROT:2025:12898, Civiel recht, 
862, ECLI:NL:RVS:2025:5265, Bestuursrecht, Vreemdelingenrecht
863, ECLI:NL:RVS:2025:5296, Bestuursrecht, 
864, ECLI:NL:RVS:2025:5275, Bestuursrecht, Vreemdelingenrecht
865, ECLI:NL:RVS:2025:5174, Bestuursrecht, Vreemdelingenrecht
866, ECLI:NL:RVS:2025:5339, Bestuursrecht, Omgevingsrecht
867, ECLI:NL:RVS:2025:5346, Bestuursrecht, 
868, ECLI:NL:RVS:2025:5264, Bestuursrecht, Vreemdelingenrecht
869, ECLI:NL:RVS:2025:5343, Bestuursrecht, 
870, ECLI:NL:RVS:2025:5325, Bestuursrecht, 
871, ECLI:NL:RVS:2025:5342, Bestuursrecht, 
872, ECLI:NL:RVS:2025:5307, Bestuursrecht, 
873, ECLI:NL:RVS:2025:5327, Bestuursrecht, 
874, ECLI:NL:RVS:2025:5054, Bestuursrecht, 
875, ECLI:NL:RVS:2025:5348, Bestuursrecht, 
876, ECLI:NL:RVS:2025:5289, Bestuursrecht, 
877, ECLI:NL:RVS:2025:5170, Bestuursrecht, Vreemdelingenrecht
878, ECLI:NL:RVS:2025:5172, Bestuursrecht, Vreemdelingenrecht
879, ECLI:NL:RVS:2025:5225, Bestuursrecht, Vreemdelingenrecht
880, ECLI:NL:RVS:2025:5163, Bestuursrecht, Vreemdelingenrecht
881, ECLI:NL:RVS:2025:5261, Bestuursrecht, Vreemdelingenrecht
882, ECLI:NL:RVS:2025:5260, Bestuursrecht, Vreemdelingenrecht
883, ECLI:NL:RVS:2025:5248, Bestuursrecht, Vreemdelingenrecht
884, ECLI:NL:RVS:2025:5279, Bestuursrecht, 
885, ECLI:NL:RVS:2025:5240, Bestuursrecht, Vreemdelingenrecht
886, ECLI:NL:RVS:2025:5167, Bestuursrecht, Vreemdelingenrecht
887, ECLI:NL:RVS:2025:5150, Bestuursrecht, Vreemdelingenrecht
888, ECLI:NL:RVS:2025:5168, Bestuursrecht, Vreemdelingenrecht
889, ECLI:NL:RVS:2025:5316, Bestuursrecht, 
890, ECLI:NL:RVS:2025:5218, Bestuursrecht, Vreemdelingenrecht
891, ECLI:NL:RVS:2025:5226, Bestuursrecht, Vreemdelingenrecht
892, ECLI:NL:RVS:2025:5326, Bestuursrecht, 
893, ECLI:NL:RVS:2025:5238, Bestuursrecht, 
894, ECLI:NL:RVS:2025:5220, Bestuursrecht, Vreemdelingenrecht
895, ECLI:NL:RVS:2025:5236, Bestuursrecht, 
896, ECLI:NL:RVS:2025:5237, Bestuursrecht, 
897, ECLI:NL:RVS:2025:5311, Bestuursrecht, 
898, ECLI:NL:RVS:2025:5131, Bestuursrecht, Vreemdelingenrecht
899, ECLI:NL:RVS:2025:5171, Bestuursrecht, Vreemdelingenrecht
900, ECLI:NL:RVS:2025:5149, Bestuursrecht, Vreemdelingenrecht
901, ECLI:NL:RVS:2025:5156, Bestuursrecht, Vreemdelingenrecht
902, ECLI:NL:RVS:2025:5175, Bestuursrecht, 
903, ECLI:NL:RVS:2025:5144, Bestuursrecht, Vreemdelingenrecht
904, ECLI:NL:RVS:2025:5320, Bestuursrecht, Vreemdelingenrecht
905, ECLI:NL:RVS:2025:5308, Bestuursrecht, Vreemdelingenrecht
906, ECLI:NL:RVS:2025:5224, Bestuursrecht, Vreemdelingenrecht
907, ECLI:NL:RVS:2025:5263, Bestuursrecht, Vreemdelingenrecht
908, ECLI:NL:RVS:2025:5324, Bestuursrecht, 
909, ECLI:NL:RVS:2025:5353, Bestuursrecht, 
910, ECLI:NL:RVS:2025:5162, Bestuursrecht, 
911, ECLI:NL:RVS:2025:5318, Bestuursrecht, 
912, ECLI:NL:RVS:2025:5258, Bestuursrecht, Vreemdelingenrecht
913, ECLI:NL:RVS:2025:5257, Bestuursrecht, Vreemdelingenrecht
914, ECLI:NL:RVS:2025:5291, Bestuursrecht, 
915, ECLI:NL:RVS:2025:5242, Bestuursrecht, 
916, ECLI:NL:RVS:2025:5321, Bestuursrecht, Vreemdelingenrecht
917, ECLI:NL:RVS:2025:5329, Bestuursrecht, 
918, ECLI:NL:RVS:2025:5328, Bestuursrecht, 
919, ECLI:NL:RVS:2025:5354, Bestuursrecht, 
920, ECLI:NL:RVS:2025:5356, Bestuursrecht, 
921, ECLI:NL:RVS:2025:5299, Bestuursrecht, 
922, ECLI:NL:RVS:2025:5319, Bestuursrecht, 
923, ECLI:NL:RVS:2025:5313, Bestuursrecht, 
924, ECLI:NL:RVS:2025:5315, Bestuursrecht, 
925, ECLI:NL:RVS:2025:5323, Bestuursrecht, 
926, ECLI:NL:RVS:2025:5158, Bestuursrecht, 
927, ECLI:NL:RVS:2025:5332, Bestuursrecht, Omgevingsrecht
928, ECLI:NL:RVS:2025:5334, Bestuursrecht, 
929, ECLI:NL:RVS:2025:5206, Bestuursrecht, 
930, ECLI:NL:RVS:2025:5344, Bestuursrecht, Omgevingsrecht
931, ECLI:NL:RVS:2025:5335, Bestuursrecht, 
932, ECLI:NL:RVS:2025:5223, Bestuursrecht, Vreemdelingenrecht
933, ECLI:NL:RVS:2025:5333, Bestuursrecht, 
934, ECLI:NL:RVS:2025:5314, Bestuursrecht, Omgevingsrecht
935, ECLI:NL:RVS:2025:5322, Bestuursrecht, 
936, ECLI:NL:RVS:2025:5312, Bestuursrecht, 
937, ECLI:NL:RVS:2025:5330, Bestuursrecht, 
938, ECLI:NL:RVS:2025:5159, Bestuursrecht, 
939, ECLI:NL:RVS:2025:5161, Bestuursrecht, 
940, ECLI:NL:RVS:2025:5336, Bestuursrecht, 
941, ECLI:NL:RVS:2025:5350, Bestuursrecht, 
942, ECLI:NL:RVS:2025:5351, Bestuursrecht, 
943, ECLI:NL:RVS:2025:5338, Bestuursrecht, 
944, ECLI:NL:RVS:2025:5341, Bestuursrecht, 
945, ECLI:NL:RVS:2025:5239, Bestuursrecht, Vreemdelingenrecht
946, ECLI:NL:RVS:2025:5331, Bestuursrecht, 
947, ECLI:NL:RVS:2025:5317, Bestuursrecht, 
948, ECLI:NL:RVS:2025:5306, Bestuursrecht, 
949, ECLI:NL:RVS:2025:5355, Bestuursrecht, 
950, ECLI:NL:RVS:2025:5345, Bestuursrecht, 
951, ECLI:NL:RVS:2025:5340, Bestuursrecht, 
952, ECLI:NL:RVS:2025:5337, Bestuursrecht, 
953, ECLI:NL:RVS:2025:5352, Bestuursrecht, 
954, ECLI:NL:RVS:2025:5347, Bestuursrecht, Omgevingsrecht
955, ECLI:NL:RVS:2025:5309, Bestuursrecht, Omgevingsrecht
956, ECLI:NL:RVS:2025:5310, Bestuursrecht, 
957, ECLI:NL:RVS:2025:5245, Bestuursrecht, 
958, ECLI:NL:GHSHE:2025:3027, Strafrecht, 
959, ECLI:NL:RBZWB:2025:7259, Bestuursrecht, Belastingrecht
960, ECLI:NL:RBZWB:2025:7261, Bestuursrecht, Belastingrecht
961, ECLI:NL:RBMNE:2025:5727, Bestuursrecht, Bestuursstrafrecht
962, ECLI:NL:RVS:2025:5188, Bestuursrecht, 
963, ECLI:NL:RBDHA:2025:20517, Bestuursrecht, Vreemdelingenrecht
964, ECLI:NL:GHSHE:2025:1795, Civiel recht, Burgerlijk procesrecht
965, ECLI:NL:RBZWB:2025:7262, Bestuursrecht, Belastingrecht
966, ECLI:NL:CRVB:2025:1310, Bestuursrecht, Socialezekerheidsrecht
967, ECLI:NL:RBDHA:2025:20501, Bestuursrecht, Vreemdelingenrecht
968, ECLI:NL:GHARL:2025:6613, Bestuursrecht, Belastingrecht
969, ECLI:NL:RBZWB:2025:7033, Bestuursrecht, Belastingrecht
970, ECLI:NL:RBZWB:2025:7250, Bestuursrecht, Belastingrecht
971, ECLI:NL:RBNNE:2025:4521, Strafrecht, Materieel strafrecht
972, ECLI:NL:RBROT:2025:12581, Civiel recht, Verbintenissenrecht
973, ECLI:NL:RBAMS:2025:7373, Bestuursrecht, Omgevingsrecht
974, ECLI:NL:RBNNE:2025:4520, Strafrecht, Materieel strafrecht
975, ECLI:NL:RBOBR:2025:7189, Bestuursrecht, 
976, ECLI:NL:RBZWB:2025:7253, Bestuursrecht, Belastingrecht
977, ECLI:NL:RBAMS:2025:7372, Bestuursrecht, Omgevingsrecht
978, ECLI:NL:RBNHO:2025:8987, Bestuursrecht, Belastingrecht
979, ECLI:NL:RBAMS:2025:3259, Bestuursrecht, Belastingrecht
980, ECLI:NL:HR:2025:1604, Bestuursrecht, Belastingrecht
981, ECLI:NL:RBDHA:2025:19489, Bestuursrecht, Socialezekerheidsrecht
982, ECLI:NL:RBDHA:2025:19490, Bestuursrecht, Socialezekerheidsrecht
983, ECLI:NL:RBDHA:2025:20508, Bestuursrecht, Vreemdelingenrecht
984, ECLI:NL:HR:2025:1615, Bestuursrecht, Belastingrecht
985, ECLI:NL:RBNHO:2025:10678, Bestuursrecht, Belastingrecht
986, ECLI:NL:RBNNE:2025:3046, Bestuursrecht, Belastingrecht
987, ECLI:NL:HR:2025:1595, Bestuursrecht, Belastingrecht
988, ECLI:NL:RBNNE:2025:3648, Bestuursrecht, Belastingrecht
989, ECLI:NL:GHAMS:2025:1673, Bestuursrecht, Belastingrecht
990, ECLI:NL:GHAMS:2025:1736, Bestuursrecht, Belastingrecht
991, ECLI:NL:HR:2025:1601, Bestuursrecht, Belastingrecht
992, ECLI:NL:GHDHA:2025:1826, Bestuursrecht, Belastingrecht
993, ECLI:NL:RBNHO:2025:9380, Bestuursrecht, Belastingrecht
994, ECLI:NL:RBNHO:2025:9926, Bestuursrecht, Belastingrecht
995, ECLI:NL:RBNHO:2025:9536, Bestuursrecht, Belastingrecht
996, ECLI:NL:HR:2025:1603, Bestuursrecht, Belastingrecht
997, ECLI:NL:HR:2025:1612, Bestuursrecht, Belastingrecht
998, ECLI:NL:RBMNE:2025:5440, Civiel recht, Arbeidsrecht
999, ECLI:NL:RBAMS:2025:3366, Bestuursrecht, Belastingrecht
1000, ECLI:NL:GHSHE:2025:2591, Bestuursrecht, Belastingrecht
1001, ECLI:NL:GHSHE:2025:1365, Civiel recht, Insolventierecht
1002, ECLI:NL:HR:2011:BP2975, Bestuursrecht, Belastingrecht
1003, ECLI:NL:RBAMS:2021:7910, Civiel recht, Verbintenissenrecht
1004, ECLI:NL:RVS:2018:3620, Bestuursrecht, 
1005, ECLI:NL:CRVB:2023:2195, Bestuursrecht, Socialezekerheidsrecht
1006, ECLI:NL:RVS:2024:939, Bestuursrecht, 
1007, ECLI:NL:RVS:2019:3382, Bestuursrecht, 
1008, ECLI:NL:HR:2016:2228, Civiel recht, 
1009, ECLI:NL:GHSHE:2015:1106, Civiel recht, Arbeidsrecht
1010, ECLI:NL:HR:2018:1810, Civiel recht, 
1011, ECLI:NL:RVS:2025:5131, Bestuursrecht, Vreemdelingenrecht
1012, ECLI:NL:HR:2025:987, Strafrecht, 
1013, ECLI:NL:HR:2024:775, Bestuursrecht, Belastingrecht
1014, ECLI:NL:RBDHA:2025:18903, Bestuursrecht, Vreemdelingenrecht
1015, ECLI:NL:RVS:2024:4648, Bestuursrecht, Vreemdelingenrecht
1016, ECLI:NL:HR:2022:640, Bestuursrecht, Belastingrecht
1017, ECLI:NL:RBDHA:2025:15892, Bestuursrecht, Vreemdelingenrecht
1018, ECLI:NL:RVS:2023:1698, Bestuursrecht, 
1019, ECLI:NL:RVS:2025:4361, Bestuursrecht, Vreemdelingenrecht
1020, ECLI:NL:GHAMS:2025:475, Bestuursrecht, Belastingrecht
1021, ECLI:NL:HR:2013:1211, Bestuursrecht, Belastingrecht
1022, ECLI:NL:HR:2024:1178, Bestuursrecht, Belastingrecht
1023, ECLI:NL:RBDHA:2025:14408, Strafrecht, 
1024, ECLI:NL:HR:2012:BY2665, Bestuursrecht, Belastingrecht
1025, ECLI:NL:RVS:2022:3352, Bestuursrecht, Vreemdelingenrecht
1026, ECLI:NL:HR:2021:504, Bestuursrecht, Belastingrecht
1027, ECLI:NL:GHARL:2023:5143, Civiel recht, Personen- en familierecht
1028, ECLI:NL:RVS:2025:5171, Bestuursrecht, Vreemdelingenrecht
1029, ECLI:NL:RVS:2023:3298, Bestuursrecht, 
1030, ECLI:NL:HR:2011:BP6285, Bestuursrecht, Belastingrecht
1031, ECLI:NL:RVS:2024:570, Bestuursrecht, Vreemdelingenrecht
1032, ECLI:NL:RVS:2019:120, Bestuursrecht, Vreemdelingenrecht
1033, ECLI:NL:HR:1981:AG4158, Civiel recht, 
1034, ECLI:NL:RVS:2024:4296, Bestuursrecht, Vreemdelingenrecht
1035, ECLI:NL:RVS:2020:3139, Bestuursrecht, 
1036, ECLI:NL:HR:2008:BD3167, Bestuursrecht, Belastingrecht
1037, ECLI:NL:RVS:2015:674, Bestuursrecht, Vreemdelingenrecht
1038, ECLI:NL:RVS:2025:5170, Bestuursrecht, Vreemdelingenrecht
1039, ECLI:NL:RVS:2023:4118, Bestuursrecht, 
1040, ECLI:NL:GHAMS:2009:BK4981, Civiel recht, 
1041, ECLI:NL:HR:2020:563, Strafrecht, 
1042, ECLI:NL:HR:2024:704, Bestuursrecht, Belastingrecht
1043, ECLI:NL:CRVB:2020:559, Bestuursrecht, Socialezekerheidsrecht
1044, ECLI:NL:HR:2016:1129, Bestuursrecht, Belastingrecht
1045, ECLI:NL:RBROT:2025:8380, Bestuursrecht, Bestuursprocesrecht
1046, ECLI:NL:HR:2021:227, Civiel recht, 
1047, ECLI:NL:HR:2025:1435, Internationaal publiekrecht, 
1048, ECLI:NL:HR:2018:1312, Bestuursrecht, Belastingrecht
1049, ECLI:NL:RVS:2019:665, Bestuursrecht, Vreemdelingenrecht
1050, ECLI:NL:RVS:2024:777, Bestuursrecht, Vreemdelingenrecht
1051, ECLI:NL:HR:1996:ZC2052, Civiel recht, 
1052, ECLI:NL:HR:1996:AA2004, Bestuursrecht, Belastingrecht
1053, ECLI:NL:RBAMS:2022:7937, Strafrecht, Europees strafrecht
1054, ECLI:NL:RBOVE:2024:6748, Bestuursrecht, Vreemdelingenrecht
1055, ECLI:NL:OGHACMB:2022:2, Bestuursrecht, 
1056, ECLI:NL:RBDHA:2025:10057, Bestuursrecht, Vreemdelingenrecht
1057, ECLI:NL:GHARL:2025:2112, Strafrecht, 
1058, ECLI:NL:HR:1992:ZC0729, Civiel recht, 
1059, ECLI:NL:HR:1994:ZC1561, Civiel recht, 
1060, ECLI:NL:CRVB:2023:985, Bestuursrecht, Socialezekerheidsrecht
1061, ECLI:NL:CRVB:2010:BN3307, Bestuursrecht, Socialezekerheidsrecht
1062, ECLI:NL:RVS:2021:2044, Bestuursrecht, Vreemdelingenrecht
1063, ECLI:NL:RBOBR:2021:1809, Bestuursrecht, Vreemdelingenrecht
1064, ECLI:NL:RBOVE:2025:3134, Civiel recht, 
1065, ECLI:NL:RVS:2022:1910, Bestuursrecht, 
1066, ECLI:NL:HR:2005:AU4300, Bestuursrecht, Belastingrecht
1067, ECLI:NL:GHAMS:2022:3789, Bestuursrecht, Belastingrecht
1068, ECLI:NL:RVS:2025:875, Bestuursrecht, 
1069, ECLI:NL:RVS:2024:4865, Bestuursrecht, 
1070, ECLI:NL:GHARL:2018:6402, Bestuursrecht, Bestuursstrafrecht
1071, ECLI:NL:RVS:2017:1434, Bestuursrecht, Omgevingsrecht
1072, ECLI:NL:GHARL:2022:9934, Strafrecht, Strafprocesrecht
1073, ECLI:NL:RVS:2025:678, Bestuursrecht, 
1074, ECLI:NL:RBDHA:2025:4659, Bestuursrecht, Vreemdelingenrecht
1075, ECLI:NL:GHARL:2021:1786, Bestuursrecht, Bestuursstrafrecht
1076, ECLI:NL:GHARL:2016:4501, Civiel recht, Personen- en familierecht
1077, ECLI:NL:HR:2022:752, Bestuursrecht, Belastingrecht
1078, ECLI:NL:RBAMS:2024:3311, Strafrecht, Europees strafrecht
1079, ECLI:NL:GHSHE:2022:1818, Bestuursrecht, Belastingrecht
1080, ECLI:NL:HR:2018:313, Civiel recht, 
1081, ECLI:NL:RVS:2019:2912, Bestuursrecht, 
1082, ECLI:NL:HR:1994:ZC5609, Bestuursrecht, Belastingrecht
1083, ECLI:NL:RVS:2025:157, Bestuursrecht, Vreemdelingenrecht
1084, ECLI:NL:RVS:2018:320, Bestuursrecht, Omgevingsrecht
1085, ECLI:NL:HR:2012:BV0663, Bestuursrecht, Belastingrecht
1086, ECLI:NL:CRVB:2025:613, Bestuursrecht, Socialezekerheidsrecht
1087, ECLI:NL:CRVB:2016:3501, Bestuursrecht, Socialezekerheidsrecht
1088, ECLI:NL:RBZWB:2023:8339, Bestuursrecht, Socialezekerheidsrecht
1089, ECLI:NL:GHDHA:2025:220, Bestuursrecht, Belastingrecht
1090, ECLI:NL:RVS:2025:2936, Bestuursrecht, Vreemdelingenrecht
1091, ECLI:NL:HR:2018:1414, Civiel recht, Personen- en familierecht
1092, ECLI:NL:RVS:2025:2349, Bestuursrecht, Vreemdelingenrecht
1093, ECLI:NL:GHSHE:2024:2940, Bestuursrecht, Belastingrecht
1094, ECLI:NL:HR:2024:857, Bestuursrecht, Belastingrecht
1095, ECLI:NL:CRVB:2022:2461, Bestuursrecht, Socialezekerheidsrecht
1096, ECLI:NL:RVS:2015:739, Bestuursrecht, Vreemdelingenrecht
1097, ECLI:NL:RVS:2017:3514, Bestuursrecht, 
1098, ECLI:NL:RVS:2024:1796, Bestuursrecht, Vreemdelingenrecht
1099, ECLI:NL:OGHACMB:2024:14, Bestuursrecht, 
1100, ECLI:NL:HR:2015:1083, Bestuursrecht, Belastingrecht
1101, ECLI:NL:RVS:2025:2177, Bestuursrecht, 
1102, ECLI:NL:RVS:2025:3690, Bestuursrecht, 
1103, ECLI:NL:HR:2014:525, Civiel recht, 
1104, ECLI:NL:HR:2025:667, Civiel recht, Burgerlijk procesrecht
1105, ECLI:NL:RVS:2023:1393, Bestuursrecht, Vreemdelingenrecht
1106, ECLI:NL:RVS:2025:1032, Bestuursrecht, 
1107, ECLI:NL:RVS:2018:1416, Bestuursrecht, Vreemdelingenrecht
1108, ECLI:NL:RVS:2021:1405, Bestuursrecht, 
1109, ECLI:NL:HR:2013:963, Strafrecht, 
1110, ECLI:NL:PHR:2017:1414, Bestuursrecht, Belastingrecht
1111, ECLI:NL:HR:2024:1724, Civiel recht, 
1112, ECLI:NL:RVS:2017:967, Bestuursrecht, Omgevingsrecht
1113, ECLI:NL:RBSGR:1996:AL8932, Bestuursrecht, Omgevingsrecht
1114, ECLI:NL:RVS:2025:5220, Bestuursrecht, Vreemdelingenrecht
1115, ECLI:NL:OGEAA:2021:646, Bestuursrecht, 
1116, ECLI:NL:RVS:2023:3300, Bestuursrecht, Omgevingsrecht
1117, ECLI:NL:CRVB:2012:BV1028, Bestuursrecht, Socialezekerheidsrecht
1118, ECLI:NL:RVS:2016:2840, Bestuursrecht, 
1119, ECLI:NL:RBDHA:2025:10278, Bestuursrecht, Vreemdelingenrecht
1120, ECLI:NL:RVS:2022:2341, Bestuursrecht, Vreemdelingenrecht
1121, ECLI:NL:CRVB:2025:1068, Bestuursrecht, Socialezekerheidsrecht
1122, ECLI:NL:OGHACMB:2017:64, Bestuursrecht, 
1123, ECLI:NL:RVS:2021:953, Bestuursrecht, Omgevingsrecht
1124, ECLI:NL:RVS:2024:747, Bestuursrecht, Vreemdelingenrecht
1125, ECLI:NL:RVS:2025:1035, Bestuursrecht, 
1126, ECLI:NL:HR:2020:154, Bestuursrecht, Belastingrecht
1127, ECLI:NL:GHAMS:2009:BJ1298, Bestuursrecht, Belastingrecht
1128, ECLI:NL:HR:2005:AS4167, Civiel recht, 
1129, ECLI:NL:HR:2018:2358, Bestuursrecht, Belastingrecht
1130, ECLI:NL:HR:2024:1060, Bestuursrecht, Belastingrecht
1131, ECLI:NL:CRVB:2024:2194, Bestuursrecht, Socialezekerheidsrecht
1132, ECLI:NL:CRVB:2024:2195, Bestuursrecht, Socialezekerheidsrecht
1133, ECLI:NL:HR:2009:BG8790, Civiel recht, Ondernemingsrecht
1134, ECLI:NL:GHARL:2020:2320, Bestuursrecht, Bestuursstrafrecht
1135, ECLI:NL:RVS:2020:2069, Bestuursrecht, Vreemdelingenrecht
1136, ECLI:NL:HR:2021:1660, Bestuursrecht, Belastingrecht
1137, ECLI:NL:HR:2000:AA6341, Civiel recht, Personen- en familierecht
1138, ECLI:NL:HR:1987:AG5500, Civiel recht, 
1139, ECLI:NL:HR:2024:853, Bestuursrecht, Belastingrecht
1140, ECLI:NL:HR:1996:AA1935, Bestuursrecht, Belastingrecht
1141, ECLI:NL:HR:2000:AA8610, Bestuursrecht, Belastingrecht
1142, ECLI:NL:CRVB:2015:2446, Bestuursrecht, Ambtenarenrecht
1143, ECLI:NL:RBGEL:2019:1211, Bestuursrecht, Socialezekerheidsrecht
1144, ECLI:NL:CRVB:2024:2321, Bestuursrecht, Socialezekerheidsrecht
1145, ECLI:NL:HR:2019:130, Strafrecht, 
1146, ECLI:NL:RVS:2020:1624, Bestuursrecht, Vreemdelingenrecht
1147, ECLI:NL:RVS:2017:917, Bestuursrecht, 
1148, ECLI:NL:GHDHA:2024:754, Bestuursrecht, Belastingrecht
1149, ECLI:NL:GHARL:2023:3449, Bestuursrecht, Belastingrecht
1150, ECLI:NL:RVS:2020:260, Bestuursrecht, 
1151, ECLI:NL:RVS:2021:774, Bestuursrecht, 
1152, ECLI:NL:RVS:2013:2057, Bestuursrecht, Vreemdelingenrecht
1153, ECLI:NL:CRVB:2021:1786, Bestuursrecht, Socialezekerheidsrecht
1154, ECLI:NL:HR:2017:404, Civiel recht, 
1155, ECLI:NL:GHDHA:2025:1016, Civiel recht, 
1156, ECLI:NL:RVS:2025:2178, Bestuursrecht, 
1157, ECLI:NL:CRVB:2025:602, Bestuursrecht, Socialezekerheidsrecht
1158, ECLI:NL:HR:2014:1089, Civiel recht, 
1159, ECLI:NL:RVS:2009:BK7970, Bestuursrecht, 
1160, ECLI:NL:HR:2023:970, Civiel recht, Burgerlijk procesrecht
1161, ECLI:NL:GHARL:2022:2169, Civiel recht, 
1162, ECLI:NL:GHDHA:2017:4016, Bestuursrecht, Belastingrecht
1163, ECLI:NL:RVS:2024:5000, Bestuursrecht, 
1164, ECLI:NL:GHARL:2025:684, Civiel recht, 
1165, ECLI:NL:HR:2020:700, Bestuursrecht, Belastingrecht
1166, ECLI:NL:RBLIM:2025:2895, Bestuursrecht, Vreemdelingenrecht
1167, ECLI:NL:RBROT:2023:11160, Bestuursrecht, Bestuursstrafrecht
1168, ECLI:NL:RBDHA:2025:3872, Bestuursrecht, Vreemdelingenrecht
1169, ECLI:NL:HR:2016:2842, Strafrecht, 
1170, ECLI:NL:OGEAA:2024:195, Bestuursrecht, 
1171, ECLI:NL:GHAMS:2024:2670, Bestuursrecht, Belastingrecht
1172, ECLI:NL:HR:2005:AO9006, Bestuursrecht, Belastingrecht
1173, ECLI:NL:PHR:2021:917, Civiel recht, 
1174, ECLI:NL:RBAMS:2022:7536, Strafrecht, Europees strafrecht
1175, ECLI:NL:RVS:2025:1829, Bestuursrecht, Vreemdelingenrecht
1176, ECLI:NL:HR:2022:1128, Bestuursrecht, Belastingrecht
1177, ECLI:NL:HR:2018:2363, Civiel recht, 
1178, ECLI:NL:CBB:2024:190, Bestuursrecht, 
1179, ECLI:NL:GHSHE:2015:601, Civiel recht, 
1180, ECLI:NL:GHARL:2021:4778, Bestuursrecht, Bestuursstrafrecht
1181, ECLI:NL:HR:2022:89, Bestuursrecht, Belastingrecht
1182, ECLI:NL:HR:2008:BC2837, Civiel recht, 
1183, ECLI:NL:RVS:2022:129, Bestuursrecht, 
1184, ECLI:NL:GHARL:2020:8301, Bestuursrecht, Bestuursstrafrecht
1185, ECLI:NL:PHR:2015:2320, Strafrecht, 
1186, ECLI:NL:RVS:2019:1215, Bestuursrecht, Omgevingsrecht
1187, ECLI:NL:RBDHA:2025:9087, Bestuursrecht, Vreemdelingenrecht
1188, ECLI:NL:RBDHA:2025:17979, Bestuursrecht, Vreemdelingenrecht
1189, ECLI:NL:HR:2025:619, Bestuursrecht, Belastingrecht
1190, ECLI:NL:RVS:2025:3956, Bestuursrecht, 
1191, ECLI:NL:RBDHA:2025:5451, Bestuursrecht, Socialezekerheidsrecht
1192, ECLI:NL:RBDHA:2024:7597, Bestuursrecht, Vreemdelingenrecht
1193, ECLI:NL:GHARL:2018:10268, Bestuursrecht, Belastingrecht
1194, ECLI:NL:HR:2008:BC1593, Bestuursrecht, Belastingrecht
1195, ECLI:NL:HR:2017:675, Bestuursrecht, Belastingrecht
1196, ECLI:NL:RVS:2025:1030, Bestuursrecht, 
1197, ECLI:NL:GHARL:2024:4251, Strafrecht, Strafprocesrecht
1198, ECLI:NL:RBAMS:2025:5751, Strafrecht, Europees strafrecht
1199, ECLI:NL:HR:2025:1138, Civiel recht, Personen- en familierecht
1200, ECLI:NL:RVS:2023:2138, Bestuursrecht, Vreemdelingenrecht
1201, ECLI:NL:RBDHA:2022:2641, Bestuursrecht, Vreemdelingenrecht
1202, ECLI:NL:GHSHE:2018:2713, Bestuursrecht, Belastingrecht
1203, ECLI:NL:RVS:2024:825, Bestuursrecht, 
1204, ECLI:NL:RBDHA:2024:7937, Bestuursrecht, Vreemdelingenrecht
1205, ECLI:NL:GHDHA:2022:2158, Civiel recht, Personen- en familierecht
1206, ECLI:NL:HR:2017:565, Civiel recht, 
1207, ECLI:NL:GHARL:2025:2113, Strafrecht, 
1208, ECLI:NL:RVS:2024:2644, Bestuursrecht, Vreemdelingenrecht
1209, ECLI:NL:GHDHA:2025:1978, Civiel recht, Insolventierecht
1210, ECLI:NL:GHDHA:2020:2116, Civiel recht, Personen- en familierecht
1211, ECLI:NL:CBB:2015:42, Bestuursrecht, 
1212, ECLI:NL:RVS:2021:1155, Bestuursrecht, Vreemdelingenrecht
1213, ECLI:NL:RVS:2021:2623, Bestuursrecht, 
1214, ECLI:NL:RVS:2004:AO7467, Bestuursrecht, 
1215, ECLI:NL:RVS:2025:2200, Bestuursrecht, 
1216, ECLI:NL:RVS:2022:835, Bestuursrecht, 
1217, ECLI:NL:RVS:2020:42, Bestuursrecht, Vreemdelingenrecht
1218, ECLI:NL:RVS:2024:2643, Bestuursrecht, Vreemdelingenrecht
1219, ECLI:NL:HR:2018:511, Bestuursrecht, Belastingrecht
1220, ECLI:NL:CRVB:2023:1386, Bestuursrecht, Socialezekerheidsrecht
1221, ECLI:NL:GHARL:2025:253, Bestuursrecht, Bestuursstrafrecht
1222, ECLI:NL:GHARL:2021:936, Bestuursrecht, Belastingrecht
1223, ECLI:NL:HR:2020:1, Bestuursrecht, Belastingrecht
1224, ECLI:NL:HR:2016:1271, Civiel recht, 
1225, ECLI:NL:HR:2019:376, Civiel recht, 
1226, ECLI:NL:CRVB:2019:2869, Bestuursrecht, Socialezekerheidsrecht
1227, ECLI:NL:RVS:2025:1301, Bestuursrecht, 
1228, ECLI:NL:RVS:2021:325, Bestuursrecht, 
1229, ECLI:NL:HR:1983:AC2816, Bestuursrecht, 
1230, ECLI:NL:HR:2025:1382, Bestuursrecht, Belastingrecht
1231, ECLI:NL:HR:1980:AW9884, Bestuursrecht, Belastingrecht
1232, ECLI:NL:HR:2017:185, Bestuursrecht, Belastingrecht
1233, ECLI:NL:RVS:2023:913, Bestuursrecht, 
1234, ECLI:NL:HR:2020:1069, Bestuursrecht, Belastingrecht
1235, ECLI:NL:CBB:2024:33, Bestuursrecht, 
1236, ECLI:NL:HR:2024:1370, Civiel recht, Burgerlijk procesrecht
1237, ECLI:NL:RVS:2022:285, Bestuursrecht, 
1238, ECLI:NL:CRVB:2024:2192, Bestuursrecht, Socialezekerheidsrecht
1239, ECLI:NL:GHARL:2023:6787, Bestuursrecht, Bestuursstrafrecht
1240, ECLI:NL:RBDHA:2025:3440, Bestuursrecht, Vreemdelingenrecht
1241, ECLI:NL:HR:2006:AV0401, Bestuursrecht, Belastingrecht
1242, ECLI:NL:HR:2016:49, Civiel recht, 
1243, ECLI:NL:HR:1987:AD0058, Civiel recht, 
1244, ECLI:NL:RBLIM:2013:BZ9966, Bestuursrecht, 
1245, ECLI:NL:RBDHA:2025:19325, Bestuursrecht, Vreemdelingenrecht
1246, ECLI:NL:RBMNE:2025:41, Bestuursrecht, 
1247, ECLI:NL:RVS:2012:BV8770, Bestuursrecht, 
1248, ECLI:NL:HR:2002:AE3437, Civiel recht, 
1249, ECLI:NL:GHARL:2025:5863, Strafrecht, Strafprocesrecht
1250, ECLI:NL:CRVB:2012:BV2512, Bestuursrecht, Socialezekerheidsrecht
1251, ECLI:NL:RBDHA:2024:11549, Civiel recht, 
1252, ECLI:NL:GHARL:2020:6722, Bestuursrecht, Bestuursstrafrecht
1253, ECLI:NL:GHARL:2025:689, Civiel recht, 
1254, ECLI:NL:HR:2010:BJ9082, Bestuursrecht, Belastingrecht
1255, ECLI:NL:RBDHA:2023:3590, Bestuursrecht, Vreemdelingenrecht
1256, ECLI:NL:HR:2013:BZ3643, Civiel recht, 
1257, ECLI:NL:RVS:2000:AA6723, Bestuursrecht, Omgevingsrecht
1258, ECLI:NL:GHARL:2015:7059, Bestuursrecht, Belastingrecht
1259, ECLI:NL:GHAMS:2023:1451, Civiel recht, Personen- en familierecht
1260, ECLI:NL:GHARL:2024:3805, Bestuursrecht, Bestuursstrafrecht
1261, ECLI:NL:RVS:2024:844, Bestuursrecht, 
1262, ECLI:NL:HR:2013:BY8101, Civiel recht, 
1263, ECLI:NL:RVS:2022:3353, Bestuursrecht, Vreemdelingenrecht
1264, ECLI:NL:HR:2021:1600, Civiel recht, 
1265, ECLI:NL:GHARL:2022:7503, Bestuursrecht, Belastingrecht
1266, ECLI:NL:RVS:2025:1118, Bestuursrecht, Vreemdelingenrecht
1267, ECLI:NL:HR:2024:1729, Strafrecht, 
1268, ECLI:NL:HR:2006:AW4064, Bestuursrecht, Belastingrecht
1269, ECLI:NL:HR:2001:ZC3603, Civiel recht, Personen- en familierecht
1270, ECLI:NL:RBZWB:2024:9009, Bestuursrecht, Bestuursprocesrecht
1271, ECLI:NL:GHAMS:2024:1648, Bestuursrecht, Belastingrecht
1272, ECLI:NL:HR:2011:BP8053, Bestuursrecht, Belastingrecht
1273, ECLI:NL:RVS:2017:2883, Bestuursrecht, 
1274, ECLI:NL:RVS:2018:3861, Bestuursrecht, Omgevingsrecht
1275, ECLI:NL:RVS:2017:1744, Bestuursrecht, Vreemdelingenrecht
1276, ECLI:NL:HR:2020:317, Bestuursrecht, Belastingrecht
1277, ECLI:NL:HR:2018:1311, Bestuursrecht, Belastingrecht
1278, ECLI:NL:RVS:2022:1918, Bestuursrecht, Vreemdelingenrecht
1279, ECLI:NL:HR:2010:BM9132, Strafrecht, 
1280, ECLI:NL:RVS:2021:1286, Bestuursrecht, 
1281, ECLI:NL:HR:2014:8, Bestuursrecht, Belastingrecht
1282, ECLI:NL:TGZCTG:2024:42, Bestuursrecht, Belastingrecht
1283, ECLI:NL:OGHACMB:2024:220, Civiel recht, 
1284, ECLI:NL:RVS:2023:155, Bestuursrecht, 
1285, ECLI:NL:RVS:2015:483, Bestuursrecht, Vreemdelingenrecht
1286, ECLI:NL:GHARL:2025:89, Bestuursrecht, Bestuursstrafrecht
1287, ECLI:NL:RVS:2019:673, Bestuursrecht, 
1288, ECLI:NL:RBDHA:2025:2327, Bestuursrecht, Vreemdelingenrecht
1289, ECLI:NL:OGHACMB:2024:161, Civiel recht, 
1290, ECLI:NL:RBLIM:2021:7942, Strafrecht, 
1291, ECLI:NL:RBROT:2024:8308, Bestuursrecht, 
1292, ECLI:NL:RVS:2015:1309, Bestuursrecht, Vreemdelingenrecht
1293, ECLI:NL:RVS:2024:2323, Bestuursrecht, 
1294, ECLI:NL:RBDHA:2024:7602, Bestuursrecht, Vreemdelingenrecht
1295, ECLI:NL:CRVB:2023:2127, Bestuursrecht, Socialezekerheidsrecht
1296, ECLI:NL:HR:2012:BW9230, Civiel recht, 
1297, ECLI:NL:CRVB:2014:2592, Bestuursrecht, Ambtenarenrecht
1298, ECLI:NL:RVS:2025:3344, Bestuursrecht, Vreemdelingenrecht
1299, ECLI:NL:RVS:2006:AV1771, Bestuursrecht, 
1300, ECLI:NL:RBZWB:2024:9008, Bestuursrecht, Bestuursprocesrecht
1301, ECLI:NL:RBZWB:2023:8022, Bestuursrecht, 
1302, ECLI:NL:HR:1986:AC9402, Bestuursrecht, 
1303, ECLI:NL:RVS:2025:467, Bestuursrecht, 
1304, ECLI:NL:RBDHA:2025:2966, Bestuursrecht, Socialezekerheidsrecht
1305, ECLI:NL:HR:2025:160, Bestuursrecht, Belastingrecht
1306, ECLI:NL:HR:2002:AD6867, Bestuursrecht, Belastingrecht
1307, ECLI:NL:CRVB:2025:171, Bestuursrecht, Socialezekerheidsrecht
1308, ECLI:NL:GHSHE:2025:671, Civiel recht, Insolventierecht
1309, ECLI:NL:HR:2024:1918, Bestuursrecht, Belastingrecht
1310, ECLI:NL:CRVB:2024:326, Bestuursrecht, Ambtenarenrecht
1311, ECLI:NL:RVS:2011:BQ2684, Bestuursrecht, 
1312, ECLI:NL:GHDHA:2025:207, Bestuursrecht, Belastingrecht
1313, ECLI:NL:GHSHE:2011:BV2713, Bestuursrecht, Belastingrecht
1314, ECLI:NL:RVS:2025:1836, Bestuursrecht, Vreemdelingenrecht
1315, ECLI:NL:HR:1982:AC0442, Bestuursrecht, Vreemdelingenrecht
1316, ECLI:NL:HR:2021:1513, Civiel recht, Personen- en familierecht
1317, ECLI:NL:RVS:2024:32, Bestuursrecht, Vreemdelingenrecht
1318, ECLI:NL:RVS:2022:1120, Bestuursrecht, Vreemdelingenrecht
1319, ECLI:NL:HR:2025:1268, Civiel recht, Personen- en familierecht
1320, ECLI:NL:HR:2006:AZ4416, Bestuursrecht, Belastingrecht
1321, ECLI:NL:HR:2019:1783, Bestuursrecht, Belastingrecht
1322, ECLI:NL:CRVB:2020:3421, Bestuursrecht, Socialezekerheidsrecht
1323, ECLI:NL:RBDHA:2022:5724, Bestuursrecht, Vreemdelingenrecht
1324, ECLI:NL:HR:2023:1703, Bestuursrecht, Belastingrecht
1325, ECLI:NL:CRVB:2016:4813, Bestuursrecht, Socialezekerheidsrecht
1326, ECLI:NL:RVS:2022:1361, Bestuursrecht, 
1327, ECLI:NL:CRVB:2019:3123, Bestuursrecht, Socialezekerheidsrecht
1328, ECLI:NL:GHSHE:2025:1496, Bestuursrecht, Belastingrecht
1329, ECLI:NL:RBOVE:2025:1228, Civiel recht, 
1330, ECLI:NL:HR:2019:393, Bestuursrecht, Belastingrecht
1331, ECLI:NL:RBAMS:2025:7126, Strafrecht, Internationaal strafrecht
1332, ECLI:NL:HR:2014:2146, Bestuursrecht, Belastingrecht
1333, ECLI:NL:GHAMS:2024:1524, Bestuursrecht, Belastingrecht
1334, ECLI:NL:HR:2002:AE4553, Civiel recht, 
1335, ECLI:NL:HR:2025:322, Civiel recht, 
1336, ECLI:NL:GHARL:2025:688, Civiel recht, 
1337, ECLI:NL:HR:2025:985, Strafrecht, 
1338, ECLI:NL:GHDHA:2024:191, Civiel recht, 
1339, ECLI:NL:GHSHE:2025:1320, Bestuursrecht, Belastingrecht
1340, ECLI:NL:HR:2024:1281, Civiel recht, Verbintenissenrecht
1341, ECLI:NL:RBAMS:2025:6898, Strafrecht, Europees strafrecht
1342, ECLI:NL:HR:2003:AF8560, Civiel recht, 
1343, ECLI:NL:HR:2006:AZ0758, Civiel recht, 
1344, ECLI:NL:RBROT:2025:4483, Bestuursrecht, Bestuursprocesrecht
1345, ECLI:NL:RVS:2019:1001, Bestuursrecht, Vreemdelingenrecht
1346, ECLI:NL:CRVB:2024:1450, Bestuursrecht, Socialezekerheidsrecht
1347, ECLI:NL:HR:2021:709, Bestuursrecht, Belastingrecht
1348, ECLI:NL:RVS:2016:596, Bestuursrecht, Omgevingsrecht
1349, ECLI:NL:RBAMS:2022:1794, Strafrecht, 
1350, ECLI:NL:RBOVE:2025:4598, Strafrecht, 
1351, ECLI:NL:GHAMS:2021:2745, Bestuursrecht, Belastingrecht
1352, ECLI:NL:RBDHA:2024:1859, Bestuursrecht, Vreemdelingenrecht
1353, ECLI:NL:RVS:2023:176, Bestuursrecht, 
1354, ECLI:NL:RVS:2020:1560, Bestuursrecht, Vreemdelingenrecht
1355, ECLI:NL:HR:2019:1734, Civiel recht, Arbeidsrecht
1356, ECLI:NL:PHR:2025:818, Bestuursrecht, Belastingrecht
1357, ECLI:NL:GHARL:2022:2330, Bestuursrecht, Bestuursstrafrecht
1358, ECLI:NL:RBROT:2023:4949, Bestuursrecht, 
1359, ECLI:NL:RBGEL:2024:3, Bestuursrecht, Socialezekerheidsrecht
1360, ECLI:NL:CRVB:2013:BY9138, Bestuursrecht, Socialezekerheidsrecht
1361, ECLI:NL:RVS:2018:174, Bestuursrecht, Vreemdelingenrecht
1362, ECLI:NL:RVS:2012:BW0601, Bestuursrecht, Vreemdelingenrecht
1363, ECLI:NL:RVS:2023:772, Bestuursrecht, 
1364, ECLI:NL:RVS:2025:717, Bestuursrecht, Vreemdelingenrecht
1365, ECLI:NL:HR:2018:1935, Civiel recht, 
1366, ECLI:NL:RBDHA:2025:136, Bestuursrecht, Vreemdelingenrecht
1367, ECLI:NL:CRVB:2020:887, Bestuursrecht, Socialezekerheidsrecht
1368, ECLI:NL:RBMNE:2023:1882, Civiel recht, 
1369, ECLI:NL:HR:2023:1789, Bestuursrecht, Belastingrecht
1370, ECLI:NL:HR:2023:462, Strafrecht, 
1371, ECLI:NL:GHAMS:2025:1252, Bestuursrecht, Belastingrecht
1372, ECLI:NL:GHARL:2024:5445, Civiel recht, 
1373, ECLI:NL:HR:2009:BH1083, Bestuursrecht, Belastingrecht
1374, ECLI:NL:GHARL:2025:3430, Bestuursrecht, Belastingrecht
1375, ECLI:NL:GHSHE:2016:1483, Bestuursrecht, Belastingrecht
1376, ECLI:NL:RBLIM:2023:6945, Bestuursrecht, Vreemdelingenrecht
1377, ECLI:NL:CRVB:2021:402, Bestuursrecht, Socialezekerheidsrecht
1378, ECLI:NL:OGEAA:2025:12, Bestuursrecht, Belastingrecht
1379, ECLI:NL:RBAMS:2014:490, Civiel recht, 
1380, ECLI:NL:RVS:2024:4279, Bestuursrecht, 
1381, ECLI:NL:HR:1999:ZC2810, Civiel recht, 
1382, ECLI:NL:RBGEL:2024:3780, Civiel recht, Arbeidsrecht
1383, ECLI:NL:RVS:2025:159, Bestuursrecht, Vreemdelingenrecht
1384, ECLI:NL:CRVB:2014:3159, Bestuursrecht, Socialezekerheidsrecht
1385, ECLI:NL:RVS:2025:4130, Bestuursrecht, Vreemdelingenrecht
1386, ECLI:NL:CRVB:2022:2727, Bestuursrecht, Socialezekerheidsrecht
1387, ECLI:NL:GHARL:2018:5796, Bestuursrecht, Belastingrecht
1388, ECLI:NL:HR:2008:BD1847, Civiel recht, 
1389, ECLI:NL:HR:2020:1746, Civiel recht, 
1390, ECLI:NL:HR:2018:1695, Bestuursrecht, Belastingrecht
1391, ECLI:NL:RVS:2025:3817, Bestuursrecht, 
1392, ECLI:NL:RVS:2025:2170, Bestuursrecht, 
1393, ECLI:NL:HR:1989:ZC4179, Bestuursrecht, Belastingrecht
1394, ECLI:NL:CRVB:2017:2019, Bestuursrecht, Socialezekerheidsrecht
1395, ECLI:NL:CRVB:2021:2305, Bestuursrecht, Socialezekerheidsrecht
1396, ECLI:NL:RBNHO:2021:3383, Bestuursrecht, Omgevingsrecht
1397, ECLI:NL:HR:2013:30, Bestuursrecht, Belastingrecht
1398, ECLI:NL:RBDHA:2023:17598, Bestuursrecht, Belastingrecht
1399, ECLI:NL:RVS:2025:5275, Bestuursrecht, Vreemdelingenrecht
1400, ECLI:NL:GHSHE:2024:3012, Bestuursrecht, Belastingrecht
1401, ECLI:NL:GHARL:2024:7109, Bestuursrecht, Belastingrecht
1402, ECLI:NL:RBAMS:2025:6326, Strafrecht, Europees strafrecht
1403, ECLI:NL:HR:2016:724, Civiel recht, Personen- en familierecht
1404, ECLI:NL:RBMNE:2023:4482, Bestuursrecht, 
1405, ECLI:NL:RVS:2025:2337, Bestuursrecht, Vreemdelingenrecht
1406, ECLI:NL:HR:2021:1024, Strafrecht, 
1407, ECLI:NL:GHARL:2025:6116, Bestuursrecht, Bestuursstrafrecht
1408, ECLI:NL:CRVB:2025:232, Bestuursrecht, Socialezekerheidsrecht
1409, ECLI:NL:RBZWB:2023:2262, Bestuursrecht, Belastingrecht
1410, ECLI:NL:RBLIM:2016:9373, Civiel recht, Personen- en familierecht
1411, ECLI:NL:CRVB:2022:554, Bestuursrecht, Socialezekerheidsrecht
1412, ECLI:NL:RVS:2025:3035, Bestuursrecht, 
1413, ECLI:NL:HR:2022:1033, Bestuursrecht, Belastingrecht
1414, ECLI:NL:HR:2020:318, Bestuursrecht, Belastingrecht
1415, ECLI:NL:GHARL:2017:1777, Bestuursrecht, Bestuursstrafrecht
1416, ECLI:NL:RVS:2025:5149, Bestuursrecht, Vreemdelingenrecht
1417, ECLI:NL:HR:2024:1299, Bestuursrecht, Belastingrecht
1418, ECLI:NL:RVS:2019:1637, Bestuursrecht, 
1419, ECLI:NL:GHAMS:2022:1498, Civiel recht, 
1420, ECLI:NL:GHARL:2023:6369, Bestuursrecht, Bestuursstrafrecht
1421, ECLI:NL:GHDHA:2024:139, Bestuursrecht, Belastingrecht
1422, ECLI:NL:GHAMS:2016:2070, Civiel recht, 
1423, ECLI:NL:CRVB:2016:1896, Bestuursrecht, Socialezekerheidsrecht
1424, ECLI:NL:HR:2000:AA6254, Bestuursrecht, Belastingrecht
1425, ECLI:NL:RBDHA:2024:5774, Civiel recht, Personen- en familierecht
1426, ECLI:NL:HR:2012:BW4102, Bestuursrecht, Belastingrecht
1427, ECLI:NL:HR:2010:BL0990, Bestuursrecht, Belastingrecht
1428, ECLI:NL:GHARL:2019:5060, Civiel recht, 
1429, ECLI:NL:RVS:2025:5156, Bestuursrecht, Vreemdelingenrecht
1430, ECLI:NL:HR:2013:BZ1782, Civiel recht, 
1431, ECLI:NL:HR:1989:AD5725, Civiel recht, 
1432, ECLI:NL:PHR:2018:41, Civiel recht, 
1433, ECLI:NL:CRVB:2021:133, Bestuursrecht, Socialezekerheidsrecht
1434, ECLI:NL:HR:2010:BK9136, Bestuursrecht, Belastingrecht
1435, ECLI:NL:CRVB:2021:3124, Bestuursrecht, Ambtenarenrecht
1436, ECLI:NL:HR:2016:833, Bestuursrecht, Belastingrecht
1437, ECLI:NL:RVS:2020:2375, Bestuursrecht, Omgevingsrecht
1438, ECLI:NL:HR:2014:3603, Bestuursrecht, Belastingrecht
1439, ECLI:NL:CRVB:2023:2307, Bestuursrecht, Socialezekerheidsrecht
1440, ECLI:NL:RVS:2023:292, Bestuursrecht, 
1441, ECLI:NL:HR:2004:AQ7380, Civiel recht, Personen- en familierecht
1442, ECLI:NL:GHARL:2015:65, Bestuursrecht, Bestuursstrafrecht
1443, ECLI:NL:RVS:2002:AE7797, Bestuursrecht, 
1444, ECLI:NL:HR:2018:1051, Strafrecht, 
1445, ECLI:NL:GHARL:2024:1646, Civiel recht, 
1446, ECLI:NL:RVS:2024:2662, Bestuursrecht, Vreemdelingenrecht
1447, ECLI:NL:HR:2017:965, Bestuursrecht, Belastingrecht
1448, ECLI:NL:RBDHA:2025:18092, Bestuursrecht, Vreemdelingenrecht
1449, ECLI:NL:RVS:2021:2280, Bestuursrecht, 
1450, ECLI:NL:CRVB:2023:951, Bestuursrecht, Socialezekerheidsrecht
1451, ECLI:NL:GHDHA:2023:1451, Bestuursrecht, Belastingrecht
1452, ECLI:NL:HR:2008:BD2578, Strafrecht, 
1453, ECLI:NL:GHDHA:2021:1404, Bestuursrecht, Belastingrecht
1454, ECLI:NL:HR:2014:777, Bestuursrecht, Belastingrecht
1455, ECLI:NL:GHARL:2024:4173, Strafrecht, Strafprocesrecht
1456, ECLI:NL:HR:2017:2411, Strafrecht, 
1457, ECLI:NL:HR:2004:AO1501, Bestuursrecht, Belastingrecht
1458, ECLI:NL:GHAMS:2022:1517, Bestuursrecht, Belastingrecht
1459, ECLI:NL:HR:1995:ZC1911, Civiel recht, 
1460, ECLI:NL:GHARL:2025:686, Civiel recht, 
1461, ECLI:NL:HR:2020:2100, Civiel recht, Insolventierecht
1462, ECLI:NL:HR:2017:3126, Bestuursrecht, Belastingrecht
1463, ECLI:NL:HR:2019:1278, Civiel recht, 
1464, ECLI:NL:HR:2019:1864, Civiel recht, Arbeidsrecht
1465, ECLI:NL:HR:2014:2928, Civiel recht, 
1466, ECLI:NL:CRVB:2022:2458, Bestuursrecht, Socialezekerheidsrecht
1467, ECLI:NL:HR:2019:1779, Bestuursrecht, Belastingrecht
1468, ECLI:NL:CRVB:2018:1113, Bestuursrecht, Socialezekerheidsrecht
1469, ECLI:NL:HR:2018:695, Civiel recht, Personen- en familierecht
1470, ECLI:NL:HR:2018:672, Bestuursrecht, Belastingrecht
1471, ECLI:NL:RVS:2024:1429, Bestuursrecht, Vreemdelingenrecht
1472, ECLI:NL:CRVB:2016:3224, Bestuursrecht, Ambtenarenrecht
1473, ECLI:NL:HR:1998:ZC7050, Bestuursrecht, Belastingrecht
1474, ECLI:NL:OGEAA:2025:121, Bestuursrecht, 
1475, ECLI:NL:OGHACMB:2018:227, Bestuursrecht, 
1476, ECLI:NL:HR:2020:323, Bestuursrecht, Belastingrecht
1477, ECLI:NL:RVS:2018:4079, Bestuursrecht, Omgevingsrecht
1478, ECLI:NL:RVS:2021:504, Bestuursrecht, Omgevingsrecht
1479, ECLI:NL:RVS:2025:5167, Bestuursrecht, Vreemdelingenrecht
1480, ECLI:NL:RBAMS:2025:5819, Strafrecht, 
1481, ECLI:NL:OGEABES:2023:10, Civiel recht, 
1482, ECLI:NL:GHDHA:2020:2347, Strafrecht, 
1483, ECLI:NL:HR:2023:1052, Bestuursrecht, Belastingrecht
1484, ECLI:NL:RVS:2020:1075, Bestuursrecht, 
1485, ECLI:NL:RVS:2023:411, Bestuursrecht, 
1486, ECLI:NL:HR:2018:846, Bestuursrecht, Belastingrecht
1487, ECLI:NL:RVS:2024:4923, Bestuursrecht, 
1488, ECLI:NL:RBMNE:2024:221, Bestuursrecht, Belastingrecht
1489, ECLI:NL:HR:2023:1531, Civiel recht, 
1490, ECLI:NL:HR:2023:1622, Civiel recht, 
1491, ECLI:NL:RVS:2023:4100, Bestuursrecht, Vreemdelingenrecht
1492, ECLI:NL:RVS:2016:3131, Bestuursrecht, 
1493, ECLI:NL:GHARL:2024:7125, Bestuursrecht, Belastingrecht
1494, ECLI:NL:HR:2008:BD0191, Bestuursrecht, Belastingrecht
1495, ECLI:NL:RVS:2025:3623, Bestuursrecht, Vreemdelingenrecht
1496, ECLI:NL:CRVB:2014:1850, Bestuursrecht, Socialezekerheidsrecht
1497, ECLI:NL:CRVB:2009:BH1009, Bestuursrecht, Socialezekerheidsrecht
1498, ECLI:NL:GHDHA:2022:2639, Bestuursrecht, Belastingrecht
1499, ECLI:NL:CBB:2024:34, Bestuursrecht, 
1500, ECLI:NL:HR:2024:567, Bestuursrecht, Belastingrecht
1501, ECLI:NL:RBDHA:2025:5452, Bestuursrecht, Socialezekerheidsrecht
1502, ECLI:NL:RVS:2021:2277, Bestuursrecht, 
1503, ECLI:NL:HR:2002:AE9354, Bestuursrecht, Belastingrecht
1504, ECLI:NL:CRVB:2013:BZ9827, Bestuursrecht, Socialezekerheidsrecht
1505, ECLI:NL:HR:2020:820, Bestuursrecht, Belastingrecht
1506, ECLI:NL:HR:1993:ZC5412, Bestuursrecht, Belastingrecht
1507, ECLI:NL:GHARL:2024:889, Bestuursrecht, Belastingrecht
1508, ECLI:NL:HR:2024:1879, Bestuursrecht, Belastingrecht
1509, ECLI:NL:RVS:2025:2297, Bestuursrecht, 
1510, ECLI:NL:RVS:2024:4909, Bestuursrecht, 
1511, ECLI:NL:CRVB:2023:2290, Bestuursrecht, Socialezekerheidsrecht
1512, ECLI:NL:XX:2006:AW8901, Bestuursrecht, Socialezekerheidsrecht
1513, ECLI:NL:HR:2023:409, Civiel recht, Ondernemingsrecht
1514, ECLI:NL:RVS:2022:1764, Bestuursrecht, Vreemdelingenrecht
1515, ECLI:NL:RVS:2023:4531, Bestuursrecht, 
1516, ECLI:NL:CRVB:2024:2416, Bestuursrecht, Socialezekerheidsrecht
1517, ECLI:NL:HR:2009:BI6319, Civiel recht, 
1518, ECLI:NL:RBDHA:2025:14846, Bestuursrecht, Vreemdelingenrecht
1519, ECLI:NL:HR:2018:470, Civiel recht, 
1520, ECLI:NL:GHDHA:2022:834, Civiel recht, 
1521, ECLI:NL:RVS:2022:1137, Bestuursrecht, 
1522, ECLI:NL:HR:2023:175, Bestuursrecht, Belastingrecht
1523, ECLI:NL:RVS:2025:2999, Bestuursrecht, 
1524, ECLI:NL:HR:2023:1093, Bestuursrecht, Belastingrecht
1525, ECLI:NL:HR:1999:AA2710, Bestuursrecht, Belastingrecht
1526, ECLI:NL:GHARL:2025:591, Bestuursrecht, Belastingrecht
1527, ECLI:NL:HR:2006:AW4068, Bestuursrecht, Belastingrecht
1528, ECLI:NL:RVS:2016:1418, Bestuursrecht, 
1529, ECLI:NL:HR:2024:515, Bestuursrecht, Belastingrecht
1530, ECLI:NL:RVS:2019:3600, Bestuursrecht, Vreemdelingenrecht
1531, ECLI:NL:RVS:2015:2080, Bestuursrecht, 
1532, ECLI:NL:HR:2010:BL7954, Bestuursrecht, Belastingrecht
1533, ECLI:NL:RVS:2022:1040, Bestuursrecht, Vreemdelingenrecht
1534, ECLI:NL:HR:2018:505, Bestuursrecht, Belastingrecht
1535, ECLI:NL:HR:1992:ZC5139, Bestuursrecht, Belastingrecht
1536, ECLI:NL:RVS:2018:3769, Bestuursrecht, Vreemdelingenrecht
1537, ECLI:NL:HR:2013:BY9084, Civiel recht, 
1538, ECLI:NL:HR:2016:2012, Civiel recht, 
1539, ECLI:NL:HR:2003:AF3283, Bestuursrecht, Belastingrecht
1540, ECLI:NL:RBAMS:2022:1793, Strafrecht, 
1541, ECLI:NL:RVS:2024:1812, Bestuursrecht, Vreemdelingenrecht
1542, ECLI:NL:HR:2025:670, Bestuursrecht, Belastingrecht
1543, ECLI:NL:RVS:2008:BD3121, Bestuursrecht, 
1544, ECLI:NL:HR:2016:1203, Bestuursrecht, Belastingrecht
1545, ECLI:NL:HR:2024:705, Bestuursrecht, Belastingrecht
1546, ECLI:NL:HR:2020:1448, Bestuursrecht, Belastingrecht
1547, ECLI:NL:PHR:2024:1279, Internationaal publiekrecht, 
1548, ECLI:NL:RVS:2024:420, Bestuursrecht, Vreemdelingenrecht
1549, ECLI:NL:HR:2019:623, Bestuursrecht, Belastingrecht
1550, ECLI:NL:RVS:2019:1061, Bestuursrecht, Vreemdelingenrecht
1551, ECLI:NL:RVS:2025:2865, Bestuursrecht, Vreemdelingenrecht
1552, ECLI:NL:RBDHA:2025:18663, Bestuursrecht, Vreemdelingenrecht
1553, ECLI:NL:RVS:2023:2829, Bestuursrecht, Vreemdelingenrecht
1554, ECLI:NL:RVS:2014:188, Bestuursrecht, 
1555, ECLI:NL:RVS:2019:1694, Bestuursrecht, 
1556, ECLI:NL:RVS:2024:2265, Bestuursrecht, Vreemdelingenrecht
1557, ECLI:NL:GHDHA:2024:1638, Bestuursrecht, Belastingrecht
1558, ECLI:NL:HR:2005:AR0220, Civiel recht, 
1559, ECLI:NL:HR:2015:688, Civiel recht, Personen- en familierecht
1560, ECLI:NL:GHAMS:2019:4294, Civiel recht, 
1561, ECLI:NL:RBDHA:2025:6038, Bestuursrecht, Vreemdelingenrecht
1562, ECLI:NL:HR:2007:AZ4162, Civiel recht, Personen- en familierecht
1563, ECLI:NL:HR:2017:164, Civiel recht, 
1564, ECLI:NL:CRVB:2017:960, Bestuursrecht, Ambtenarenrecht
1565, ECLI:NL:RVS:2013:2558, Bestuursrecht, Vreemdelingenrecht
1566, ECLI:NL:HR:2021:1086, Bestuursrecht, Belastingrecht
1567, ECLI:NL:GHDHA:2019:2800, Civiel recht, Verbintenissenrecht
1568, ECLI:NL:RBNNE:2024:4361, Bestuursrecht, Belastingrecht
1569, ECLI:NL:CRVB:2017:3059, Bestuursrecht, Socialezekerheidsrecht
1570, ECLI:NL:HR:2023:428, Civiel recht, 
1571, ECLI:NL:HR:2017:1326, Bestuursrecht, Belastingrecht
1572, ECLI:NL:GHARL:2024:7764, Bestuursrecht, Bestuursstrafrecht
1573, ECLI:NL:RVS:2025:5161, Bestuursrecht, 
1574, ECLI:NL:CRVB:2016:4255, Bestuursrecht, Socialezekerheidsrecht
1575, ECLI:NL:HR:2018:270, Civiel recht, 
1576, ECLI:NL:GHARL:2024:4958, Strafrecht, Strafprocesrecht
1577, ECLI:NL:GHARL:2021:9176, Bestuursrecht, Belastingrecht
1578, ECLI:NL:HR:2013:CA3878, Bestuursrecht, Belastingrecht
1579, ECLI:NL:HR:2024:1297, Bestuursrecht, Belastingrecht
1580, ECLI:NL:RVS:2025:1201, Bestuursrecht, 
1581, ECLI:NL:GHAMS:2014:1135, Civiel recht, 
1582, ECLI:NL:RVS:2022:998, Bestuursrecht, Omgevingsrecht
1583, ECLI:NL:RVS:2024:2034, Bestuursrecht, 
1584, ECLI:NL:HR:2023:444, Bestuursrecht, Belastingrecht
1585, ECLI:NL:HR:2023:443, Civiel recht, 
1586, ECLI:NL:RVS:2022:1767, Bestuursrecht, 
1587, ECLI:NL:GHDHA:2023:1592, Bestuursrecht, Belastingrecht
1588, ECLI:NL:HR:2022:1273, Bestuursrecht, Belastingrecht
1589, ECLI:NL:GHSHE:2021:3315, Bestuursrecht, Belastingrecht
1590, ECLI:NL:GHAMS:2025:379, Civiel recht, 
1591, ECLI:NL:CRVB:2014:1161, Bestuursrecht, Socialezekerheidsrecht
1592, ECLI:NL:RBROT:2023:12183, Bestuursrecht, Bestuursprocesrecht
1593, ECLI:NL:RBDHA:2025:15824, Bestuursrecht, Vreemdelingenrecht
1594, ECLI:NL:RVS:2021:452, Bestuursrecht, 
1595, ECLI:NL:RVS:2025:2922, Bestuursrecht, 
1596, ECLI:NL:RBGEL:2019:1050, Bestuursrecht, Belastingrecht
1597, ECLI:NL:RBROT:2025:8351, Strafrecht, 
1598, ECLI:NL:GHARL:2025:3014, Civiel recht, Personen- en familierecht
1599, ECLI:NL:HR:2019:1579, Bestuursrecht, Belastingrecht
1600, ECLI:NL:RVS:2024:4621, Bestuursrecht, Omgevingsrecht
1601, ECLI:NL:HR:2020:331, Bestuursrecht, Belastingrecht
1602, ECLI:NL:HR:2011:BT2299, Bestuursrecht, Belastingrecht
1603, ECLI:NL:CRVB:2024:726, Bestuursrecht, Socialezekerheidsrecht
1604, ECLI:NL:CRVB:2009:BK3717, Bestuursrecht, Socialezekerheidsrecht
1605, ECLI:NL:RVS:2023:3465, Bestuursrecht, Omgevingsrecht
1606, ECLI:NL:HR:2019:2026, Civiel recht, Burgerlijk procesrecht
1607, ECLI:NL:RBMNE:2022:5129, Bestuursrecht, Belastingrecht
1608, ECLI:NL:RBLIM:2025:8509, Bestuursrecht, Vreemdelingenrecht
1609, ECLI:NL:HR:2011:BP4003, Civiel recht, 
1610, ECLI:NL:HR:2015:1198, Civiel recht, 
1611, ECLI:NL:RVS:2024:3427, Bestuursrecht, Vreemdelingenrecht
1612, ECLI:NL:HR:2016:752, Bestuursrecht, Belastingrecht
1613, ECLI:NL:RVS:2018:3120, Bestuursrecht, 
1614, ECLI:NL:CRVB:2025:1011, Bestuursrecht, Socialezekerheidsrecht
1615, ECLI:NL:HR:2016:124, Bestuursrecht, Belastingrecht
1616, ECLI:NL:GHARL:2023:4177, Civiel recht, 
1617, ECLI:NL:RVS:2024:4649, Bestuursrecht, Vreemdelingenrecht
1618, ECLI:NL:RVS:2023:506, Bestuursrecht, Vreemdelingenrecht
1619, ECLI:NL:HR:2024:147, Bestuursrecht, Belastingrecht
1620, ECLI:NL:CBB:2022:433, Bestuursrecht, 
1621, ECLI:NL:CRVB:2025:749, Bestuursrecht, Socialezekerheidsrecht
1622, ECLI:NL:HR:2021:1963, Bestuursrecht, Belastingrecht
1623, ECLI:NL:RBDHA:2024:10832, Civiel recht, 
1624, ECLI:NL:GHARL:2021:3383, Bestuursrecht, Bestuursstrafrecht
1625, ECLI:NL:RBNNE:2022:1226, Strafrecht, 
1626, ECLI:NL:HR:2021:1111, Civiel recht, 
1627, ECLI:NL:HR:2021:1677, Civiel recht, 
1628, ECLI:NL:PHR:2024:1116, Bestuursrecht, Belastingrecht
1629, ECLI:NL:HR:2011:BP3887, Bestuursrecht, Belastingrecht
1630, ECLI:NL:HR:2008:BF9110, Bestuursrecht, Belastingrecht
1631, ECLI:NL:RVS:2025:258, Bestuursrecht, Vreemdelingenrecht
1632, ECLI:NL:HR:2020:1148, Civiel recht, 
1633, ECLI:NL:GHARL:2025:2912, Bestuursrecht, Bestuursstrafrecht
1634, ECLI:NL:HR:2002:AE4473, Bestuursrecht, Belastingrecht
1635, ECLI:NL:HR:2025:106, Bestuursrecht, Belastingrecht
1636, ECLI:NL:RVS:2025:3171, Bestuursrecht, Vreemdelingenrecht
1637, ECLI:NL:RVS:2025:5248, Bestuursrecht, Vreemdelingenrecht
1638, ECLI:NL:RVS:2025:5168, Bestuursrecht, Vreemdelingenrecht
1639, ECLI:NL:CRVB:2018:3054, Bestuursrecht, Socialezekerheidsrecht
1640, ECLI:NL:RBHAA:2009:BJ3060, Civiel recht, 
1641, ECLI:NL:HR:2019:1016, Bestuursrecht, Belastingrecht
1642, ECLI:NL:CRVB:2025:1403, Bestuursrecht, Socialezekerheidsrecht
1643, ECLI:NL:HR:1996:AA1946, Bestuursrecht, Belastingrecht
1644, ECLI:NL:HR:2014:2838, Civiel recht, 
1645, ECLI:NL:RVS:2025:3148, Bestuursrecht, Vreemdelingenrecht
1646, ECLI:NL:RVS:2020:3156, Bestuursrecht, 
1647, ECLI:NL:HR:1995:ZC1631, Civiel recht, 
1648, ECLI:NL:HR:2018:1413, Strafrecht, 
1649, ECLI:NL:HR:2013:1881, Civiel recht, 
1650, ECLI:NL:HR:2017:939, Civiel recht, 
1651, ECLI:NL:CRVB:2008:BC3264, Bestuursrecht, Socialezekerheidsrecht
1652, ECLI:NL:RVS:2024:1106, Bestuursrecht, Vreemdelingenrecht
1653, ECLI:NL:HR:2012:BR2342, Strafrecht, 
1654, ECLI:NL:GHDHA:2024:732, Bestuursrecht, Belastingrecht
1655, ECLI:NL:HR:2014:1461, Bestuursrecht, Belastingrecht
1656, ECLI:NL:GHARL:2023:6930, Bestuursrecht, Bestuursstrafrecht
1657, ECLI:NL:CRVB:2015:1450, Bestuursrecht, Socialezekerheidsrecht
1658, ECLI:NL:RVS:2024:4037, Bestuursrecht, Vreemdelingenrecht
1659, ECLI:NL:HR:2008:BA3823, Bestuursrecht, Belastingrecht
1660, ECLI:NL:RVS:2025:1028, Bestuursrecht, 
1661, ECLI:NL:GHSHE:2024:701, Bestuursrecht, Belastingrecht
1662, ECLI:NL:RVS:2025:5150, Bestuursrecht, Vreemdelingenrecht
1663, ECLI:NL:RBSGR:2008:BC6856, Bestuursrecht, Belastingrecht
1664, ECLI:NL:RVS:2024:2817, Bestuursrecht, 
1665, ECLI:NL:RVS:2025:5144, Bestuursrecht, Vreemdelingenrecht
1666, ECLI:NL:RBROT:2024:3227, Civiel recht, Burgerlijk procesrecht
1667, ECLI:NL:HR:2003:AL6962, Bestuursrecht, Belastingrecht
1668, ECLI:NL:RVS:2024:478, Bestuursrecht, Vreemdelingenrecht
1669, ECLI:NL:HR:2022:63, Civiel recht, Arbeidsrecht
1670, ECLI:NL:HR:2022:1058, Civiel recht, Verbintenissenrecht
1671, ECLI:NL:GHARL:2024:5796, Bestuursrecht, Bestuursstrafrecht
1672, ECLI:NL:RVS:2025:1704, Bestuursrecht, 
1673, ECLI:NL:RVS:2024:585, Bestuursrecht, Vreemdelingenrecht
1674, ECLI:NL:HR:2022:1277, Bestuursrecht, Belastingrecht
1675, ECLI:NL:HR:2008:BC5901, Civiel recht, Personen- en familierecht
1676, ECLI:NL:RVS:2025:789, Bestuursrecht, Vreemdelingenrecht
1677, ECLI:NL:GHSHE:2024:1077, Strafrecht, 
1678, ECLI:NL:RVS:2025:5158, Bestuursrecht, 
1679, ECLI:NL:GHARL:2020:720, Civiel recht, Personen- en familierecht
1680, ECLI:NL:RVS:2021:1421, Bestuursrecht, 
1681, ECLI:NL:RVS:2012:BV8631, Bestuursrecht, Vreemdelingenrecht
1682, ECLI:NL:GHAMS:2017:5500, Bestuursrecht, Belastingrecht
1683, ECLI:NL:GHARL:2017:6605, Civiel recht, 
1684, ECLI:NL:HR:2002:AD9609, Civiel recht, 
1685, ECLI:NL:RVS:2023:1663, Bestuursrecht, Omgevingsrecht
1686, ECLI:NL:RVS:2020:1117, Bestuursrecht, 
1687, ECLI:NL:GHARL:2015:7009, Bestuursrecht, Bestuursprocesrecht
1688, ECLI:NL:HR:2021:1748, Bestuursrecht, Belastingrecht
1689, ECLI:NL:RVS:2024:47, Bestuursrecht, Omgevingsrecht
1690, ECLI:NL:HR:2004:AO5822, Strafrecht, 
1691, ECLI:NL:GHAMS:2024:1370, Bestuursrecht, Belastingrecht
1692, ECLI:NL:HR:2017:1187, Civiel recht, 
1693, ECLI:NL:RVS:2010:BP0428, Bestuursrecht, Vreemdelingenrecht
1694, ECLI:NL:HR:2013:BX7184, Bestuursrecht, Belastingrecht
1695, ECLI:NL:GHDHA:2025:208, Bestuursrecht, Belastingrecht
1696, ECLI:NL:CRVB:2019:1783, Bestuursrecht, Ambtenarenrecht
1697, ECLI:NL:HR:2023:964, Civiel recht, 
1698, ECLI:NL:HR:2024:653, Bestuursrecht, Belastingrecht
1699, ECLI:NL:HR:2017:290, Bestuursrecht, Belastingrecht
1700, ECLI:NL:RVS:2022:400, Bestuursrecht, 
1701, ECLI:NL:CRVB:2021:1929, Bestuursrecht, Socialezekerheidsrecht
1702, ECLI:NL:HR:2009:BD3566, Bestuursrecht, Belastingrecht
1703, ECLI:NL:RVS:2021:1205, Bestuursrecht, 
1704, ECLI:NL:HR:2024:773, Bestuursrecht, Belastingrecht
1705, ECLI:NL:HR:2024:571, Bestuursrecht, Belastingrecht
1706, ECLI:NL:RVS:2004:AQ5770, Bestuursrecht, Omgevingsrecht
1707, ECLI:NL:HR:2002:AD4925, Civiel recht, 
1708, ECLI:NL:HR:2019:1020, Bestuursrecht, Belastingrecht
1709, ECLI:NL:CRVB:2022:2462, Bestuursrecht, Socialezekerheidsrecht
1710, ECLI:NL:HR:2003:AF6486, Bestuursrecht, Belastingrecht
1711, ECLI:NL:GHDHA:2023:2043, Bestuursrecht, Belastingrecht
1712, ECLI:NL:TNORARL:2024:22, Bestuursrecht, Belastingrecht
1713, ECLI:NL:HR:2024:492, Strafrecht, 
1714, ECLI:NL:HR:2023:1271, Bestuursrecht, Belastingrecht
1715, ECLI:NL:RBDHA:2021:13948, Civiel recht, Personen- en familierecht
1716, ECLI:NL:RVS:2020:1954, Bestuursrecht, Omgevingsrecht
1717, ECLI:NL:RVS:2023:4348, Bestuursrecht, Vreemdelingenrecht
1718, ECLI:NL:CBB:2024:32, Bestuursrecht, 
1719, ECLI:NL:CBB:2023:54, Bestuursrecht, 
1720, ECLI:NL:HR:2013:2127, Civiel recht, 
1721, ECLI:NL:RVS:2025:1827, Bestuursrecht, Vreemdelingenrecht
1722, ECLI:NL:RVS:2024:5355, Bestuursrecht, Vreemdelingenrecht
1723, ECLI:NL:HR:1985:AW8220, Bestuursrecht, Vreemdelingenrecht
1724, ECLI:NL:CRVB:2014:398, Bestuursrecht, Socialezekerheidsrecht
1725, ECLI:NL:HR:2013:BX9407, Strafrecht, 
1726, ECLI:NL:CRVB:2025:700, Bestuursrecht, Socialezekerheidsrecht
1727, ECLI:NL:HR:1997:ZC2389, Civiel recht, 
1728, ECLI:NL:HR:1996:ZC2201, Civiel recht, 
1729, ECLI:NL:RVS:2022:641, Bestuursrecht, Omgevingsrecht
1730, ECLI:NL:HR:2025:212, Strafrecht, 
1731, ECLI:NL:HR:2015:3636, Civiel recht, Insolventierecht
1732, ECLI:NL:HR:1997:ZC2384, Civiel recht, 
1733, ECLI:NL:HR:2024:1913, Civiel recht, Insolventierecht
1734, ECLI:NL:HR:1999:AA2756, Bestuursrecht, Belastingrecht
1735, ECLI:NL:RVS:2023:180, Bestuursrecht, Omgevingsrecht
1736, ECLI:NL:HR:2018:2352, Strafrecht, 
1737, ECLI:NL:HR:1995:ZC1853, Civiel recht, 
1738, ECLI:NL:RBROT:2025:10993, Bestuursrecht, 
1739, ECLI:NL:CRVB:2024:2153, Bestuursrecht, Socialezekerheidsrecht
1740, ECLI:NL:RVS:2025:4560, Bestuursrecht, Omgevingsrecht
1741, ECLI:NL:CRVB:2024:2193, Bestuursrecht, Socialezekerheidsrecht
1742, ECLI:NL:RBROT:2025:2639, Bestuursrecht, 
1743, ECLI:NL:HR:2023:1265, Civiel recht, 
1744, ECLI:NL:CBB:2024:31, Bestuursrecht, 
1745, ECLI:NL:HR:2025:1165, Civiel recht, Personen- en familierecht
1746, ECLI:NL:RVS:2023:484, Bestuursrecht, 
1747, ECLI:NL:RVS:2019:46, Bestuursrecht, 
1748, ECLI:NL:RVS:2024:4661, Bestuursrecht, Vreemdelingenrecht
1749, ECLI:NL:PHR:2023:1042, Bestuursrecht, Belastingrecht
1750, ECLI:NL:RBDHA:2025:2977, Bestuursrecht, Vreemdelingenrecht
1751, ECLI:NL:HR:2018:2405, Bestuursrecht, Belastingrecht
1752, ECLI:NL:CRVB:2015:1654, Bestuursrecht, Socialezekerheidsrecht
1753, ECLI:NL:CRVB:2015:3361, Bestuursrecht, Socialezekerheidsrecht
1754, ECLI:NL:CRVB:2020:1882, Bestuursrecht, Socialezekerheidsrecht
1755, ECLI:NL:RBDHA:2021:3432, Civiel recht, Arbeidsrecht
1756, ECLI:NL:CRVB:2024:635, Bestuursrecht, Socialezekerheidsrecht
1757, ECLI:NL:HR:1990:ZC4441, Bestuursrecht, Belastingrecht
1758, ECLI:NL:CRVB:2006:AV2020, Bestuursrecht, Socialezekerheidsrecht
1759, ECLI:NL:GHARL:2025:5551, Bestuursrecht, Bestuursstrafrecht
1760, ECLI:NL:HR:2004:AQ3810, Civiel recht, 
1761, ECLI:NL:HR:2021:1360, Civiel recht, 
1762, ECLI:NL:HR:2009:BJ7810, Strafrecht, 
1763, ECLI:NL:RVS:2014:4682, Bestuursrecht, 
1764, ECLI:NL:RBROT:2024:12676, Bestuursrecht, Bestuursprocesrecht
1765, ECLI:NL:CRVB:2018:925, Bestuursrecht, Ambtenarenrecht
1766, ECLI:NL:GHARL:2024:4878, Bestuursrecht, Belastingrecht
1767, ECLI:NL:CRVB:2011:BT5852, Bestuursrecht, Socialezekerheidsrecht
1768, ECLI:NL:GHDHA:2023:2703, Civiel recht, Personen- en familierecht
1769, ECLI:NL:HR:2007:BA2802, Bestuursrecht, Belastingrecht
1770, ECLI:NL:GHARL:2024:3537, Bestuursrecht, Bestuursstrafrecht
1771, ECLI:NL:RVS:2023:4652, Bestuursrecht, Vreemdelingenrecht
1772, ECLI:NL:HR:2022:875, Bestuursrecht, Belastingrecht
1773, ECLI:NL:RBOBR:2024:3437, Bestuursrecht, Bestuursprocesrecht
1774, ECLI:NL:HR:2019:933, Civiel recht, Arbeidsrecht
1775, ECLI:NL:RVS:2024:4647, Bestuursrecht, Vreemdelingenrecht
1776, ECLI:NL:RVS:2025:1388, Bestuursrecht, Vreemdelingenrecht
1777, ECLI:NL:GHARL:2020:3336, Bestuursrecht, Bestuursstrafrecht
1778, ECLI:NL:HR:2024:625, Bestuursrecht, Belastingrecht
1779, ECLI:NL:RVS:2021:2031, Bestuursrecht, 
1780, ECLI:NL:CRVB:2019:4170, Bestuursrecht, Socialezekerheidsrecht
1781, ECLI:NL:HR:2020:155, Civiel recht, Burgerlijk procesrecht
1782, ECLI:NL:HR:2023:882, Civiel recht, 
1783, ECLI:NL:HR:2022:1040, Bestuursrecht, Belastingrecht
1784, ECLI:NL:RVS:2018:2432, Bestuursrecht, 
1785, ECLI:NL:RVS:2018:16, Bestuursrecht, Vreemdelingenrecht
1786, ECLI:NL:CRVB:2022:2260, Bestuursrecht, Socialezekerheidsrecht
1787, ECLI:NL:CRVB:2023:2124, Bestuursrecht, Socialezekerheidsrecht
1788, ECLI:NL:RVS:2018:3735, Bestuursrecht, Vreemdelingenrecht
1789, ECLI:NL:RVS:2017:2271, Bestuursrecht, 
1790, ECLI:NL:HR:2020:63, Bestuursrecht, Belastingrecht
1791, ECLI:NL:RVS:2025:2907, Bestuursrecht, Vreemdelingenrecht
1792, ECLI:NL:HR:2019:1223, Internationaal publiekrecht, 
1793, ECLI:NL:HR:2013:911, Civiel recht, 
1794, ECLI:NL:RBDHA:2024:16525, Bestuursrecht, Vreemdelingenrecht
1795, ECLI:NL:HR:1999:AA2760, Bestuursrecht, Belastingrecht
1796, ECLI:NL:HR:2017:847, Bestuursrecht, Belastingrecht
1797, ECLI:NL:RVS:2019:457, Bestuursrecht, Vreemdelingenrecht
1798, ECLI:NL:RVS:2023:1439, Bestuursrecht, 
1799, ECLI:NL:RVS:2025:5218, Bestuursrecht, Vreemdelingenrecht
1800, ECLI:NL:RVS:2020:829, Bestuursrecht, Vreemdelingenrecht
1801, ECLI:NL:RVS:2023:4547, Bestuursrecht, Vreemdelingenrecht
1802, ECLI:NL:GHARL:2025:687, Civiel recht, 
1803, ECLI:NL:GHDHA:2023:2318, Bestuursrecht, Belastingrecht
1804, ECLI:NL:RVS:2023:84, Bestuursrecht, 
1805, ECLI:NL:HR:2019:590, Civiel recht, 
1806, ECLI:NL:HR:2023:1668, Civiel recht, Arbeidsrecht
1807, ECLI:NL:CRVB:2018:530, Bestuursrecht, Socialezekerheidsrecht
1808, ECLI:NL:RVS:2024:2749, Bestuursrecht, Vreemdelingenrecht
1809, ECLI:NL:HR:2022:767, Bestuursrecht, Belastingrecht
1810, ECLI:NL:GHDHA:2024:2380, Bestuursrecht, Belastingrecht
1811, ECLI:NL:RBAMS:2025:6875, Strafrecht, 
1812, ECLI:NL:HR:2025:409, Strafrecht, 
1813, ECLI:NL:RVS:2022:3879, Bestuursrecht, 
1814, ECLI:NL:HR:2017:439, Bestuursrecht, Belastingrecht
1815, ECLI:NL:HR:2003:AI0924, Bestuursrecht, Belastingrecht
1816, ECLI:NL:GHARL:2025:245, Bestuursrecht, Bestuursstrafrecht
1817, ECLI:NL:GHARL:2024:4621, Bestuursrecht, Bestuursstrafrecht
1818, ECLI:NL:RVS:2022:511, Bestuursrecht, Omgevingsrecht
1819, ECLI:NL:RVS:2025:867, Bestuursrecht, 
1820, ECLI:NL:HR:2022:862, Civiel recht, Verbintenissenrecht
1821, ECLI:NL:HR:2015:3467, Bestuursrecht, Belastingrecht
1822, ECLI:NL:RBDHA:2025:13522, Bestuursrecht, Vreemdelingenrecht
1823, ECLI:NL:HR:2023:815, Bestuursrecht, Belastingrecht
1824, ECLI:NL:HR:2012:BW9243, Civiel recht, 
1825, ECLI:NL:GHAMS:2023:1266, Civiel recht, Personen- en familierecht
1826, ECLI:NL:PHR:2025:200, Bestuursrecht, Belastingrecht
1827, ECLI:NL:RVS:2024:4544, Bestuursrecht, 
1828, ECLI:NL:RBDHA:2025:327, Bestuursrecht, Vreemdelingenrecht
1829, ECLI:NL:HR:2025:46, Bestuursrecht, Belastingrecht
1830, ECLI:NL:CRVB:2023:2216, Bestuursrecht, Socialezekerheidsrecht
1831, ECLI:NL:RVS:2019:322, Bestuursrecht, 
1832, ECLI:NL:RBAMS:2021:420, Strafrecht, Europees strafrecht
1833, ECLI:NL:RBAMS:2025:4974, Strafrecht, Europees strafrecht
1834, ECLI:NL:HR:2015:3019, Civiel recht, 
1835, ECLI:NL:HR:2014:1385, Civiel recht, 
1836, ECLI:NL:HR:1998:AA2555, Bestuursrecht, Belastingrecht
1837, ECLI:NL:RVS:2025:729, Bestuursrecht, Vreemdelingenrecht
1838, ECLI:NL:RVS:2022:1267, Bestuursrecht, Vreemdelingenrecht
1839, ECLI:NL:RBZWB:2024:125, Bestuursrecht, 
1840, ECLI:NL:RBROT:2024:9243, Bestuursrecht, Bestuursprocesrecht
1841, ECLI:NL:HR:2005:AT4483, Bestuursrecht, Belastingrecht
1842, ECLI:NL:RVS:2022:1699, Bestuursrecht, 
1843, ECLI:NL:GHARL:2019:1012, Strafrecht, 
1844, ECLI:NL:HR:2021:1848, Civiel recht, 
1845, ECLI:NL:HR:2017:292, Bestuursrecht, Belastingrecht
1846, ECLI:NL:HR:2009:BK0274, Bestuursrecht, Belastingrecht
1847, ECLI:NL:HR:2016:252, Bestuursrecht, Belastingrecht
1848, ECLI:NL:HR:2012:BV7828, Civiel recht, 
1849, ECLI:NL:GHARL:2023:8464, Civiel recht, 
1850, ECLI:NL:CRVB:2022:2139, Bestuursrecht, Ambtenarenrecht
1851, ECLI:NL:GHARL:2013:2333, Bestuursrecht, Bestuursstrafrecht
1852, ECLI:NL:HR:2023:1526, Bestuursrecht, Belastingrecht
1853, ECLI:NL:HR:2013:969, Bestuursrecht, Belastingrecht
1854, ECLI:NL:CRVB:2024:132, Bestuursrecht, Socialezekerheidsrecht
1855, ECLI:NL:GHDHA:2023:847, Civiel recht, Burgerlijk procesrecht
1856, ECLI:NL:HR:2022:336, Civiel recht, 
1857, ECLI:NL:RBDHA:2024:230, Bestuursrecht, Vreemdelingenrecht
1858, ECLI:NL:HR:2017:1012, Civiel recht, 
1859, ECLI:NL:CRVB:2018:4230, Bestuursrecht, Socialezekerheidsrecht
1860, ECLI:NL:CRVB:2009:BH1896, Bestuursrecht, Socialezekerheidsrecht
1861, ECLI:NL:RVS:2023:4302, Bestuursrecht, Vreemdelingenrecht
1862, ECLI:NL:GHARL:2014:6715, Civiel recht, 
1863, ECLI:NL:RVS:2019:3684, Bestuursrecht, Vreemdelingenrecht
1864, ECLI:NL:HR:2004:AQ6896, Bestuursrecht, Belastingrecht
1865, ECLI:NL:RVS:2019:3684, Bestuursrecht, Vreemdelingenrecht
1866, ECLI:NL:HR:1998:ZC2789, Civiel recht, 
1867, ECLI:NL:HR:1994:ZC1440, Civiel recht, 
1868, ECLI:NL:RBAMS:2019:6589, Bestuursrecht, 
1869, ECLI:NL:CRVB:2013:BZ8062, Bestuursrecht, Socialezekerheidsrecht
1870, ECLI:NL:CBB:2023:32, Bestuursrecht, 
1871, ECLI:NL:CRVB:2019:4170, Bestuursrecht, Socialezekerheidsrecht
1872, ECLI:NL:RVS:2025:5171, Bestuursrecht, Vreemdelingenrecht
1873, ECLI:NL:GHDHA:2024:1917, Bestuursrecht, Belastingrecht
1874, ECLI:NL:PHR:2021:1064, Civiel recht, 
1875, ECLI:NL:RBAMS:2021:5051, Strafrecht, Europees strafrecht
1876, ECLI:NL:RVS:2023:3208, Bestuursrecht, 
1877, ECLI:NL:RVS:2022:878, Bestuursrecht, Vreemdelingenrecht
1878, ECLI:NL:RVS:2010:BO3512, Bestuursrecht, 
1879, ECLI:NL:HR:2013:BX9407, Strafrecht, 
1880, ECLI:NL:GHAMS:2019:1327, Civiel recht, 
1881, ECLI:NL:CBB:2024:31, Bestuursrecht, 
1882, ECLI:NL:HR:2006:AY9497, Bestuursrecht, Belastingrecht
1883, ECLI:NL:GHARL:2020:1657, Bestuursrecht, Belastingrecht
1884, ECLI:NL:RVS:2020:792, Bestuursrecht, 
1885, ECLI:NL:HR:2024:50, Bestuursrecht, Belastingrecht
1886, ECLI:NL:RBDHA:2019:10513, Civiel recht, 
1887, ECLI:NL:RVS:2004:AO2390, Bestuursrecht, 
1888, ECLI:NL:CBB:2022:149, Bestuursrecht, 
1889, ECLI:NL:RBDHA:2023:14204, Bestuursrecht, 
1890, ECLI:NL:RVS:2023:714, Bestuursrecht, 
1891, ECLI:NL:CRVB:2020:2995, Bestuursrecht, Socialezekerheidsrecht
1892, ECLI:NL:CRVB:2021:1500, Bestuursrecht, Socialezekerheidsrecht
1893, ECLI:NL:HR:1994:ZC1445, Civiel recht, 
1894, ECLI:NL:HR:2014:3603, Bestuursrecht, Belastingrecht
1895, ECLI:NL:GHAMS:2019:2491, Bestuursrecht, Belastingrecht
1896, ECLI:NL:RBOBR:2022:3577, Bestuursrecht, Bestuursprocesrecht
1897, ECLI:NL:RVS:2021:2793, Bestuursrecht, Vreemdelingenrecht
1898, ECLI:NL:RVS:2015:1753, Bestuursrecht, 
1899, ECLI:NL:HR:2011:BP3057, Civiel recht, 
1900, ECLI:NL:CRVB:2016:445, Bestuursrecht, Socialezekerheidsrecht
1901, ECLI:NL:HR:2013:48, Civiel recht, Insolventierecht
1902, ECLI:NL:CRVB:2023:950, Bestuursrecht, Socialezekerheidsrecht
1903, ECLI:NL:RVS:2014:2483, Bestuursrecht, Vreemdelingenrecht
1904, ECLI:NL:HR:2015:660, Bestuursrecht, Belastingrecht
1905, ECLI:NL:HR:2015:67, Bestuursrecht, Belastingrecht
1906, ECLI:NL:RVS:2024:190, Bestuursrecht, Vreemdelingenrecht
1907, ECLI:NL:RVS:2018:2264, Bestuursrecht, Vreemdelingenrecht
1908, ECLI:NL:HR:2013:1211, Bestuursrecht, Belastingrecht
1909, ECLI:NL:HR:2000:AA7956, Strafrecht, 
1910, ECLI:NL:RBMNE:2023:627, Bestuursrecht, Omgevingsrecht
1911, ECLI:NL:RVS:2012:BW6882, Bestuursrecht, 
1912, ECLI:NL:RVS:2016:1314, Bestuursrecht, 
1913, ECLI:NL:RVS:2023:1566, Bestuursrecht, Vreemdelingenrecht
1914, ECLI:NL:CRVB:2023:1051, Bestuursrecht, Ambtenarenrecht
1915, ECLI:NL:RVS:2013:BZ8428, Bestuursrecht, 
1916, ECLI:NL:GHARL:2021:1904, Bestuursrecht, Belastingrecht
1917, ECLI:NL:CBB:2012:BW7869, Bestuursrecht, 
1918, ECLI:NL:RVS:2018:1802, Bestuursrecht, Vreemdelingenrecht
1919, ECLI:NL:HR:2004:AO7721, Civiel recht, 
1920, ECLI:NL:CRVB:2014:3564, Bestuursrecht, Socialezekerheidsrecht
1921, ECLI:NL:HR:2003:AF7103, Bestuursrecht, Belastingrecht
1922, ECLI:NL:RVS:2018:3760, Bestuursrecht, Vreemdelingenrecht
1923, ECLI:NL:RVS:2014:2537, Bestuursrecht, 
1924, ECLI:NL:GHARL:2020:1803, Bestuursrecht, Bestuursstrafrecht
1925, ECLI:NL:RVS:2022:1558, Bestuursrecht, 
1926, ECLI:NL:HR:2005:AO9006, Bestuursrecht, Belastingrecht
1927, ECLI:NL:HR:2000:AA8256, Civiel recht, 
1928, ECLI:NL:CRVB:2012:BY6005, Bestuursrecht, Ambtenarenrecht
1929, ECLI:NL:GHSHE:2011:BV2713, Bestuursrecht, Belastingrecht
1930, ECLI:NL:CBB:2018:279, Bestuursrecht, 
1931, ECLI:NL:RBDHA:2022:7454, Bestuursrecht, Vreemdelingenrecht
1932, ECLI:NL:HR:2021:1677, Civiel recht, 
1933, ECLI:NL:HR:2014:346, Bestuursrecht, Belastingrecht
1934, ECLI:NL:RVS:2015:763, Bestuursrecht, 
1935, ECLI:NL:RVS:2010:BL1859, Bestuursrecht, 
1936, ECLI:NL:RBOVE:2019:2141, Civiel recht, 
1937, ECLI:NL:RVS:2019:3100, Bestuursrecht, 
1938, ECLI:NL:GHAMS:2022:499, Bestuursrecht, Belastingrecht
1939, ECLI:NL:CRVB:2017:4068, Bestuursrecht, Socialezekerheidsrecht
1940, ECLI:NL:RVS:2013:2109, Bestuursrecht, 
1941, ECLI:NL:PHR:2023:1224, Bestuursrecht, Belastingrecht
1942, ECLI:NL:RVS:2020:1671, Bestuursrecht, Omgevingsrecht
1943, ECLI:NL:GHAMS:2019:3423, Civiel recht, 
1944, ECLI:NL:HR:2014:3191, Bestuursrecht, Belastingrecht
1945, ECLI:NL:GHAMS:2024:3707, Bestuursrecht, Belastingrecht
1946, ECLI:NL:HR:2014:194, Strafrecht, 
1947, ECLI:NL:RVS:2023:3134, Bestuursrecht, Vreemdelingenrecht
1948, ECLI:NL:GHARL:2020:8988, Civiel recht, 
1949, ECLI:NL:RBGEL:2021:639, Bestuursrecht, Belastingrecht
1950, ECLI:NL:RVS:2018:4180, Bestuursrecht, 
1951, ECLI:NL:CRVB:2020:1083, Bestuursrecht, Socialezekerheidsrecht
1952, ECLI:NL:RBROT:2023:4477, Bestuursrecht, 
1953, ECLI:NL:RVS:2024:2662, Bestuursrecht, Vreemdelingenrecht
1954, ECLI:NL:RBZWB:2024:3583, Bestuursrecht, Omgevingsrecht
1955, ECLI:NL:CRVB:2021:629, Bestuursrecht, Socialezekerheidsrecht
1956, ECLI:NL:RVS:2015:2233, Bestuursrecht, 
1957, ECLI:NL:RBMNE:2023:3357, Bestuursrecht, 
1958, ECLI:NL:RVS:2022:782, Bestuursrecht, 
1959, ECLI:NL:RVS:2016:2616, Bestuursrecht, 
1960, ECLI:NL:HR:2015:586, Civiel recht, 
1961, ECLI:NL:RVS:2020:197, Bestuursrecht, Vreemdelingenrecht
1962, ECLI:NL:RVS:2022:2225, Bestuursrecht, 
1963, ECLI:NL:RVS:2019:2753, Bestuursrecht, 
1964, ECLI:NL:GHSHE:2015:4734, Civiel recht, Verbintenissenrecht
1965, ECLI:NL:HR:2002:AD5356, Civiel recht, 
1966, ECLI:NL:CBB:2016:276, Bestuursrecht, 
1967, ECLI:NL:HR:2000:AA5635, Civiel recht, 
1968, ECLI:NL:CRVB:2012:BY4808, Bestuursrecht, Socialezekerheidsrecht
1969, ECLI:NL:RVS:2018:3737, Bestuursrecht, Vreemdelingenrecht
1970, ECLI:NL:RVS:2014:3337, Bestuursrecht, 
1971, ECLI:NL:RVS:2011:BQ2684, Bestuursrecht, 
1972, ECLI:NL:XX:1993:BF1655, Bestuursrecht, 
1973, ECLI:NL:RVS:2013:493, Bestuursrecht, Vreemdelingenrecht
1974, ECLI:NL:RVS:2024:3034, Bestuursrecht, Omgevingsrecht
1975, ECLI:NL:HR:2009:BI1968, Bestuursrecht, Belastingrecht
1976, ECLI:NL:HR:2014:540, Bestuursrecht, Belastingrecht
1977, ECLI:NL:GHARL:2022:491, Bestuursrecht, Belastingrecht
1978, ECLI:NL:HR:2021:1167, Civiel recht, Verbintenissenrecht
1979, ECLI:NL:RVS:2013:3387, Civiel recht, Verbintenissenrecht
1980, ECLI:NL:GHARL:2023:1256, Bestuursrecht, Bestuursstrafrecht
1981, ECLI:NL:HR:2016:420, Bestuursrecht, Belastingrecht
1982, ECLI:NL:HR:2025:985, Strafrecht, 
1983, ECLI:NL:RBDHA:2019:11909, Civiel recht, 
1984, ECLI:NL:RVS:2015:4047, Bestuursrecht, 
1985, ECLI:NL:HR:2005:AU4300, Bestuursrecht, Belastingrecht
1986, ECLI:NL:HR:2014:802, Bestuursrecht, Belastingrecht
1987, ECLI:NL:RVS:2024:5281, Bestuursrecht, Vreemdelingenrecht
1988, ECLI:NL:RVS:2015:785, Bestuursrecht, Vreemdelingenrecht
1989, ECLI:NL:HR:2007:AZ5686, Civiel recht, Personen- en familierecht
1990, ECLI:NL:RVS:2018:2116, Bestuursrecht, 
1991, ECLI:NL:RVS:2025:4774, Bestuursrecht, Vreemdelingenrecht
1992, ECLI:NL:HR:2020:563, Strafrecht, 
1993, ECLI:NL:GHARL:2021:6758, Civiel recht, 
1994, ECLI:NL:GHSHE:2018:4638, Bestuursrecht, Belastingrecht
1995, ECLI:NL:RVS:2021:1645, Bestuursrecht, Vreemdelingenrecht
1996, ECLI:NL:RVS:2023:427, Bestuursrecht, 
1997, ECLI:NL:HR:2021:517, Bestuursrecht, Belastingrecht
1998, ECLI:NL:CRVB:2008:BC3264, Bestuursrecht, Socialezekerheidsrecht
1999, ECLI:NL:HR:2021:415, Bestuursrecht, Belastingrecht
2000, ECLI:NL:RBLIM:2023:5583, Bestuursrecht, Vreemdelingenrecht
2001, ECLI:NL:RVS:2019:579, Bestuursrecht, Vreemdelingenrecht
2002, ECLI:NL:GHARL:2023:8464, Civiel recht, 
2003, ECLI:NL:RVS:2015:214, Bestuursrecht, 
2004, ECLI:NL:HR:1976:AD7917, Bestuursrecht, 
2005, ECLI:NL:GHSHE:2023:2746, Civiel recht, Personen- en familierecht
2006, ECLI:NL:GHAMS:2007:AZ7033, Civiel recht, 
2007, ECLI:NL:RVS:2010:BL1791, Bestuursrecht, 
2008, ECLI:NL:CRVB:2010:BM4034, Bestuursrecht, Socialezekerheidsrecht
2009, ECLI:NL:RBZWB:2023:1555, Bestuursrecht, Belastingrecht
2010, ECLI:NL:HR:2006:AY8290, Civiel recht, 
2011, ECLI:NL:RVS:2008:BE9272, Bestuursrecht, 
2012, ECLI:NL:HR:2012:BY0957, Civiel recht, 
2013, ECLI:NL:CRVB:2009:BH8896, Bestuursrecht, Socialezekerheidsrecht
2014, ECLI:NL:GHDHA:2019:3208, Civiel recht, 
2015, ECLI:NL:HR:2021:507, Bestuursrecht, Belastingrecht
2016, ECLI:NL:CRVB:2024:932, Bestuursrecht, Socialezekerheidsrecht
2017, ECLI:NL:RVS:2017:2598, Bestuursrecht, 
2018, ECLI:NL:HR:2009:BH0762, Civiel recht, 
2019, ECLI:NL:RBDHA:2023:10757, Bestuursrecht, 
2020, ECLI:NL:RVS:2014:599, Bestuursrecht, 
2021, ECLI:NL:CRVB:2024:1889, Bestuursrecht, Socialezekerheidsrecht
2022, ECLI:NL:HR:2014:2928, Civiel recht, 
2023, ECLI:NL:RBOVE:2024:357, Strafrecht, 
2024, ECLI:NL:CRVB:2023:1153, Bestuursrecht, Socialezekerheidsrecht
2025, ECLI:NL:CRVB:2011:BP8458, Bestuursrecht, Socialezekerheidsrecht
2026, ECLI:NL:HR:2013:CA1725, Civiel recht, 
2027, ECLI:NL:CRVB:2021:941, Bestuursrecht, Socialezekerheidsrecht
2028, ECLI:NL:RVS:2022:3731, Bestuursrecht, 
2029, ECLI:NL:RVS:2014:4044, Bestuursrecht, 
2030, ECLI:NL:CRVB:2022:2794, Bestuursrecht, Socialezekerheidsrecht
2031, ECLI:NL:GHARL:2017:1422, Bestuursrecht, Bestuursstrafrecht
2032, ECLI:NL:RBZWB:2021:3064, Civiel recht, Personen- en familierecht
2033, ECLI:NL:OGHACMB:2013:42, Bestuursrecht, 
2034, ECLI:NL:RVS:2020:1953, Bestuursrecht, 
2035, ECLI:NL:HR:2014:1001, Civiel recht, 
2036, ECLI:NL:GHDHA:2024:191, Civiel recht, 
2037, ECLI:NL:RVS:2015:2217, Bestuursrecht, 
2038, ECLI:NL:RBROT:2022:1386, Bestuursrecht, 
2039, ECLI:NL:RVS:2020:2368, Bestuursrecht, 
2040, ECLI:NL:HR:1982:AG4400, Civiel recht, 
2041, ECLI:NL:CBB:2022:695, Bestuursrecht, 
2042, ECLI:NL:RVS:2013:1381, Bestuursrecht, 
2043, ECLI:NL:CRVB:2022:2458, Bestuursrecht, Socialezekerheidsrecht
2044, ECLI:NL:GHLEE:2009:BJ3210, Bestuursrecht, Bestuursstrafrecht
2045, ECLI:NL:CRVB:2000:AA6848, Bestuursrecht, Socialezekerheidsrecht
2046, ECLI:NL:GHARL:2022:3792, Civiel recht, Personen- en familierecht
2047, ECLI:NL:GHARL:2024:4173, Strafrecht, Strafprocesrecht
2048, ECLI:NL:HR:2020:821, Bestuursrecht, Belastingrecht
2049, ECLI:NL:HR:2020:483, Civiel recht, Personen- en familierecht
2050, ECLI:NL:HR:2014:3679, Civiel recht, 
2051, ECLI:NL:RVS:2024:3981, Bestuursrecht, 
2052, ECLI:NL:RBDHA:2023:11449, Civiel recht, Insolventierecht
2053, ECLI:NL:RBROT:2025:4483, Bestuursrecht, Bestuursprocesrecht
2054, ECLI:NL:RVS:2019:1003, Bestuursrecht, Vreemdelingenrecht
2055, ECLI:NL:PHR:2016:223, Bestuursrecht, Belastingrecht
2056, ECLI:NL:RVS:2015:2287, Bestuursrecht, 
2057, ECLI:NL:HR:2022:862, Civiel recht, Verbintenissenrecht
2058, ECLI:NL:RVS:2014:3968, Bestuursrecht, 
2059, ECLI:NL:HR:2021:1512, Bestuursrecht, Belastingrecht
2060, ECLI:NL:CRVB:2012:BY6202, Bestuursrecht, 
2061, ECLI:NL:RVS:2023:4618, Bestuursrecht, 
2062, ECLI:NL:PHR:2021:822, Bestuursrecht, Belastingrecht
2063, ECLI:NL:HR:2012:BX4029, Bestuursrecht, Belastingrecht
2064, ECLI:NL:RVS:2021:455, Bestuursrecht, Omgevingsrecht
2065, ECLI:NL:RVS:2009:BI1548, Bestuursrecht, Vreemdelingenrecht
2066, ECLI:NL:HR:2015:1077, Civiel recht, 
2067, ECLI:NL:RVS:2017:1744, Bestuursrecht, Vreemdelingenrecht
2068, ECLI:NL:HR:2015:1083, Bestuursrecht, Belastingrecht
2069, ECLI:NL:GHDHA:2024:1361, Civiel recht, Personen- en familierecht
2070, ECLI:NL:GHARL:2022:1086, Bestuursrecht, Belastingrecht
2071, ECLI:NL:CRVB:2014:3872, Bestuursrecht, Socialezekerheidsrecht
2072, ECLI:NL:HR:2009:BC2816, Bestuursrecht, Belastingrecht
2073, ECLI:NL:HR:2000:AA8610, Bestuursrecht, Belastingrecht
2074, ECLI:NL:HR:2024:705, Bestuursrecht, Belastingrecht
2075, ECLI:NL:RVS:2024:3023, Bestuursrecht, 
2076, ECLI:NL:HR:1999:AA2756, Bestuursrecht, Belastingrecht
2077, ECLI:NL:GHARL:2021:66, Bestuursrecht, Belastingrecht
2078, ECLI:NL:GHAMS:2021:1462, Civiel recht, 
2079, ECLI:NL:RVS:2019:466, Bestuursrecht, 
2080, ECLI:NL:RVS:2021:1286, Bestuursrecht, 
2081, ECLI:NL:RVS:2021:695, Bestuursrecht, Vreemdelingenrecht
2082, ECLI:NL:GHDHA:2021:2567, Bestuursrecht, Belastingrecht
2083, ECLI:NL:GHARL:2021:3798, Civiel recht, 
2084, ECLI:NL:RVS:2025:5150, Bestuursrecht, Vreemdelingenrecht
2085, ECLI:NL:GHAMS:2022:1039, Bestuursrecht, Belastingrecht
2086, ECLI:NL:CRVB:2018:990, Bestuursrecht, Socialezekerheidsrecht
2087, ECLI:NL:GHARL:2017:11074, Strafrecht, Strafprocesrecht
2088, ECLI:NL:RVS:2021:1156, Bestuursrecht, Vreemdelingenrecht
2089, ECLI:NL:RVS:2007:BA2670, Bestuursrecht, 
2090, ECLI:NL:CRVB:2015:298, Bestuursrecht, Socialezekerheidsrecht
2091, ECLI:NL:RVS:2020:1367, Bestuursrecht, 
2092, ECLI:NL:RVS:2016:3083, Bestuursrecht, Vreemdelingenrecht
2093, ECLI:NL:RVS:2004:AR7708, Bestuursrecht, Vreemdelingenrecht
2094, ECLI:NL:RVS:2015:483, Bestuursrecht, Vreemdelingenrecht
2095, ECLI:NL:GHAMS:2023:1165, Civiel recht, 
2096, ECLI:NL:RBAMS:2017:3763, Strafrecht, Europees strafrecht
2097, ECLI:NL:HR:2020:1275, Civiel recht, 
2098, ECLI:NL:RVS:2019:1421, Bestuursrecht, Omgevingsrecht
2099, ECLI:NL:HR:2000:AA6231, Civiel recht, 
2100, ECLI:NL:RVS:2022:1357, Bestuursrecht, Vreemdelingenrecht
2101, ECLI:NL:RVS:2012:BY5895, Bestuursrecht, 
2102, ECLI:NL:HR:1983:AG4575, Civiel recht, 
2103, ECLI:NL:HR:2017:18, Civiel recht, 
2104, ECLI:NL:RVS:2013:3263, Civiel recht, 
2105, ECLI:NL:RVS:2020:1624, Bestuursrecht, Vreemdelingenrecht
2106, ECLI:NL:RVS:2019:296, Bestuursrecht, 
2107, ECLI:NL:RVS:2019:3274, Bestuursrecht, 
2108, ECLI:NL:RBROT:2024:6560, Bestuursrecht, 
2109, ECLI:NL:RVS:2021:774, Bestuursrecht, 
2110, ECLI:NL:HR:2017:45, Bestuursrecht, Belastingrecht
2111, ECLI:NL:RBROT:2021:11028, Civiel recht, Personen- en familierecht
2112, ECLI:NL:RBROT:2023:3474, Bestuursrecht, 
2113, ECLI:NL:HR:2008:BC3379, Civiel recht, 
2114, ECLI:NL:HR:2021:1662, Strafrecht, 
2115, ECLI:NL:HR:2021:34, Bestuursrecht, Belastingrecht
2116, ECLI:NL:GHARL:2024:2966, Civiel recht, 
2117, ECLI:NL:HR:2020:956, Civiel recht, 
2118, ECLI:NL:HR:2013:BY3236, Civiel recht, Personen- en familierecht
2119, ECLI:NL:RBDHA:2025:15892, Bestuursrecht, Vreemdelingenrecht
2120, ECLI:NL:HR:2024:567, Bestuursrecht, Belastingrecht
2121, ECLI:NL:HR:2013:BX0942, Bestuursrecht, Belastingrecht
2122, ECLI:NL:CRVB:2023:571, Bestuursrecht, Socialezekerheidsrecht
2123, ECLI:NL:HR:1998:ZC2721, Civiel recht, 
2124, ECLI:NL:RVS:2025:1301, Bestuursrecht, 
2125, ECLI:NL:HR:2023:882, Civiel recht, 
2126, ECLI:NL:HR:2020:1601, Civiel recht, 
2127, ECLI:NL:RVS:2024:3455, Bestuursrecht, Vreemdelingenrecht
2128, ECLI:NL:RBDHA:2019:3262, Bestuursrecht, Vreemdelingenrecht
2129, ECLI:NL:GHARL:2024:3381, Bestuursrecht, Bestuursstrafrecht
2130, ECLI:NL:RVS:2019:3579, Bestuursrecht, Omgevingsrecht
2131, ECLI:NL:CRVB:2018:1774, Bestuursrecht, Socialezekerheidsrecht
2132, ECLI:NL:GHAMS:2022:310, Bestuursrecht, Belastingrecht
2133, ECLI:NL:HR:2017:2822, Bestuursrecht, Belastingrecht
2134, ECLI:NL:RVS:2015:331, Bestuursrecht, 
2135, ECLI:NL:RVS:2021:2402, Bestuursrecht, 
2136, ECLI:NL:RVS:2017:3583, Bestuursrecht, Omgevingsrecht
2137, ECLI:NL:HR:2020:1714, Civiel recht, 
2138, ECLI:NL:RVS:2018:1106, Bestuursrecht, Omgevingsrecht
2139, ECLI:NL:CRVB:2023:955, Bestuursrecht, Socialezekerheidsrecht
2140, ECLI:NL:HR:2018:564, Bestuursrecht, Belastingrecht
2141, ECLI:NL:RVS:2025:2907, Bestuursrecht, Vreemdelingenrecht
2142, ECLI:NL:RBDHA:2025:136, Bestuursrecht, Vreemdelingenrecht
2143, ECLI:NL:GHSHE:2025:671, Civiel recht, Insolventierecht
2144, ECLI:NL:RVS:2016:313, Bestuursrecht, 
2145, ECLI:NL:CRVB:2015:3341, Bestuursrecht, Ambtenarenrecht
2146, ECLI:NL:RVS:2018:843, Bestuursrecht, 
2147, ECLI:NL:CRVB:1997:AJ9338, Bestuursrecht, 
2148, ECLI:NL:CRVB:2017:1575, Bestuursrecht, Socialezekerheidsrecht
2149, ECLI:NL:PHR:2023:1042, Bestuursrecht, Belastingrecht
2150, ECLI:NL:PHR:2023:934, Bestuursrecht, Belastingrecht
2151, ECLI:NL:RVS:2007:BB1436, Bestuursrecht, Vreemdelingenrecht
2152, ECLI:NL:GHAMS:2024:1229, Bestuursrecht, Belastingrecht
2153, ECLI:NL:RVS:2016:1174, Bestuursrecht, 
2154, ECLI:NL:GHARL:2023:2770, Bestuursrecht, Bestuursstrafrecht
2155, ECLI:NL:HR:2023:1499, Bestuursrecht, Belastingrecht
2156, ECLI:NL:HR:2008:BC4844, Civiel recht, Personen- en familierecht
2157, ECLI:NL:RVS:2019:1215, Bestuursrecht, Omgevingsrecht
2158, ECLI:NL:RBDHA:2024:2967, Bestuursrecht, Vreemdelingenrecht
2159, ECLI:NL:HR:2025:670, Bestuursrecht, Belastingrecht
2160, ECLI:NL:HR:2023:455, Civiel recht, 
2161, ECLI:NL:RVS:2017:1946, Bestuursrecht, 
2162, ECLI:NL:HR:2004:AO5123, Civiel recht, 
2163, ECLI:NL:RVS:2021:1160, Bestuursrecht, 
2164, ECLI:NL:RBROT:2025:8380, Bestuursrecht, Bestuursprocesrecht
2165, ECLI:NL:HR:2009:BH2815, Civiel recht, Ondernemingsrecht
2166, ECLI:NL:RBMNE:2024:5380, Bestuursrecht, 
2167, ECLI:NL:HR:2013:2058, Civiel recht, 
2168, ECLI:NL:RVS:2010:BN7011, Bestuursrecht, 
2169, ECLI:NL:HR:2003:AF7423, Civiel recht, 
2170, ECLI:NL:HR:1937:257, Civiel recht, 
2171, ECLI:NL:HR:2013:BZ6822, Bestuursrecht, Belastingrecht
2172, ECLI:NL:RVS:2013:BZ8407, Bestuursrecht, 
2173, ECLI:NL:RBDHA:2020:6573, Bestuursrecht, 
2174, ECLI:NL:HR:2013:CA3937, Bestuursrecht, Belastingrecht
2175, ECLI:NL:HR:2016:2687, Civiel recht, 
2176, ECLI:NL:RVS:2016:1630, Bestuursrecht, Vreemdelingenrecht
2177, ECLI:NL:CRVB:1975:1, Bestuursrecht, Socialezekerheidsrecht
2178, ECLI:NL:HR:2005:AU7345, Bestuursrecht, Belastingrecht
2179, ECLI:NL:RVS:2003:AF2905, Bestuursrecht, 
2180, ECLI:NL:RBZWB:2021:260, Bestuursrecht, Belastingrecht
2181, ECLI:NL:HR:1999:ZD1502, Strafrecht, 
2182, ECLI:NL:CBB:2024:34, Bestuursrecht, 
2183, ECLI:NL:RVS:2021:1663, Bestuursrecht, 
2184, ECLI:NL:RVS:2013:2048, Bestuursrecht, 
2185, ECLI:NL:CRVB:2023:1125, Bestuursrecht, Socialezekerheidsrecht
2186, ECLI:NL:HR:2002:AE4811, Bestuursrecht, Belastingrecht
2187, ECLI:NL:GHAMS:2022:1062, Civiel recht, 
2188, ECLI:NL:RVS:2018:738, Bestuursrecht, 
2189, ECLI:NL:CRVB:2023:1192, Bestuursrecht, Socialezekerheidsrecht
2190, ECLI:NL:HR:2006:AY6008, Bestuursrecht, Belastingrecht
2191, ECLI:NL:GHSHE:2023:247, Bestuursrecht, Belastingrecht
2192, ECLI:NL:CRVB:2014:455, Bestuursrecht, Socialezekerheidsrecht
2193, ECLI:NL:RBMNE:2022:478, Bestuursrecht, Socialezekerheidsrecht
2194, ECLI:NL:HR:2019:1784, Civiel recht, 
2195, ECLI:NL:HR:2022:1319, Strafrecht, 
2196, ECLI:NL:HR:2023:692, Bestuursrecht, Belastingrecht
2197, ECLI:NL:RVS:2015:3079, Bestuursrecht, Vreemdelingenrecht
2198, ECLI:NL:HR:2020:1786, Civiel recht, Goederenrecht
2199, ECLI:NL:RVS:2024:3109, Bestuursrecht, Vreemdelingenrecht
2200, ECLI:NL:RBGEL:2019:309, Civiel recht, 
2201, ECLI:NL:HR:2019:1016, Bestuursrecht, Belastingrecht
2202, ECLI:NL:RVS:2018:1509, Bestuursrecht, Vreemdelingenrecht
2203, ECLI:NL:HR:2024:492, Strafrecht, 
2204, ECLI:NL:GHARL:2022:3775, Bestuursrecht, Bestuursstrafrecht
2205, ECLI:NL:GHDHA:2019:190, Civiel recht, Personen- en familierecht
2206, ECLI:NL:HR:2013:BX6666, Bestuursrecht, Belastingrecht
2207, ECLI:NL:CRVB:2022:2451, Bestuursrecht, Socialezekerheidsrecht
2208, ECLI:NL:RBZWB:2024:7812, Bestuursrecht, Bestuursprocesrecht
2209, ECLI:NL:RVS:2021:2566, Bestuursrecht, Vreemdelingenrecht
2210, ECLI:NL:RVS:2011:BU1640, Bestuursrecht, Omgevingsrecht
2211, ECLI:NL:RVS:2019:395, Bestuursrecht, 
2212, ECLI:NL:RBGEL:2021:5972, Bestuursrecht, Socialezekerheidsrecht
2213, ECLI:NL:HR:2025:1175, Bestuursrecht, Belastingrecht
2214, ECLI:NL:CRVB:2023:2195, Bestuursrecht, Socialezekerheidsrecht
2215, ECLI:NL:RVS:1994:AN4238, Bestuursrecht, Socialezekerheidsrecht
2216, ECLI:NL:CRVB:2009:BI4685, Bestuursrecht, Socialezekerheidsrecht
2217, ECLI:NL:RBNNE:2020:3353, Civiel recht, 
2218, ECLI:NL:RVS:2016:593, Bestuursrecht, 
2219, ECLI:NL:RVS:2020:3156, Bestuursrecht, 
2220, ECLI:NL:GHARL:2017:11439, Strafrecht, Strafprocesrecht
2221, ECLI:NL:HR:1998:ZC2674, Civiel recht, 
2222, ECLI:NL:HR:2021:648, Bestuursrecht, Belastingrecht
2223, ECLI:NL:RVS:2005:AT0521, Bestuursrecht, 
2224, ECLI:NL:RVS:2025:1460, Bestuursrecht, Omgevingsrecht
2225, ECLI:NL:CRVB:2022:1593, Bestuursrecht, Socialezekerheidsrecht
2226, ECLI:NL:OGEAA:2019:218, Bestuursrecht, Belastingrecht
2227, ECLI:NL:GHARL:2024:2210, Civiel recht, 
2228, ECLI:NL:RVS:2024:5104, Bestuursrecht, 
2229, ECLI:NL:HR:1986:AW8043, Bestuursrecht, Belastingrecht
2230, ECLI:NL:RVS:2019:186, Bestuursrecht, 
2231, ECLI:NL:GHARL:2020:7182, Civiel recht, 
2232, ECLI:NL:HR:2019:393, Bestuursrecht, Belastingrecht
2233, ECLI:NL:RVS:2022:3820, Bestuursrecht, Belastingrecht
2234, ECLI:NL:RBMNE:2021:2890, Bestuursrecht, Belastingrecht
2235, ECLI:NL:RVS:2024:32, Bestuursrecht, Vreemdelingenrecht
2236, ECLI:NL:HR:2023:1628, Civiel recht, 
2237, ECLI:NL:HR:2024:1885, Bestuursrecht, Belastingrecht
2238, ECLI:NL:HR:1982:AC0442, Bestuursrecht, Belastingrecht
2239, ECLI:NL:OGHACMB:2021:89, Bestuursrecht, Belastingrecht
2240, ECLI:NL:HR:2014:777, Bestuursrecht, Belastingrecht
2241, ECLI:NL:RBDHA:2024:13554, Bestuursrecht, Vreemdelingenrecht
2242, ECLI:NL:RBDHA:2025:4324, Bestuursrecht, Vreemdelingenrecht
2243, ECLI:NL:HR:2022:771, Bestuursrecht, Belastingrecht
2244, ECLI:NL:RVS:2018:4173, Bestuursrecht, 
2245, ECLI:NL:GHAMS:2024:1841, Civiel recht, 
2246, ECLI:NL:CBB:2018:290, Bestuursrecht, 
2247, ECLI:NL:PHR:2024:1140, Bestuursrecht, Belastingrecht
2248, ECLI:NL:RVS:2014:1630, Bestuursrecht, 
2249, ECLI:NL:PHR:2018:1420, Bestuursrecht, Belastingrecht
2250, ECLI:NL:RVS:2022:2777, Bestuursrecht, Vreemdelingenrecht
2251, ECLI:NL:CRVB:2016:5121, Bestuursrecht, Socialezekerheidsrecht
2252, ECLI:NL:RBAMS:2019:6292, Civiel recht, 
2253, ECLI:NL:CRVB:2019:2869, Bestuursrecht, Socialezekerheidsrecht
2254, ECLI:NL:RVS:2019:2187, Bestuursrecht, 
2255, ECLI:NL:CRVB:2013:1069, Bestuursrecht, Ambtenarenrecht
2256, ECLI:NL:HR:2015:147, Bestuursrecht, Belastingrecht
2257, ECLI:NL:RVS:2023:4787, Bestuursrecht, 
2258, ECLI:NL:RVS:2010:BP0367, Bestuursrecht, 
2259, ECLI:NL:RBDHA:2023:3154, Bestuursrecht, Vreemdelingenrecht
2260, ECLI:NL:GHARL:2020:4561, Bestuursrecht, Bestuursstrafrecht
2261, ECLI:NL:GHARL:2018:8462, Civiel recht, Personen- en familierecht
2262, ECLI:NL:RVS:2018:1508, Bestuursrecht, Vreemdelingenrecht
2263, ECLI:NL:RVS:2017:701, Bestuursrecht, Omgevingsrecht
2264, ECLI:NL:GHARL:2022:490, Bestuursrecht, Belastingrecht
2265, ECLI:NL:GHARL:2016:2589, Bestuursrecht, Bestuursstrafrecht
2266, ECLI:NL:HR:2006:AY6205, Civiel recht, 
2267, ECLI:NL:HR:2011:BP3044, Civiel recht, 
2268, ECLI:NL:CRVB:2015:3574, Bestuursrecht, Socialezekerheidsrecht
2269, ECLI:NL:HR:2011:BQ0415, Bestuursrecht, Belastingrecht
2270, ECLI:NL:RVS:2017:326, Bestuursrecht, 
2271, ECLI:NL:HR:2012:BY2770, Bestuursrecht, Belastingrecht
2272, ECLI:NL:RVS:2021:2348, Bestuursrecht, 
2273, ECLI:NL:CRVB:2024:950, Bestuursrecht, Socialezekerheidsrecht
2274, ECLI:NL:RVS:2022:1765, Bestuursrecht, 
2275, ECLI:NL:PHR:2024:1116, Bestuursrecht, Belastingrecht
2276, ECLI:NL:GHARL:2021:6734, Bestuursrecht, Belastingrecht
2277, ECLI:NL:RVS:2019:4202, Bestuursrecht, Vreemdelingenrecht
2278, ECLI:NL:RVS:2009:BI5889, Bestuursrecht, Vreemdelingenrecht
2279, ECLI:NL:CRVB:2016:1396, Bestuursrecht, Socialezekerheidsrecht
2280, ECLI:NL:HR:2000:AA4984, Bestuursrecht, Belastingrecht
2281, ECLI:NL:RVS:2018:1151, Bestuursrecht, 
2282, ECLI:NL:CRVB:2019:4327, Bestuursrecht, Socialezekerheidsrecht
2283, ECLI:NL:RVS:2017:3249, Bestuursrecht, 
2284, ECLI:NL:RVS:2018:4046, Bestuursrecht, 
2285, ECLI:NL:CBB:2022:116, Bestuursrecht, 
2286, ECLI:NL:HR:2014:1089, Civiel recht, 
2287, ECLI:NL:HR:2019:566, Civiel recht, Internationaal privaatrecht
2288, ECLI:NL:RVS:2023:4608, Bestuursrecht, 
2289, ECLI:NL:RVS:2018:141, Bestuursrecht, 
2290, ECLI:NL:RVS:2015:2080, Bestuursrecht, 
2291, ECLI:NL:RVS:2016:986, Bestuursrecht, 
2292, ECLI:NL:HR:2011:BT6841, Bestuursrecht, Belastingrecht
2293, ECLI:NL:GHARL:2018:7328, Civiel recht, 
2294, ECLI:NL:HR:2024:1657, Bestuursrecht, Belastingrecht
2295, ECLI:NL:RBDHA:2024:5735, Bestuursrecht, Vreemdelingenrecht
2296, ECLI:NL:RVS:2015:2420, Bestuursrecht, Vreemdelingenrecht
2297, ECLI:NL:GHARL:2023:5554, Bestuursrecht, Bestuursstrafrecht
2298, ECLI:NL:RVS:2016:572, Bestuursrecht, 
2299, ECLI:NL:HR:2018:696, Civiel recht, 
2300, ECLI:NL:XX:2002:BG0080, Civiel recht, 
2301, ECLI:NL:HR:2020:1779, Bestuursrecht, Belastingrecht
2302, ECLI:NL:GHDHA:2022:1652, Bestuursrecht, Belastingrecht
2303, ECLI:NL:RVS:2014:3788, Bestuursrecht, 
2304, ECLI:NL:CRVB:2019:2016, Bestuursrecht, Socialezekerheidsrecht
2305, ECLI:NL:RBAMS:2022:7536, Strafrecht, Europees strafrecht
2306, ECLI:NL:RVS:2015:3578, Bestuursrecht, 
2307, ECLI:NL:RVS:2021:1421, Bestuursrecht, 
2308, ECLI:NL:CRVB:2019:4127, Bestuursrecht, Socialezekerheidsrecht
2309, ECLI:NL:RVS:2024:2904, Bestuursrecht, 
2310, ECLI:NL:CRVB:1999:3, Bestuursrecht, Socialezekerheidsrecht
2311, ECLI:NL:RVS:1996:ZF2153, Bestuursrecht, 
2312, ECLI:NL:RVS:2024:177, Bestuursrecht, Vreemdelingenrecht
2313, ECLI:NL:RVS:2014:3851, Bestuursrecht, 
2314, ECLI:NL:CBB:2016:414, Bestuursrecht, 
2315, ECLI:NL:RVS:2013:3389, Bestuursrecht, 
2316, ECLI:NL:RVS:2018:2188, Bestuursrecht, 
2317, ECLI:NL:CRVB:2019:1384, Bestuursrecht, Socialezekerheidsrecht
2318, ECLI:NL:HR:2014:1523, Bestuursrecht, Belastingrecht
2319, ECLI:NL:RVS:2021:114, Bestuursrecht, Vreemdelingenrecht
2320, ECLI:NL:HR:2014:675, Civiel recht, Insolventierecht
2321, ECLI:NL:HR:2020:202, Bestuursrecht, Belastingrecht
2322, ECLI:NL:HR:1986:AC9354, Civiel recht, 
2323, ECLI:NL:RVS:2021:1336, Bestuursrecht, 
2324, ECLI:NL:CRVB:2011:BP1399, Bestuursrecht, Socialezekerheidsrecht
2325, ECLI:NL:RVS:2024:2405, Bestuursrecht, 
2326, ECLI:NL:GHAMS:2021:3807, Bestuursrecht, Belastingrecht
2327, ECLI:NL:HR:2014:699, Bestuursrecht, Belastingrecht
2328, ECLI:NL:RVS:2019:3672, Bestuursrecht, Vreemdelingenrecht
2329, ECLI:NL:HR:2023:1266, Civiel recht, 
2330, ECLI:NL:HR:2003:AE9049, Strafrecht, 
2331, ECLI:NL:RVS:2015:2148, Bestuursrecht, 
2332, ECLI:NL:RVS:2015:2567, Bestuursrecht, 
2333, ECLI:NL:RVS:2017:968, Bestuursrecht, 
2334, ECLI:NL:RVS:2015:1412, Bestuursrecht, 
2335, ECLI:NL:CRVB:2016:4813, Bestuursrecht, Socialezekerheidsrecht
2336, ECLI:NL:GHARL:2015:7059, Bestuursrecht, Belastingrecht
2337, ECLI:NL:RVS:2020:2384, Bestuursrecht, 
2338, ECLI:NL:OGHNAA:2005:BG0439, Bestuursrecht, 
2339, ECLI:NL:CRVB:2011:BP5138, Bestuursrecht, Socialezekerheidsrecht
2340, ECLI:NL:HR:2012:BW9243, Civiel recht, 
2341, ECLI:NL:RVS:2016:1970, Bestuursrecht, 
2342, ECLI:NL:CRVB:2022:2727, Bestuursrecht, Socialezekerheidsrecht
2343, ECLI:NL:HR:2022:1526, Bestuursrecht, Belastingrecht
2344, ECLI:NL:RVS:2025:5168, Bestuursrecht, Vreemdelingenrecht
2345, ECLI:NL:HR:2005:AU8169, Bestuursrecht, Belastingrecht
2346, ECLI:NL:RVS:2024:5388, Bestuursrecht, 
2347, ECLI:NL:CRVB:2018:2288, Bestuursrecht, Ambtenarenrecht
2348, ECLI:NL:HR:1992:ZC0707, Civiel recht, 
2349, ECLI:NL:HR:1980:AC3465, Civiel recht, 
2350, ECLI:NL:RVS:2018:3681, Bestuursrecht, 
2351, ECLI:NL:RBNNE:2021:3179, Civiel recht, Personen- en familierecht
2352, ECLI:NL:CRVB:2015:3155, Bestuursrecht, Socialezekerheidsrecht
2353, ECLI:NL:HR:1996:ZC2063, Civiel recht, 
2354, ECLI:NL:RVS:2017:2706, Bestuursrecht, Vreemdelingenrecht
2355, ECLI:NL:HR:2014:1461, Bestuursrecht, Belastingrecht
2356, ECLI:NL:RVS:2021:1111, Bestuursrecht, 
2357, ECLI:NL:HR:2015:812, Bestuursrecht, Belastingrecht
2358, ECLI:NL:RVS:2025:2935, Bestuursrecht, Vreemdelingenrecht
2359, ECLI:NL:RVS:2019:1759, Bestuursrecht, 
2360, ECLI:NL:RVS:2022:906, Bestuursrecht, Vreemdelingenrecht
2361, ECLI:NL:RVS:2011:BU4547, Bestuursrecht, 
2362, ECLI:NL:CRVB:2016:3399, Bestuursrecht, Socialezekerheidsrecht
2363, ECLI:NL:HR:2023:1711, Bestuursrecht, Belastingrecht
2364, ECLI:NL:PHR:2017:1051, Bestuursrecht, Belastingrecht
2365, ECLI:NL:HR:2020:1726, Strafrecht, 
2366, ECLI:NL:RBOBR:2022:415, Bestuursrecht, Socialezekerheidsrecht
2367, ECLI:NL:RVS:2015:2462, Bestuursrecht, 
2368, ECLI:NL:RVS:2019:213, Bestuursrecht, Vreemdelingenrecht
2369, ECLI:NL:RBMNE:2021:5054, Civiel recht, Personen- en familierecht
2370, ECLI:NL:PHR:2023:1069, Bestuursrecht, Belastingrecht
2371, ECLI:NL:HR:2004:AO9069, Civiel recht, 
2372, ECLI:NL:RVS:2016:2840, Bestuursrecht, 
2373, ECLI:NL:RVS:2022:245, Bestuursrecht, Vreemdelingenrecht
2374, ECLI:NL:RVS:2021:953, Bestuursrecht, Omgevingsrecht
2375, ECLI:NL:CRVB:2009:BJ9223, Bestuursrecht, Socialezekerheidsrecht
2376, ECLI:NL:RVS:2023:4038, Bestuursrecht, 
2377, ECLI:NL:RVS:2014:188, Bestuursrecht, 
2378, ECLI:NL:RVS:2013:BZ7446, Bestuursrecht, Omgevingsrecht
2379, ECLI:NL:HR:2019:816, Bestuursrecht, Belastingrecht
2380, ECLI:NL:HR:2019:2006, Civiel recht, 
2381, ECLI:NL:GHARL:2022:10949, Civiel recht, 
2382, ECLI:NL:RVS:2020:341, Bestuursrecht, Vreemdelingenrecht
2383, ECLI:NL:RVS:2014:450, Bestuursrecht, 
2384, ECLI:NL:HR:2011:BR0119, Civiel recht, 
2385, ECLI:NL:HR:2007:BA0033, Civiel recht, 
2386, ECLI:NL:HR:2020:323, Bestuursrecht, Belastingrecht
2387, ECLI:NL:GHDHA:2023:1691, Bestuursrecht, Belastingrecht
2388, ECLI:NL:RBAMS:2023:3417, Strafrecht, Europees strafrecht
2389, ECLI:NL:CRVB:2022:250, Bestuursrecht, Socialezekerheidsrecht
2390, ECLI:NL:CRVB:2022:2462, Bestuursrecht, Socialezekerheidsrecht
2391, ECLI:NL:RVS:2024:2242, Bestuursrecht, 
2392, ECLI:NL:RVS:2011:5176, Bestuursrecht, 
2393, ECLI:NL:RVS:2010:BM9389, Bestuursrecht, 
2394, ECLI:NL:HR:2024:1178, Bestuursrecht, Belastingrecht
2395, ECLI:NL:HR:2010:BK3103, Bestuursrecht, Belastingrecht
2396, ECLI:NL:RVS:2021:696, Bestuursrecht, Vreemdelingenrecht
2397, ECLI:NL:RVS:2012:BV7254, Bestuursrecht, 
2398, ECLI:NL:HR:2008:BE9080, Civiel recht, 
2399, ECLI:NL:HR:2005:AU3929, Bestuursrecht, Belastingrecht
2400, ECLI:NL:RVS:2024:1742, Bestuursrecht, Vreemdelingenrecht
2401, ECLI:NL:CRVB:2008:BD2441, Bestuursrecht, Socialezekerheidsrecht
2402, ECLI:NL:HR:2012:BR2342, Strafrecht, 
2403, ECLI:NL:HR:2022:853, Civiel recht, Verbintenissenrecht
2404, ECLI:NL:RVS:2009:BK5070, Bestuursrecht, 
2405, ECLI:NL:TGZCTG:2018:274, Bestuursrecht, 
2406, ECLI:NL:CRVB:2017:3543, Bestuursrecht, Ambtenarenrecht
2407, ECLI:NL:CRvB:2011:BP9890, Bestuursrecht, Socialezekerheidsrecht
2408, ECLI:NL:CRVB:2002:AF0902, Bestuursrecht, Socialezekerheidsrecht
2409, ECLI:NL:HR:2009:BK0146, Civiel recht, 
2410, ECLI:NL:HR:1998:AA2572, Bestuursrecht, Belastingrecht
2411, ECLI:NL:HR:2015:3633, Civiel recht, Personen- en familierecht
2412, ECLI:NL:HR:1995:ZC1859, Civiel recht, 
2413, ECLI:NL:RVS:2011:BV3584, Bestuursrecht, Vreemdelingenrecht
2414, ECLI:NL:RVS:2007:BB7332, Bestuursrecht, 
2415, ECLI:NL:PHR:2018:616, Bestuursrecht, Belastingrecht
2416, ECLI:NL:RVS:2019:1402, Bestuursrecht, Vreemdelingenrecht
2417, ECLI:NL:HR:2016:2015, Civiel recht, 
2418, ECLI:NL:HR:2016:482, Bestuursrecht, Belastingrecht
2419, ECLI:NL:CRvB:2009:BK3717, Bestuursrecht, Socialezekerheidsrecht
2420, ECLI:NL:CRVB:2015:4737, Bestuursrecht, Socialezekerheidsrecht
2421, ECLI:NL:HR:1993:ZC1183, Civiel recht, 
2422, ECLI:NL:CRVB:2021:2305, Bestuursrecht, Socialezekerheidsrecht
2423, ECLI:NL:RBNNE:2024:3247, Bestuursrecht, 
2424, ECLI:NL:HR:1988:ZC3883, Bestuursrecht, Belastingrecht
2425, ECLI:NL:CRVB:2013:951, Bestuursrecht, Socialezekerheidsrecht
2426, ECLI:NL:PHR:2018:1419, Bestuursrecht, Belastingrecht
2427, ECLI:NL:HR:1992:ZC5032, Bestuursrecht, Belastingrecht
2428, ECLI:NL:HR:2018:1935, Civiel recht, 
2429, ECLI:NL:RVS:2018:1511, Bestuursrecht, Omgevingsrecht
2430, ECLI:NL:HR:1999:ZC2993, Civiel recht, 
2431, ECLI:NL:GHSHE:2024:699, Bestuursrecht, Belastingrecht
2432, ECLI:NL:HR:2016:369, Civiel recht, 
2433, ECLI:NL:RVS:2014:4413, Bestuursrecht, 
2434, ECLI:NL:CRVB:2019:2019, Bestuursrecht, Socialezekerheidsrecht
2435, ECLI:NL:HR:1978:AM4447, Bestuursrecht, Belastingrecht
2436, ECLI:NL:GHARL:2020:7762, Bestuursrecht, Bestuursstrafrecht
2437, ECLI:NL:CBB:2016:211, Bestuursrecht, 
2438, ECLI:NL:RVS:2017:3628, Bestuursrecht, 
2439, ECLI:NL:CRVB:2017:3059, Bestuursrecht, Socialezekerheidsrecht
2440, ECLI:NL:GHARL:2019:10121, Bestuursrecht, Bestuursstrafrecht
2441, ECLI:NL:RVS:2025:5144, Bestuursrecht, Vreemdelingenrecht
2442, ECLI:NL:RBAMS:2021:3732, Civiel recht, 
2443, ECLI:NL:CBB:2017:32, Bestuursrecht, 
2444, ECLI:NL:RVS:2017:2327, Bestuursrecht, 
2445, ECLI:NL:RVS:2018:1149, Bestuursrecht, 
2446, ECLI:NL:HR:2016:2012, Civiel recht, 
2447, ECLI:NL:HR:2017:3081, Bestuursrecht, Belastingrecht
2448, ECLI:NL:HR:2020:1666, Bestuursrecht, Belastingrecht
2449, ECLI:NL:RVS:2018:2010, Bestuursrecht, Omgevingsrecht
2450, ECLI:NL:HR:1997:ZC2348, Civiel recht, 
2451, ECLI:NL:RVS:2012:BV8773, Bestuursrecht, 
2452, ECLI:NL:HR:1994:AD2076, Strafrecht, 
2453, ECLI:NL:GHLEE:2011:BQ2772, Civiel recht, Personen- en familierecht
2454, ECLI:NL:RVS:2021:2126, Bestuursrecht, 
2455, ECLI:NL:HR:2000:AA6124, Bestuursrecht, Belastingrecht
2456, ECLI:NL:GHDHA:2021:1873, Strafrecht, 
2457, ECLI:NL:RVS:2017:1434, Bestuursrecht, Omgevingsrecht
2458, ECLI:NL:CRVB:2022:1859, Bestuursrecht, Ambtenarenrecht
2459, ECLI:NL:CRVB:2020:1652, Bestuursrecht, Socialezekerheidsrecht
2460, ECLI:NL:RBNHO:2025:22, Bestuursrecht, Socialezekerheidsrecht
2461, ECLI:NL:RVS:2018:3736, Bestuursrecht, Vreemdelingenrecht
2462, ECLI:NL:HR:2011:BT2293, Bestuursrecht, Belastingrecht
2463, ECLI:NL:RBAMS:2015:2111, Bestuursrecht, Socialezekerheidsrecht
2464, ECLI:NL:GHARL:2024:866, Civiel recht, 
2465, ECLI:NL:CRVB:2016:1943, Bestuursrecht, Socialezekerheidsrecht
2466, ECLI:NL:RVS:2017:2058, Bestuursrecht, Vreemdelingenrecht
2467, ECLI:NL:RVS:2023:3569, Bestuursrecht, Vreemdelingenrecht
2468, ECLI:NL:RVS:2015:3767, Bestuursrecht, 
2469, ECLI:NL:CRVB:2015:926, Bestuursrecht, Socialezekerheidsrecht
2470, ECLI:NL:HR:2006:AX0985, Bestuursrecht, Belastingrecht
2471, ECLI:NL:PHR:2021:1019, Bestuursrecht, Belastingrecht
2472, ECLI:NL:HR:2019:376, Civiel recht, 
2473, ECLI:NL:CRVB:2003:AO0764, Bestuursrecht, Socialezekerheidsrecht
2474, ECLI:NL:RVS:2014:1841, Bestuursrecht, 
2475, ECLI:NL:PHR:2016:339, Bestuursrecht, Belastingrecht
2476, ECLI:NL:HR:2019:1734, Civiel recht, Arbeidsrecht
2477, ECLI:NL:RBGEL:2018:4963, Civiel recht, 
2478, ECLI:NL:HR:2019:1619, Bestuursrecht, Belastingrecht
2479, ECLI:NL:HR:2000:AA6341, Civiel recht, Personen- en familierecht
2480, ECLI:NL:GHARL:2019:7007, Bestuursrecht, Belastingrecht
2481, ECLI:NL:RVS:2009:BH5553, Bestuursrecht, 
2482, ECLI:NL:RVS:2015:160, Bestuursrecht, 
2483, ECLI:NL:RBZWB:2025:91, Bestuursrecht, 
2484, ECLI:NL:RVS:2020:2032, Bestuursrecht, 
2485, ECLI:NL:GHARL:2018:10783, Civiel recht, 
2486, ECLI:NL:HR:2021:537, Civiel recht, Arbeidsrecht
2487, ECLI:NL:RBAMS:2025:4974, Strafrecht, Europees strafrecht
2488, ECLI:NL:HR:2002:AD8186, Civiel recht, 
2489, ECLI:NL:HR:2009:BJ0655, Civiel recht, 
2490, ECLI:NL:RVS:2017:210, Bestuursrecht, Vreemdelingenrecht
2491, ECLI:NL:RBZWB:2024:125, Bestuursrecht, 
2492, ECLI:NL:RVS:2018:4195, Bestuursrecht, 
2493, ECLI:NL:RVS:2016:2518, Bestuursrecht, Omgevingsrecht
2494, ECLI:NL:RVS:2018:1066, Bestuursrecht, Omgevingsrecht
2495, ECLI:NL:PHR:2023:1209, Bestuursrecht, Belastingrecht
2496, ECLI:NL:RVS:2017:25, Bestuursrecht, 
2497, ECLI:NL:RVS:2019:777, Bestuursrecht, 
2498, ECLI:NL:GHARL:2021:1786, Bestuursrecht, Bestuursstrafrecht
2499, ECLI:NL:HR:2012:BV7393, Bestuursrecht, Belastingrecht
2500, ECLI:NL:CBB:2023:142, Bestuursrecht, 
2501, ECLI:NL:RBROT:2025:2639, Bestuursrecht, 
2502, ECLI:NL:HR:2014:2628, Civiel recht, 
2503, ECLI:NL:HR:2017:3226, Bestuursrecht, Belastingrecht
2504, ECLI:NL:RVS:2017:2553, Bestuursrecht, 
2505, ECLI:NL:HR:2001:ZC3598, Civiel recht, Personen- en familierecht
2506, ECLI:NL:CRVB:2012:BY4322, Bestuursrecht, Socialezekerheidsrecht
2507, ECLI:NL:RVS:2018:4314, Bestuursrecht, Vreemdelingenrecht
2508, ECLI:NL:RBAMS:2019:7000, Civiel recht, 
2509, ECLI:NL:RVS:2014:3833, Bestuursrecht, Vreemdelingenrecht
2510, ECLI:NL:RVS:2020:1541, Bestuursrecht, 
2511, ECLI:NL:HR:2015:2795, Bestuursrecht, Belastingrecht
2512, ECLI:NL:HR:2007:AZ5556, Bestuursrecht, Belastingrecht
2513, ECLI:NL:RBDHA:2019:12133, Bestuursrecht, Vreemdelingenrecht
2514, ECLI:NL:RVS:2023:1962, Bestuursrecht, Vreemdelingenrecht
2515, ECLI:NL:CBB:2023:476, Bestuursrecht, 
2516, ECLI:NL:HR:2007:AZ7772, Civiel recht, Personen- en familierecht
2517, ECLI:NL:GHDHA:2022:657, Bestuursrecht, Belastingrecht
2518, ECLI:NL:HR:2011:BQ7597, Bestuursrecht, Belastingrecht
2519, ECLI:NL:CRVB:2018:114, Bestuursrecht, Socialezekerheidsrecht
2520, ECLI:NL:HR:2017:584, Strafrecht, 
2521, ECLI:NL:RVS:2020:1117, Bestuursrecht, 
2522, ECLI:NL:CRVB:2013:1936, Bestuursrecht, Socialezekerheidsrecht
2523, ECLI:NL:RVS:2020:2748, Bestuursrecht, 
2524, ECLI:NL:RBDHA:2021:402, Bestuursrecht, Vreemdelingenrecht
2525, ECLI:NL:CRVB:2018:3474, Bestuursrecht, Socialezekerheidsrecht
2526, ECLI:NL:HR:2018:2363, Civiel recht, 
2527, ECLI:NL:GHDHA:2022:2539, Bestuursrecht, Belastingrecht
2528, ECLI:NL:RVS:2025:5158, Bestuursrecht, 
2529, ECLI:NL:RVS:2019:990, Bestuursrecht, Vreemdelingenrecht
2530, ECLI:NL:RVS:2017:2707, Bestuursrecht, Vreemdelingenrecht
2531, ECLI:NL:RBLIM:2025:8509, Bestuursrecht, Vreemdelingenrecht
2532, ECLI:NL:GHAMS:2021:392, Civiel recht, 
2533, ECLI:NL:RVS:2018:1975, Bestuursrecht, Vreemdelingenrecht
2534, ECLI:NL:RVS:2018:1200, Bestuursrecht, 
2535, ECLI:NL:GHARL:2022:7778, Strafrecht, 
2536, ECLI:NL:HR:2018:2080, Bestuursrecht, Belastingrecht
2537, ECLI:NL:HR:2013:BZ9225, Civiel recht, 
2538, ECLI:NL:HR:2011:BP8686, Civiel recht, 
2539, ECLI:NL:HR:2022:752, Bestuursrecht, Belastingrecht
2540, ECLI:NL:RVS:2017:1819, Bestuursrecht, Vreemdelingenrecht
2541, ECLI:NL:HR:2004:AO6012, Civiel recht, 
2542, ECLI:NL:RVS:2025:159, Bestuursrecht, Vreemdelingenrecht
2543, ECLI:NL:GHARL:2021:9948, Strafrecht, Penitentiair strafrecht
2544, ECLI:NL:HR:2013:BY5241, Civiel recht, 
2545, ECLI:NL:GHAMS:2014:1523, Civiel recht, 
2546, ECLI:NL:RVS:2025:5170, Bestuursrecht, Vreemdelingenrecht
2547, ECLI:NL:RVS:2020:214, Bestuursrecht, 
2548, ECLI:NL:RVS:2015:2842, Bestuursrecht, Omgevingsrecht
2549, ECLI:NL:HR:2019:1783, Bestuursrecht, Belastingrecht
2550, ECLI:NL:HR:2011:BP2138, Bestuursrecht, Belastingrecht
2551, ECLI:NL:RVS:2012:BX2597, Bestuursrecht, 
2552, ECLI:NL:HR:2014:3606, Bestuursrecht, Belastingrecht
2553, ECLI:NL:RBMNE:2022:2386, Bestuursrecht, Socialezekerheidsrecht
2554, ECLI:NL:GHDHA:2016:2737, Civiel recht, Personen- en familierecht
2555, ECLI:NL:GHARL:2019:8307, Bestuursrecht, Bestuursstrafrecht
2556, ECLI:NL:RVS:2021:369, Bestuursrecht, 
2557, ECLI:NL:RVS:2023:4198, Bestuursrecht, Vreemdelingenrecht
2558, ECLI:NL:RBDHA:2023:19744, Civiel recht, 
2559, ECLI:NL:HR:2019:1787, Civiel recht, Burgerlijk procesrecht
2560, ECLI:NL:RVS:2016:1439, Bestuursrecht, 
2561, ECLI:NL:RBMNE:2023:1908, Bestuursrecht, Belastingrecht
2562, ECLI:NL:RVS:2023:2641, Bestuursrecht, Vreemdelingenrecht
2563, ECLI:NL:GHSHE:2007:BC3164, Bestuursrecht, Belastingrecht
2564, ECLI:NL:GHARL:2013:2333, Bestuursrecht, Bestuursstrafrecht
2565, ECLI:NL:HR:2007:BB4753, Bestuursrecht, Belastingrecht
2566, ECLI:NL:RVS:2024:3940, Bestuursrecht, 
2567, ECLI:NL:HR:1979:AB7302, Civiel recht, 
2568, ECLI:NL:RVS:2025:258, Bestuursrecht, Vreemdelingenrecht
2569, ECLI:NL:HR:2024:1913, Civiel recht, Insolventierecht
2570, ECLI:NL:RVS:2022:1684, Bestuursrecht, 
2571, ECLI:NL:RVS:2019:2738, Bestuursrecht, Vreemdelingenrecht
2572, ECLI:NL:HR:2010:BM1236, Bestuursrecht, Belastingrecht
2573, ECLI:NL:HR:2024:857, Bestuursrecht, Belastingrecht
2574, ECLI:NL:GHARL:2022:8003, Civiel recht, Personen- en familierecht
2575, ECLI:NL:RBNHO:2021:8413, Civiel recht, Personen- en familierecht
2576, ECLI:NL:CBB:2019:192, Bestuursrecht, 
2577, ECLI:NL:CRVB:2009:BK3713, Bestuursrecht, Socialezekerheidsrecht
2578, ECLI:NL:GHARL:2021:10307, Bestuursrecht, Belastingrecht
2579, ECLI:NL:CRVB:2024:726, Bestuursrecht, Socialezekerheidsrecht
2580, ECLI:NL:RBDHA:2024:4394, Bestuursrecht, Vreemdelingenrecht
2581, ECLI:NL:GHDHA:2024:1362, Civiel recht, Personen- en familierecht
2582, ECLI:NL:CRVB:2020:2634, Bestuursrecht, Socialezekerheidsrecht
2583, ECLI:NL:GHARL:2024:865, Civiel recht, 
2584, ECLI:NL:HR:2015:960, Bestuursrecht, Belastingrecht
2585, ECLI:NL:RVS:2013:875, Bestuursrecht, 
2586, ECLI:NL:RVS:2020:2559, Bestuursrecht, 
2587, ECLI:NL:HR:1999:AA4819, Civiel recht, Personen- en familierecht
2588, ECLI:NL:HR:2018:1115, Civiel recht, 
2589, ECLI:NL:HR:2023:1168, Bestuursrecht, Belastingrecht
2590, ECLI:NL:RBAMS:2024:4047, Strafrecht, Europees strafrecht
2591, ECLI:NL:RVS:2025:208, Bestuursrecht, 
2592, ECLI:NL:RVS:2018:2619, Bestuursrecht, Omgevingsrecht
2593, ECLI:NL:RBAMS:2018:294, Bestuursrecht, 
2594, ECLI:NL:RVS:2023:1374, Bestuursrecht, 
2595, ECLI:NL:RVS:2019:701, Bestuursrecht, Omgevingsrecht
2596, ECLI:NL:RVS:2015:2109, Bestuursrecht, 
2597, ECLI:NL:RVS:2022:3295, Bestuursrecht, 
2598, ECLI:NL:GHARL:2024:5796, Bestuursrecht, Bestuursstrafrecht
2599, ECLI:NL:HR:2017:293, Bestuursrecht, Belastingrecht
2600, ECLI:NL:RVS:2019:1951, Bestuursrecht, 
2601, ECLI:NL:HR:2019:505, Civiel recht, 
2602, ECLI:NL:RBMNE:2023:4482, Bestuursrecht, 
2603, ECLI:NL:GHARL:2017:3345, Bestuursrecht, Bestuursstrafrecht
2604, ECLI:NL:HR:2013:2123, Civiel recht, 
2605, ECLI:NL:RVS:2017:292, Bestuursrecht, Vreemdelingenrecht
2606, ECLI:NL:RVS:2023:1242, Bestuursrecht, 
2607, ECLI:NL:RBMNE:2023:4481, Bestuursrecht, 
2608, ECLI:NL:GHDHA:2023:2776, Bestuursrecht, Belastingrecht
2609, ECLI:NL:RBROT:2023:9694, Civiel recht, Insolventierecht
2610, ECLI:NL:CRVB:2019:1548, Bestuursrecht, Socialezekerheidsrecht
2611, ECLI:NL:HR:2020:809, Civiel recht, 
2612, ECLI:NL:RBDHA:2022:3776, Bestuursrecht, Vreemdelingenrecht
2613, ECLI:NL:RVS:2019:3980, Bestuursrecht, 
2614, ECLI:NL:RVS:2022:1440, Bestuursrecht, Vreemdelingenrecht
2615, ECLI:NL:CRVB:2023:952, Bestuursrecht, Socialezekerheidsrecht
2616, ECLI:NL:GHAMS:2021:3978, Civiel recht, 
2617, ECLI:NL:CRVB:2009:BK8306, Bestuursrecht, Socialezekerheidsrecht
2618, ECLI:NL:GHSHE:2023:246, Bestuursrecht, Belastingrecht
2619, ECLI:NL:GHSGR:1987:AC1600, Bestuursrecht, Belastingrecht
2620, ECLI:NL:HR:1997:ZC2404, Civiel recht, 
2621, ECLI:NL:RVS:2023:3874, Bestuursrecht, Vreemdelingenrecht
2622, ECLI:NL:RVS:2021:1956, Bestuursrecht, 
2623, ECLI:NL:RVS:2023:397, Bestuursrecht, 
2624, ECLI:NL:HR:2007:BA8063, Bestuursrecht, Belastingrecht
2625, ECLI:NL:HR:2002:AE4473, Bestuursrecht, Belastingrecht
2626, ECLI:NL:RVS:2025:1202, Bestuursrecht, 
2627, ECLI:NL:RVS:2021:1375, Bestuursrecht, 
2628, ECLI:NL:RVS:2022:251, Bestuursrecht, 
2629, ECLI:NL:HR:2024:1535, Bestuursrecht, Belastingrecht
2630, ECLI:NL:PHR:2017:198, Bestuursrecht, Belastingrecht
2631, ECLI:NL:HR:2003:AF7004, Civiel recht, 
2632, ECLI:NL:HR:2008:BD2578, Strafrecht, 
2633, ECLI:NL:RBOVE:2025:4, Bestuursrecht, Socialezekerheidsrecht
2634, ECLI:NL:RVS:2021:2304, Bestuursrecht, Omgevingsrecht
2635, ECLI:NL:GHARL:2022:2169, Civiel recht, 
2636, ECLI:NL:RBDHA:2022:12538, Bestuursrecht, Vreemdelingenrecht
2637, ECLI:NL:RVS:2015:1057, Bestuursrecht, 
2638, ECLI:NL:HR:2002:AE0462, Bestuursrecht, Belastingrecht
2639, ECLI:NL:GHSHE:2021:1269, Bestuursrecht, Belastingrecht
2640, ECLI:NL:CRVB:2021:763, Bestuursrecht, Socialezekerheidsrecht
2641, ECLI:NL:RBROT:2021:1096, Strafrecht, 
2642, ECLI:NL:GHDHA:2023:1765, Bestuursrecht, Belastingrecht
2643, ECLI:NL:RVS:2021:780, Bestuursrecht, 
2644, ECLI:NL:CRVB:2017:3538, Bestuursrecht, Socialezekerheidsrecht
2645, ECLI:NL:RVS:2024:2644, Bestuursrecht, Vreemdelingenrecht
2646, ECLI:NL:RVS:2024:1424, Bestuursrecht, Vreemdelingenrecht
2647, ECLI:NL:RVS:2019:1604, Bestuursrecht, 
2648, ECLI:NL:CBB:2021:705, Bestuursrecht, 
2649, ECLI:NL:CBB:2023:54, Bestuursrecht, 
2650, ECLI:NL:HR:2009:BI3751, Bestuursrecht, Belastingrecht
2651, ECLI:NL:HR:2016:1174, Strafrecht, 
2652, ECLI:NL:CRVB:2023:95, Bestuursrecht, Socialezekerheidsrecht
2653, ECLI:NL:CRVB:2019:37, Bestuursrecht, Socialezekerheidsrecht
2654, ECLI:NL:RBGEL:2022:2004, Civiel recht, 
2655, ECLI:NL:GHARL:2022:3651, Bestuursrecht, Belastingrecht
2656, ECLI:NL:RBDHA:2024:8874, Bestuursrecht, Vreemdelingenrecht
2657, ECLI:NL:CRVB:2012:BW5646, Bestuursrecht, Socialezekerheidsrecht
2658, ECLI:NL:RVS:2018:585, Bestuursrecht, 
2659, ECLI:NL:RVS:2021:2306, Bestuursrecht, Omgevingsrecht
2660, ECLI:NL:RVS:2015:2388, Bestuursrecht, 
2661, ECLI:NL:RVS:2019:1435, Bestuursrecht, 
2662, ECLI:NL:RVS:2019:1436, Bestuursrecht, 
2663, ECLI:NL:RVS:2019:830, Bestuursrecht, Vreemdelingenrecht
2664, ECLI:NL:CBB:2020:995, Bestuursrecht, 
2665, ECLI:NL:RVS:2018:1284, Bestuursrecht, Omgevingsrecht
2666, ECLI:NL:HR:2011:BT8457, Civiel recht, 
2667, ECLI:NL:CRVB:2022:1745, Bestuursrecht, Socialezekerheidsrecht
2668, ECLI:NL:CRVB:2020:877, Bestuursrecht, Socialezekerheidsrecht
2669, ECLI:NL:GHARL:2020:802, Strafrecht, 
2670, ECLI:NL:RVS:2022:1810, Bestuursrecht, Vreemdelingenrecht
2671, ECLI:NL:RVS:2023:3275, Bestuursrecht, Vreemdelingenrecht
2672, ECLI:NL:RVS:2018:2643, Bestuursrecht, Omgevingsrecht
2673, ECLI:NL:GHDHA:2022:53, Bestuursrecht, Belastingrecht
2674, ECLI:NL:HR:2016:833, Bestuursrecht, Belastingrecht
2675, ECLI:NL:RVS:2021:2346, Bestuursrecht, 
2676, ECLI:NL:HR:2000:AA4728, Civiel recht, 
2677, ECLI:NL:RVS:2013:BZ9048, Bestuursrecht, 
2678, ECLI:NL:CRVB:2015:2822, Bestuursrecht, Socialezekerheidsrecht
2679, ECLI:NL:RVS:2014:3480, Bestuursrecht, 
2680, ECLI:NL:HR:1997:ZC2495, Civiel recht, 
2681, ECLI:NL:RVS:2018:4131, Bestuursrecht, Vreemdelingenrecht
2682, ECLI:NL:HR:2015:232, Civiel recht, Personen- en familierecht
2683, ECLI:NL:HR:2023:1714, Bestuursrecht, Belastingrecht
2684, ECLI:NL:RVS:2015:3447, Bestuursrecht, 
2685, ECLI:NL:CRVB:2017:2437, Bestuursrecht, Socialezekerheidsrecht
2686, ECLI:NL:HR:2011:BP6878, Strafrecht, 
2687, ECLI:NL:RVS:2019:3536, Bestuursrecht, 
2688, ECLI:NL:RVS:2022:2138, Bestuursrecht, 
2689, ECLI:NL:RVS:2010:BL4570, Bestuursrecht, Vreemdelingenrecht
2690, ECLI:NL:RVS:2021:1994, Bestuursrecht, Omgevingsrecht
2691, ECLI:NL:PHR:2023:1064, Bestuursrecht, Belastingrecht
2692, ECLI:NL:RVS:2015:1201, Bestuursrecht, Vreemdelingenrecht
2693, ECLI:NL:HR:2017:442, Bestuursrecht, Belastingrecht
2694, ECLI:NL:CRVB:2024:635, Bestuursrecht, Socialezekerheidsrecht
2695, ECLI:NL:RVS:2018:1739, Bestuursrecht, Vreemdelingenrecht
2696, ECLI:NL:HR:1992:ZC0649, Civiel recht, 
2697, ECLI:NL:RVS:2022:400, Bestuursrecht, 
2698, ECLI:NL:HR:2014:3562, Bestuursrecht, Belastingrecht
2699, ECLI:NL:RBAMS:2024:8240, Strafrecht, 
2700, ECLI:NL:RVS:2016:744, Bestuursrecht, Vreemdelingenrecht
2701, ECLI:NL:HR:2008:BC1849, Civiel recht, 
2702, ECLI:NL:GHDHA:2024:1916, Bestuursrecht, Belastingrecht
2703, ECLI:NL:HR:2017:78, Bestuursrecht, Belastingrecht
2704, ECLI:NL:RVS:2018:2650, Bestuursrecht, 
2705, ECLI:NL:RVS:2019:1968, Bestuursrecht, Vreemdelingenrecht
2706, ECLI:NL:GHARL:2020:8709, Civiel recht, 
2707, ECLI:NL:RBAMS:2024:5748, Civiel recht, Personen- en familierecht
2708, ECLI:NL:HR:2014:3119, Bestuursrecht, Belastingrecht
2709, ECLI:NL:GHARL:2017:4472, Bestuursrecht, Bestuursstrafrecht
2710, ECLI:NL:RVS:2022:2661, Bestuursrecht, Vreemdelingenrecht
2711, ECLI:NL:GHLEE:2009:BK1036, Bestuursrecht, Bestuursstrafrecht
2712, ECLI:NL:GHAMS:2024:632, Bestuursrecht, Belastingrecht
2713, ECLI:NL:HR:2003:AF3651, Bestuursrecht, Belastingrecht
2714, ECLI:NL:HR:2010:BL0990, Bestuursrecht, Belastingrecht
2715, ECLI:NL:RVS:2023:2829, Bestuursrecht, Vreemdelingenrecht
2716, ECLI:NL:RVS:2024:625, Bestuursrecht, 
2717, ECLI:NL:RVS:2025:301, Bestuursrecht, Vreemdelingenrecht
2718, ECLI:NL:HR:2016:422, Bestuursrecht, Belastingrecht
2719, ECLI:NL:HR:1995:ZC1911, Civiel recht, 
2720, ECLI:NL:HR:1985:AG4961, Civiel recht, 
2721, ECLI:NL:PHR:2024:235, Bestuursrecht, Belastingrecht
2722, ECLI:NL:RVS:2025:5220, Bestuursrecht, Vreemdelingenrecht
2723, ECLI:NL:CRVB:2017:104, Bestuursrecht, Ambtenarenrecht
2724, ECLI:NL:GHARL:2022:1045, Civiel recht, Personen- en familierecht
2725, ECLI:NL:HR:2014:2981, Bestuursrecht, Belastingrecht
2726, ECLI:NL:RVS:2018:3176, Bestuursrecht, Vreemdelingenrecht
2727, ECLI:NL:RVS:2021:1821, Bestuursrecht, Vreemdelingenrecht
2728, ECLI:NL:HR:2024:1012, Strafrecht, 
2729, ECLI:NL:RVS:2023:4014, Bestuursrecht, Vreemdelingenrecht
2730, ECLI:NL:HR:2011:BP4340, Civiel recht, 
2731, ECLI:NL:RVS:2018:1498, Bestuursrecht, Vreemdelingenrecht
2732, ECLI:NL:HR:2013:29, Bestuursrecht, Belastingrecht
2733, ECLI:NL:HR:2017:847, Bestuursrecht, Belastingrecht
2734, ECLI:NL:CRVB:2020:868, Bestuursrecht, Ambtenarenrecht
2735, ECLI:NL:HR:2010:BK4549, Civiel recht, 
2736, ECLI:NL:RVS:2018:506, Bestuursrecht, 
2737, ECLI:NL:RVS:2018:2241, Bestuursrecht, 
2738, ECLI:NL:PHR:2023:696, Bestuursrecht, Belastingrecht
2739, ECLI:NL:PHR:2023:130, Bestuursrecht, Belastingrecht
2740, ECLI:NL:GHARL:2021:4153, Bestuursrecht, Belastingrecht
2741, ECLI:NL:HR:2021:1086, Bestuursrecht, Belastingrecht
2742, ECLI:NL:GHDHA:2023:750, Civiel recht, 
2743, ECLI:NL:GHARL:2020:8992, Civiel recht, 
2744, ECLI:NL:CBB:2022:5, Bestuursrecht, 
2745, ECLI:NL:RVS:2021:2128, Bestuursrecht, 
2746, ECLI:NL:HR:2006:AU3253, Civiel recht, 
2747, ECLI:NL:HR:2001:AA9558, Civiel recht, Personen- en familierecht
2748, ECLI:NL:RVS:2024:1040, Bestuursrecht, 
2749, ECLI:NL:HR:2021:84, Bestuursrecht, Belastingrecht
2750, ECLI:NL:RVS:2018:1684, Bestuursrecht, 
2751, ECLI:NL:HR:2007:AZ3531, Civiel recht, 
2752, ECLI:NL:RVS:2018:2577, Bestuursrecht, 
2753, ECLI:NL:HR:2015:3009, Civiel recht, 
2754, ECLI:NL:PHR:2020:950, Bestuursrecht, Belastingrecht
2755, ECLI:NL:RBDHA:2023:12059, Bestuursrecht, 
2756, ECLI:NL:RVS:2020:989, Bestuursrecht, Vreemdelingenrecht
2757, ECLI:NL:GHDHA:2024:1915, Bestuursrecht, Belastingrecht
2758, ECLI:NL:HR:2022:475, Strafrecht, 
2759, ECLI:NL:RVS:2021:71, Bestuursrecht, 
2760, ECLI:NL:GHARL:2024:7764, Bestuursrecht, Bestuursstrafrecht
2761, ECLI:NL:HR:1994:ZC1396, Civiel recht, 
2762, ECLI:NL:RVS:2018:1682, Bestuursrecht, 
2763, ECLI:NL:HR:2017:3186, Strafrecht, 
2764, ECLI:NL:RVS:2012:BW5293, Bestuursrecht, Omgevingsrecht
2765, ECLI:NL:RVS:2018:1505, Bestuursrecht, Vreemdelingenrecht
2766, ECLI:NL:PHR:2023:1099, Bestuursrecht, Belastingrecht
2767, ECLI:NL:RBAMS:2024:1005, Strafrecht, Internationaal strafrecht
2768, ECLI:NL:RVS:2023:411, Bestuursrecht, 
2769, ECLI:NL:GHLEE:2012:BV7735, Bestuursrecht, Belastingrecht
2770, ECLI:NL:CRVB:2018:1060, Bestuursrecht, Socialezekerheidsrecht
2771, ECLI:NL:RVS:2022:1911, Bestuursrecht, 
2772, ECLI:NL:RVS:2022:1910, Bestuursrecht, 
2773, ECLI:NL:RVS:2013:BY8849, Bestuursrecht, Vreemdelingenrecht
2774, ECLI:NL:GHSHE:2021:3315, Bestuursrecht, Belastingrecht
2775, ECLI:NL:GHARL:2016:3027, Bestuursrecht, Bestuursstrafrecht
2776, ECLI:NL:HR:2016:2082, Bestuursrecht, Belastingrecht
2777, ECLI:NL:HR:2015:3475, Civiel recht, 
2778, ECLI:NL:RVS:2023:1337, Bestuursrecht, 
2779, ECLI:NL:RVS:2022:1788, Bestuursrecht, Vreemdelingenrecht
2780, ECLI:NL:RVS:2013:910, Bestuursrecht, 
2781, ECLI:NL:RVS:2023:1504, Bestuursrecht, Vreemdelingenrecht
2782, ECLI:NL:RVS:2019:673, Bestuursrecht, 
2783, ECLI:NL:RVS:2023:1253, Bestuursrecht, Omgevingsrecht
2784, ECLI:NL:HR:1993:ZC1184, Civiel recht, 
2785, ECLI:NL:RVS:2022:3958, Bestuursrecht, Vreemdelingenrecht
2786, ECLI:NL:HR:2017:2656, Bestuursrecht, Belastingrecht
2787, ECLI:NL:GHARL:2021:2108, Civiel recht, Personen- en familierecht
2788, ECLI:NL:RVS:2014:4448, Bestuursrecht, 
2789, ECLI:NL:HR:1993:ZC1217, Civiel recht, 
2790, ECLI:NL:GHARL:2024:6664, Civiel recht, 
2791, ECLI:NL:HR:2008:BD0464, Bestuursrecht, Belastingrecht
2792, ECLI:NL:RVS:2021:1626, Bestuursrecht, Vreemdelingenrecht
2793, ECLI:NL:GHDHA:2021:1449, Bestuursrecht, Belastingrecht
2794, ECLI:NL:RVS:2012:BX1863, Bestuursrecht, 
2795, ECLI:NL:CBB:2024:145, Bestuursrecht, 
2796, ECLI:NL:RVS:2019:3203, Bestuursrecht, Vreemdelingenrecht
2797, ECLI:NL:RVS:2022:3353, Bestuursrecht, Vreemdelingenrecht
2798, ECLI:NL:RVS:2024:3945, Bestuursrecht, 
2799, ECLI:NL:HR:2016:2829, Bestuursrecht, Belastingrecht
2800, ECLI:NL:RVS:2022:1260, Bestuursrecht, Vreemdelingenrecht
2801, ECLI:NL:HR:2016:252, Bestuursrecht, Belastingrecht
2802, ECLI:NL:RVS:2013:1621, Bestuursrecht, 
2803, ECLI:NL:RVS:2018:3934, Bestuursrecht, Vreemdelingenrecht
2804, ECLI:NL:RVS:2012:BX2091, Bestuursrecht, Vreemdelingenrecht
2805, ECLI:NL:RVS:2018:1416, Bestuursrecht, Vreemdelingenrecht
2806, ECLI:NL:RBAMS:2023:5123, Strafrecht, Europees strafrecht
2807, ECLI:NL:HR:2008:BD1101, Bestuursrecht, Belastingrecht
2808, ECLI:NL:RVS:2016:3350, Bestuursrecht, Vreemdelingenrecht
2809, ECLI:NL:HR:2005:AR7435, Civiel recht, 
2810, ECLI:NL:RVS:2003:AH9212, Bestuursrecht, Vreemdelingenrecht
2811, ECLI:NL:HR:2022:1657, Bestuursrecht, Belastingrecht
2812, ECLI:NL:HR:2020:377, Strafrecht, 
2813, ECLI:NL:RVS:2021:2305, Bestuursrecht, Omgevingsrecht
2814, ECLI:NL:RVS:2022:1913, Bestuursrecht, 
2815, ECLI:NL:RVS:2013:2362, Bestuursrecht, 
2816, ECLI:NL:HR:1999:AA2710, Bestuursrecht, Belastingrecht
2817, ECLI:NL:RBAMS:2017:414, Strafrecht, 
2818, ECLI:NL:HR:2014:1193, Bestuursrecht, Belastingrecht
2819, ECLI:NL:HR:2015:3370, Bestuursrecht, Belastingrecht
2820, ECLI:NL:HR:2010:BK9136, Bestuursrecht, Belastingrecht
2821, ECLI:NL:HR:2022:526, Bestuursrecht, Belastingrecht
2822, ECLI:NL:RBDHA:2021:12952, Civiel recht, 
2823, ECLI:NL:CRVB:2017:1585, Bestuursrecht, Socialezekerheidsrecht
2824, ECLI:NL:RVS:2024:4352, Bestuursrecht, Vreemdelingenrecht
2825, ECLI:NL:RVS:2020:1943, Bestuursrecht, Vreemdelingenrecht
2826, ECLI:NL:GHAMS:2021:3801, Bestuursrecht, Belastingrecht
2827, ECLI:NL:RVS:2023:2796, Bestuursrecht, 
2828, ECLI:NL:HR:2017:295, Bestuursrecht, Belastingrecht
2829, ECLI:NL:HR:2010:BM2471, Strafrecht, 
2830, ECLI:NL:CRVB:2010:BN3811, Bestuursrecht, Socialezekerheidsrecht
2831, ECLI:NL:HR:1982:AC7770, Bestuursrecht, Belastingrecht
2832, ECLI:NL:RBLIM:2018:4931, Civiel recht, Personen- en familierecht
2833, ECLI:NL:HR:2006:AY8649, Bestuursrecht, Belastingrecht
2834, ECLI:NL:CRVB:2024:636, Bestuursrecht, Socialezekerheidsrecht
2835, ECLI:NL:HR:2001:ZC3693, Civiel recht, 
2836, ECLI:NL:HR:2013:199, Bestuursrecht, Belastingrecht
2837, ECLI:NL:CRVB:2019:2017, Bestuursrecht, Socialezekerheidsrecht
2838, ECLI:NL:RVS:2016:424, Bestuursrecht, Vreemdelingenrecht
2839, ECLI:NL:HR:2013:840, Bestuursrecht, Belastingrecht
2840, ECLI:NL:HR:2016:35, Bestuursrecht, Belastingrecht
2841, ECLI:NL:RBROT:2021:6375, Bestuursrecht, 
2842, ECLI:NL:GHARL:2023:8247, Bestuursrecht, Belastingrecht
2843, ECLI:NL:CBB:2009:BJ2560, Bestuursrecht, 
2844, ECLI:NL:HR:2012:BU9889, Civiel recht, 
2845, ECLI:NL:RVS:2020:2771, Bestuursrecht, 
2846, ECLI:NL:GHARN:2009:BL8328, Civiel recht, 
2847, ECLI:NL:CBB:2020:993, Bestuursrecht, 
2848, ECLI:NL:RBOVE:2020:4278, Civiel recht, 
2849, ECLI:NL:HR:2001:AB3112, Bestuursrecht, Belastingrecht
2850, ECLI:NL:HR:2004:AO7887, Civiel recht, 
2851, ECLI:NL:RVS:2020:452, Bestuursrecht, 
2852, ECLI:NL:HR:2010:BO1979, Civiel recht, 
2853, ECLI:NL:HR:2006:AZ4416, Bestuursrecht, Belastingrecht
2854, ECLI:NL:CRVB:2023:953, Bestuursrecht, Socialezekerheidsrecht
2855, ECLI:NL:RVS:2006:AY4221, Bestuursrecht, 
2856, ECLI:NL:RBZWB:2021:993, Civiel recht, 
2857, ECLI:NL:HR:2022:875, Bestuursrecht, Belastingrecht
2858, ECLI:NL:RVS:2022:1439, Bestuursrecht, 
2859, ECLI:NL:RBDHA:2017:484, Bestuursrecht, Vreemdelingenrecht
2860, ECLI:NL:HR:1992:ZC0729, Civiel recht, 
2861, ECLI:NL:RVS:2017:3481, Bestuursrecht, 
2862, ECLI:NL:CRVB:2018:578, Bestuursrecht, Socialezekerheidsrecht
2863, ECLI:NL:RVS:2016:2618, Bestuursrecht, 
2864, ECLI:NL:OGHACMB:2018:232, Bestuursrecht, 
2865, ECLI:NL:RBGEL:2019:6276, Civiel recht, 
2866, ECLI:NL:RVS:2006:AV5061, Bestuursrecht, 
2867, ECLI:NL:CRVB:2019:3123, Bestuursrecht, Socialezekerheidsrecht
2868, ECLI:NL:HR:2007:BA4122, Civiel recht, 
2869, ECLI:NL:CRVB:2019:703, Bestuursrecht, Socialezekerheidsrecht
2870, ECLI:NL:RBDHA:2023:12805, Bestuursrecht, Belastingrecht
2871, ECLI:NL:TGZREIN:2022:66, Bestuursrecht, Belastingrecht
2872, ECLI:NL:RVS:2018:851, Bestuursrecht, 
2873, ECLI:NL:RVS:2020:1168, Bestuursrecht, Vreemdelingenrecht
2874, ECLI:NL:RVS:2006:AX0751, Bestuursrecht, 
2875, ECLI:NL:CRVB:2016:12, Bestuursrecht, Socialezekerheidsrecht
2876, ECLI:NL:RVS:2025:1981, Bestuursrecht, Vreemdelingenrecht
2877, ECLI:NL:HR:2020:154, Bestuursrecht, Belastingrecht
2878, ECLI:NL:RVS:2021:698, Bestuursrecht, Vreemdelingenrecht
2879, ECLI:NL:RVS:2015:855, Bestuursrecht, 
2880, ECLI:NL:GHDHA:2023:31, Civiel recht, Goederenrecht
2881, ECLI:NL:CRVB:2019:417, Bestuursrecht, Socialezekerheidsrecht
2882, ECLI:NL:RVS:2025:2349, Bestuursrecht, Vreemdelingenrecht
2883, ECLI:NL:RVS:2018:3939, Bestuursrecht, 
2884, ECLI:NL:HR:2002:ZC8145, Bestuursrecht, Belastingrecht
2885, ECLI:NL:HR:1997:ZC2389, Civiel recht, 
2886, ECLI:NL:RVS:2016:1008, Bestuursrecht, 
2887, ECLI:NL:CRVB:2012:BY4335, Bestuursrecht, Socialezekerheidsrecht
2888, ECLI:NL:CRVB:2022:1282, Bestuursrecht, Socialezekerheidsrecht
2889, ECLI:NL:HR:1978:AC2432, Bestuursrecht, Belastingrecht
2890, ECLI:NL:RVS:2021:1155, Bestuursrecht, Vreemdelingenrecht
2891, ECLI:NL:RVS:2006:AY8930, Bestuursrecht, 
2892, ECLI:NL:PHR:2024:137, Bestuursrecht, Belastingrecht
2893, ECLI:NL:RBLIM:2022:2220, Bestuursrecht, 
2894, ECLI:NL:RVS:2017:3311, Bestuursrecht, 
2895, ECLI:NL:RBOVE:2021:2548, Civiel recht, 
2896, ECLI:NL:GHARL:2018:4546, Strafrecht, Strafprocesrecht
2897, ECLI:NL:RVS:2015:1537, Bestuursrecht, Vreemdelingenrecht
2898, ECLI:NL:CRVB:2022:2019, Bestuursrecht, Socialezekerheidsrecht
2899, ECLI:NL:CRVB:2017:4363, Bestuursrecht, Socialezekerheidsrecht
2900, ECLI:NL:HR:2022:1087, Bestuursrecht, Belastingrecht
2901, ECLI:NL:RVS:2021:1192, Bestuursrecht, Vreemdelingenrecht
2902, ECLI:NL:GHAMS:2024:2670, Bestuursrecht, Belastingrecht
2903, ECLI:NL:CBB:2022:285, Bestuursrecht, 
2904, ECLI:NL:RVS:2022:1070, Bestuursrecht, 
2905, ECLI:NL:PHR:2023:655, Bestuursrecht, Belastingrecht
2906, ECLI:NL:HR:2013:691, Civiel recht, 
2907, ECLI:NL:CRVB:2016:2144, Bestuursrecht, Socialezekerheidsrecht
2908, ECLI:NL:CRVB:2023:1681, Bestuursrecht, Socialezekerheidsrecht
2909, ECLI:NL:RVS:2016:757, Bestuursrecht, 
2910, ECLI:NL:HR:2016:1005, Strafrecht, 
2911, ECLI:NL:CRVB:2024:834, Bestuursrecht, Socialezekerheidsrecht
2912, ECLI:NL:RVS:2009:BK2270, Bestuursrecht, Vreemdelingenrecht
2913, ECLI:NL:HR:2009:BI1892, Bestuursrecht, Belastingrecht
2914, ECLI:NL:RVS:2020:2441, Bestuursrecht, Omgevingsrecht
2915, ECLI:NL:CRVB:2022:2460, Bestuursrecht, Socialezekerheidsrecht
2916, ECLI:NL:HR:2008:BC2837, Civiel recht, 
2917, ECLI:NL:RVS:2019:457, Bestuursrecht, Vreemdelingenrecht
2918, ECLI:NL:GHARL:2021:4778, Bestuursrecht, Bestuursstrafrecht
2919, ECLI:NL:PHR:2023:1004, Bestuursrecht, Belastingrecht
2920, ECLI:NL:HR:2015:1776, Bestuursrecht, Belastingrecht
2921, ECLI:NL:HR:2015:3028, Strafrecht, 
2922, ECLI:NL:RVS:2015:4061, Bestuursrecht, Vreemdelingenrecht
2923, ECLI:NL:CRVB:2012:BV1028, Bestuursrecht, Socialezekerheidsrecht
2924, ECLI:NL:HR:2023:969, Civiel recht, Internationaal privaatrecht
2925, ECLI:NL:HR:2022:1040, Bestuursrecht, Belastingrecht
2926, ECLI:NL:CRVB:2017:1921, Bestuursrecht, Socialezekerheidsrecht
2927, ECLI:NL:CBB:2013:BZ6866, Bestuursrecht, 
2928, ECLI:NL:RBOVE:2024:5276, Bestuursrecht, 
2929, ECLI:NL:RVS:2019:2217, Bestuursrecht, Omgevingsrecht
2930, ECLI:NL:RBOVE:2024:4605, Bestuursrecht, Vreemdelingenrecht
2931, ECLI:NL:RVS:2013:51, Bestuursrecht, 
2932, ECLI:NL:CRVB:2023:2216, Bestuursrecht, Socialezekerheidsrecht
2933, ECLI:NL:RVS:2009:BI4558, Bestuursrecht, 
2934, ECLI:NL:RBNNE:2017:715, Civiel recht, 
2935, ECLI:NL:RVS:2012:BV2474, Bestuursrecht, Vreemdelingenrecht
2936, ECLI:NL:HR:2013:969, Bestuursrecht, Belastingrecht
2937, ECLI:NL:GHSHE:2010:BO1880, Bestuursrecht, Belastingrecht
2938, ECLI:NL:HR:2001:AB0610, Strafrecht, 
2939, ECLI:NL:HR:2015:874, Bestuursrecht, Belastingrecht
2940, ECLI:NL:GHDHA:2023:2606, Civiel recht, Insolventierecht
2941, ECLI:NL:RVS:2020:19, Bestuursrecht, 
2942, ECLI:NL:HR:2019:2034, Civiel recht, 
2943, ECLI:NL:HR:1990:AB7898, Civiel recht, 
2944, ECLI:NL:RVS:2016:2927, Bestuursrecht, 
2945, ECLI:NL:RVS:2021:1468, Bestuursrecht, 
2946, ECLI:NL:HR:2017:696, Civiel recht, Insolventierecht
2947, ECLI:NL:RVS:2019:1528, Bestuursrecht, Vreemdelingenrecht
2948, ECLI:NL:GHDHA:2022:56, Bestuursrecht, Belastingrecht
2949, ECLI:NL:HR:2002:AE7005, Civiel recht, 
2950, ECLI:NL:HR:2017:871, Civiel recht, Personen- en familierecht
2951, ECLI:NL:CRvB:2010:BL9850, Bestuursrecht, Socialezekerheidsrecht
2952, ECLI:NL:RVS:2013:BZ1251, Bestuursrecht, 
2953, ECLI:NL:RBGEL:2021:5596, Bestuursrecht, Bestuursprocesrecht
2954, ECLI:NL:GHSHE:2022:4076, Civiel recht, Verbintenissenrecht
2955, ECLI:NL:PHR:2021:617, Bestuursrecht, Belastingrecht
2956, ECLI:NL:HR:2010:BO6786, Bestuursrecht, Belastingrecht
2957, ECLI:NL:HR:2018:1413, Strafrecht, 
2958, ECLI:NL:RBDHA:2021:3907, Civiel recht, Personen- en familierecht
2959, ECLI:NL:PHR:2015:947, Bestuursrecht, Belastingrecht
2960, ECLI:NL:HR:2016:236, Civiel recht, 
2961, ECLI:NL:HR:2011:BP1510, Bestuursrecht, Belastingrecht
2962, ECLI:NL:RVS:2014:4668, Bestuursrecht, 
2963, ECLI:NL:CRVB:2019:2422, Bestuursrecht, Socialezekerheidsrecht
2964, ECLI:NL:RVS:2016:1953, Bestuursrecht, 
2965, ECLI:NL:RVS:2018:2400, Bestuursrecht, 
2966, ECLI:NL:RVS:2014:182, Bestuursrecht, 
2967, ECLI:NL:CBB:2023:550, Bestuursrecht, 
2968, ECLI:NL:RVS:2023:4066, Bestuursrecht, Vreemdelingenrecht
2969, ECLI:NL:RVS:2008:BG8294, Bestuursrecht, 
2970, ECLI:NL:RBNNE:2019:3437, Civiel recht, Personen- en familierecht
2971, ECLI:NL:RVS:2016:3167, Bestuursrecht, 
2972, ECLI:NL:HR:2014:636, Bestuursrecht, Belastingrecht
2973, ECLI:NL:RVS:2013:BZ0722, Bestuursrecht, 
2974, ECLI:NL:CRVB:2018:3937, Bestuursrecht, Socialezekerheidsrecht
2975, ECLI:NL:GHDHA:2021:2131, Bestuursrecht, Belastingrecht
2976, ECLI:NL:RBOBR:2018:357, Bestuursrecht, Belastingrecht
2977, ECLI:NL:RVS:2019:719, Bestuursrecht, 
2978, ECLI:NL:RBNHO:2023:103, Civiel recht, Personen- en familierecht
2979, ECLI:NL:PHR:2020:316, Bestuursrecht, Belastingrecht
2980, ECLI:NL:CRVB:2016:3024, Bestuursrecht, Socialezekerheidsrecht
2981, ECLI:NL:RVS:2016:3084, Bestuursrecht, Vreemdelingenrecht
2982, ECLI:NL:GHDHA:2021:1193, Bestuursrecht, Belastingrecht
2983, ECLI:NL:GHARL:2020:1129, Civiel recht, 
2984, ECLI:NL:HR:2024:922, Civiel recht, Ondernemingsrecht
2985, ECLI:NL:RVS:2024:5412, Bestuursrecht, 
2986, ECLI:NL:GHARL:2018:7137, Civiel recht, 
2987, ECLI:NL:HR:2024:704, Bestuursrecht, Belastingrecht
2988, ECLI:NL:CRVB:2018:814, Bestuursrecht, Socialezekerheidsrecht
2989, ECLI:NL:HR:2023:1610, Civiel recht, 
2990, ECLI:NL:RVS:2020:2030, Bestuursrecht, 
2991, ECLI:NL:RVS:2012:BX9702, Bestuursrecht, 
2992, ECLI:NL:CRVB:2015:2789, Bestuursrecht, Socialezekerheidsrecht
2993, ECLI:NL:RVS:2014:3164, Bestuursrecht, Vreemdelingenrecht
2994, ECLI:NL:RVS:2013:923, Bestuursrecht, 
2995, ECLI:NL:HR:2017:294, Bestuursrecht, Belastingrecht
2996, ECLI:NL:RVS:2021:1563, Bestuursrecht, Vreemdelingenrecht
2997, ECLI:NL:HR:2010:BL1950, Bestuursrecht, Belastingrecht
2998, ECLI:NL:RVS:2023:1693, Bestuursrecht, Vreemdelingenrecht
2999, ECLI:NL:RVS:2021:1332, Bestuursrecht, 
3000, ECLI:NL:CRVB:2022:634, Bestuursrecht, Socialezekerheidsrecht
3001, ECLI:NL:PHR:2016:1218, Bestuursrecht, Belastingrecht
3002, ECLI:NL:RVS:2014:305, Bestuursrecht, 
3003, ECLI:NL:HR:2023:1107, Bestuursrecht, Belastingrecht
3004, ECLI:NL:RBMNE:2020:6015, Civiel recht, Arbeidsrecht
3005, ECLI:NL:RBOBR:2025:272, Bestuursrecht, Socialezekerheidsrecht
3006, ECLI:NL:HR:2021:1303, Bestuursrecht, Belastingrecht
3007, ECLI:NL:RVS:2017:209, Bestuursrecht, Vreemdelingenrecht
3008, ECLI:NL:RVS:2024:871, Bestuursrecht, 
3009, ECLI:NL:HR:2001:AB1558, Civiel recht, 
3010, ECLI:NL:RBAMS:2018:7062, Civiel recht, 
3011, ECLI:NL:RVS:2025:5218, Bestuursrecht, Vreemdelingenrecht
3012, ECLI:NL:HR:2020:561, Bestuursrecht, Belastingrecht
3013, ECLI:NL:RVS:2025:2337, Bestuursrecht, Vreemdelingenrecht
3014, ECLI:NL:RVS:2014:681, Bestuursrecht, 
3015, ECLI:NL:RVS:2020:1362, Bestuursrecht, 
3016, ECLI:NL:RBAMS:2024:782, Strafrecht, Europees strafrecht
3017, ECLI:NL:PHR:2022:638, Bestuursrecht, Belastingrecht
3018, ECLI:NL:HR:2009:BH2811, Civiel recht, 
3019, ECLI:NL:RVS:2023:1938, Bestuursrecht, Vreemdelingenrecht
3020, ECLI:NL:HR:2018:591, Bestuursrecht, Belastingrecht
3021, ECLI:NL:RVS:2015:2071, Bestuursrecht, 
3022, ECLI:NL:RVS:2024:1188, Bestuursrecht, Vreemdelingenrecht
3023, ECLI:NL:RVS:2019:2462, Bestuursrecht, 
3024, ECLI:NL:HR:2017:607, Bestuursrecht, Belastingrecht
3025, ECLI:NL:HR:2006:AY7463, Civiel recht, 
3026, ECLI:NL:OGHACMB:2015:33, Bestuursrecht, 
3027, ECLI:NL:RVS:2013:819, Bestuursrecht, 
3028, ECLI:NL:HR:2015:3173, Bestuursrecht, Belastingrecht
3029, ECLI:NL:RVS:2020:2068, Bestuursrecht, Vreemdelingenrecht
3030, ECLI:NL:RVS:2013:501, Bestuursrecht, Vreemdelingenrecht
3031, ECLI:NL:GHDHA:2020:2117, Civiel recht, Personen- en familierecht
3032, ECLI:NL:RVS:2025:5275, Bestuursrecht, Vreemdelingenrecht
3033, ECLI:NL:GHARL:2024:1, Bestuursrecht, Bestuursstrafrecht
3034, ECLI:NL:CRVB:2008:BD3213, Bestuursrecht, Socialezekerheidsrecht
3035, ECLI:NL:RVS:2009:BK5083, Bestuursrecht, 
3036, ECLI:NL:RVS:2023:4860, Bestuursrecht, Omgevingsrecht
3037, ECLI:NL:HR:1993:ZC1176, Civiel recht, 
3038, ECLI:NL:RVS:2003:AN7532, Bestuursrecht, Vreemdelingenrecht
3039, ECLI:NL:HR:2009:BH1083, Bestuursrecht, Belastingrecht
3040, ECLI:NL:HR:2016:1311, Civiel recht, 
3041, ECLI:NL:RVS:2021:878, Bestuursrecht, Vreemdelingenrecht
3042, ECLI:NL:HR:2010:BN8049, Bestuursrecht, Belastingrecht
3043, ECLI:NL:GHSHE:2022:3789, Bestuursrecht, Belastingrecht
3044, ECLI:NL:RBDHA:2015:1004, Bestuursrecht, Vreemdelingenrecht
3045, ECLI:NL:HR:2014:215, Civiel recht, 
3046, ECLI:NL:RVS:2018:2620, Bestuursrecht, 
3047, ECLI:NL:RVS:2020:1855, Bestuursrecht, Vreemdelingenrecht
3048, ECLI:NL:RBROT:2023:4376, Bestuursrecht, Bestuursstrafrecht
3049, ECLI:NL:RVS:2022:1020, Bestuursrecht, 
3050, ECLI:NL:RVS:2014:529, Bestuursrecht, 
3051, ECLI:NL:HR:1990:ZC4191, Bestuursrecht, Belastingrecht
3052, ECLI:NL:RVS:2017:354, Bestuursrecht, Omgevingsrecht
3053, ECLI:NL:RVS:2019:2912, Bestuursrecht, 
3054, ECLI:NL:RVS:2022:1916, Bestuursrecht, 
3055, ECLI:NL:RVS:2021:2564, Bestuursrecht, Vreemdelingenrecht
3056, ECLI:NL:RVS:2019:1390, Bestuursrecht, Vreemdelingenrecht
3057, ECLI:NL:RVS:2022:1918, Bestuursrecht, Vreemdelingenrecht
3058, ECLI:NL:RVS:2015:1515, Bestuursrecht, 
3059, ECLI:NL:RVS:2012:BX1866, Bestuursrecht, 
3060, ECLI:NL:HR:2021:1748, Bestuursrecht, Belastingrecht
3061, ECLI:NL:RBDHA:2024:10950, Bestuursrecht, Vreemdelingenrecht
3062, ECLI:NL:GHARL:2021:9802, Bestuursrecht, Belastingrecht
3063, ECLI:NL:HR:2013:BZ9228, Civiel recht, 
3064, ECLI:NL:RVS:2023:3209, Bestuursrecht, 
3065, ECLI:NL:RVS:2011:BQ1879, Bestuursrecht, 
3066, ECLI:NL:RVS:2021:374, Bestuursrecht, 
3067, ECLI:NL:GHAMS:2024:1370, Bestuursrecht, Belastingrecht
3068, ECLI:NL:RVS:2014:3736, Bestuursrecht, 
3069, ECLI:NL:RVS:2023:1417, Bestuursrecht, Vreemdelingenrecht
3070, ECLI:NL:HR:2015:3625, Civiel recht, 
3071, ECLI:NL:CRVB:2015:4398, Bestuursrecht, Ambtenarenrecht
3072, ECLI:NL:GHDHA:2024:1638, Bestuursrecht, Belastingrecht
3073, ECLI:NL:GHAMS:2019:3609, Civiel recht, 
3074, ECLI:NL:HR:2012:BY0567, Bestuursrecht, Belastingrecht
3075, ECLI:NL:RVS:2000:AA6723, Bestuursrecht, Omgevingsrecht
3076, ECLI:NL:RVS:2015:3415, Bestuursrecht, Vreemdelingenrecht
3077, ECLI:NL:RBAMS:2017:8565, Civiel recht, 
3078, ECLI:NL:RVS:2014:1292, Bestuursrecht, 
3079, ECLI:NL:RVS:2020:2375, Bestuursrecht, Omgevingsrecht
3080, ECLI:NL:HR:2023:1271, Bestuursrecht, Belastingrecht
3081, ECLI:NL:CRVB:2018:392, Bestuursrecht, Socialezekerheidsrecht
3082, ECLI:NL:HR:2006:AY9222, Civiel recht, 
3083, ECLI:NL:HR:2015:3467, Bestuursrecht, Belastingrecht
3084, ECLI:NL:RBDHA:2022:12914, Bestuursrecht, Vreemdelingenrecht
3085, ECLI:NL:RBDHA:2023:3370, Strafrecht, 
3086, ECLI:NL:GHARL:2023:6930, Bestuursrecht, Bestuursstrafrecht
3087, ECLI:NL:RVS:2019:109, Bestuursrecht, 
3088, ECLI:NL:RVS:2018:616, Bestuursrecht, 
3089, ECLI:NL:RVS:2021:1114, Bestuursrecht, 
3090, ECLI:NL:RVS:2021:926, Bestuursrecht, Vreemdelingenrecht
3091, ECLI:NL:RBDHA:2021:10735, Bestuursrecht, Vreemdelingenrecht
3092, ECLI:NL:HR:2015:1198, Civiel recht, 
3093, ECLI:NL:HR:2023:252, Bestuursrecht, Belastingrecht
3094, ECLI:NL:RBMNE:2021:3298, Civiel recht, Personen- en familierecht
3095, ECLI:NL:HR:2023:1603, Civiel recht, Arbeidsrecht
3096, ECLI:NL:RVS:2017:2377, Bestuursrecht, Vreemdelingenrecht
3097, ECLI:NL:RVS:2022:3302, Bestuursrecht, 
3098, ECLI:NL:GHDHA:2024:1660, Bestuursrecht, Belastingrecht
3099, ECLI:NL:RVS:2023:4775, Bestuursrecht, 
3100, ECLI:NL:RVS:2020:2067, Bestuursrecht, Vreemdelingenrecht
3101, ECLI:NL:HR:2023:97, Bestuursrecht, Belastingrecht
3102, ECLI:NL:HR:2008:BC1962, Bestuursrecht, Belastingrecht
3103, ECLI:NL:HR:2004:AN7324, Civiel recht, 
3104, ECLI:NL:HR:2011:BO9630, Civiel recht, 
3105, ECLI:NL:HR:2018:511, Bestuursrecht, Belastingrecht
3106, ECLI:NL:RVS:2018:1905, Bestuursrecht, Vreemdelingenrecht
3107, ECLI:NL:HR:2016:421, Bestuursrecht, Belastingrecht
3108, ECLI:NL:RVS:2016:1759, Bestuursrecht, Vreemdelingenrecht
3109, ECLI:NL:RVS:2022:3352, Bestuursrecht, Vreemdelingenrecht
3110, ECLI:NL:RVS:2014:3715, Bestuursrecht, 
3111, ECLI:NL:RBLIM:2023:6175, Bestuursrecht, 
3112, ECLI:NL:GHAMS:2021:3979, Civiel recht, 
3113, ECLI:NL:RBDHA:2025:3440, Bestuursrecht, Vreemdelingenrecht
3114, ECLI:NL:GHARN:2004:AO7447, Bestuursrecht, Belastingrecht
3115, ECLI:NL:RVS:2017:869, Bestuursrecht, Vreemdelingenrecht
3116, ECLI:NL:PHR:2024:562, Civiel recht, Insolventierecht
3117, ECLI:NL:RVS:2011:BT6673, Bestuursrecht, Vreemdelingenrecht
3118, ECLI:NL:RVS:2017:1725, Bestuursrecht, Vreemdelingenrecht
3119, ECLI:NL:HR:2015:3019, Civiel recht, 
3120, ECLI:NL:HR:2002:AD9609, Civiel recht, 
3121, ECLI:NL:CBB:2023:117, Bestuursrecht, 
3122, ECLI:NL:CRVB:2017:2408, Bestuursrecht, Socialezekerheidsrecht
3123, ECLI:NL:RBAMS:2020:6481, Civiel recht, 
3124, ECLI:NL:RVS:2017:793, Bestuursrecht, Vreemdelingenrecht
3125, ECLI:NL:HR:2018:650, Civiel recht, 
3126, ECLI:NL:HR:2013:1212, Bestuursrecht, Belastingrecht
3127, ECLI:NL:HR:2013:BZ3641, Civiel recht, 
3128, ECLI:NL:CRVB:1975:ZB0069, Bestuursrecht, Socialezekerheidsrecht
3129, ECLI:NL:HR:2020:700, Bestuursrecht, Belastingrecht
3130, ECLI:NL:CRVB:2020:1882, Bestuursrecht, Socialezekerheidsrecht
3131, ECLI:NL:HR:2013:BZ6799, Bestuursrecht, Belastingrecht
3132, ECLI:NL:RVS:2017:3405, Bestuursrecht, 
3133, ECLI:NL:RVS:2023:888, Bestuursrecht, Vreemdelingenrecht
3134, ECLI:NL:GHARL:2024:5851, Civiel recht, 
3135, ECLI:NL:GHLEE:2008:BG1794, Bestuursrecht, Bestuursstrafrecht
3136, ECLI:NL:RVS:2017:1057, Bestuursrecht, 
3137, ECLI:NL:HR:2023:1622, Civiel recht, 
3138, ECLI:NL:RVS:2013:BZ4970, Bestuursrecht, 
3139, ECLI:NL:HR:2014:3533, Civiel recht, Personen- en familierecht
3140, ECLI:NL:HR:2004:AO1213, Civiel recht, 
3141, ECLI:NL:RBNNE:2020:4152, Civiel recht, 
3142, ECLI:NL:HR:2016:2013, Civiel recht, 
3143, ECLI:NL:RVS:2008:BC3624, Bestuursrecht, 
3144, ECLI:NL:GHARL:2021:11384, Civiel recht, 
3145, ECLI:NL:CRVB:2013:BY9138, Bestuursrecht, Socialezekerheidsrecht
3146, ECLI:NL:HR:2008:BC5012, Civiel recht, 
3147, ECLI:NL:RVS:2019:4200, Bestuursrecht, Vreemdelingenrecht
3148, ECLI:NL:GHARL:2021:9033, Civiel recht, Arbeidsrecht
3149, ECLI:NL:HR:2012:BV6999, Strafrecht, 
3150, ECLI:NL:GHARL:2022:9934, Strafrecht, Strafprocesrecht
3151, ECLI:NL:HR:2004:AN8071, Civiel recht, 
3152, ECLI:NL:HR:2006:AZ0758, Civiel recht, 
3153, ECLI:NL:CRVB:2021:2482, Bestuursrecht, Socialezekerheidsrecht
3154, ECLI:NL:RVS:2019:148, Bestuursrecht, 
3155, ECLI:NL:RVS:2013:1348, Bestuursrecht, 
3156, ECLI:NL:GHARL:2019:3197, Strafrecht, Strafprocesrecht
3157, ECLI:NL:RVS:2015:2729, Bestuursrecht, Vreemdelingenrecht
3158, ECLI:NL:HR:2001:AB0801, Civiel recht, 
3159, ECLI:NL:HR:2024:290, Bestuursrecht, Belastingrecht
3160, ECLI:NL:XX:1976:AC0386, Bestuursrecht, Belastingrecht
3161, ECLI:NL:RBDHA:2024:13031, Bestuursrecht, Vreemdelingenrecht
3162, ECLI:NL:HR:2024:853, Bestuursrecht, Belastingrecht
3163, ECLI:NL:RVS:2020:2980, Bestuursrecht, Vreemdelingenrecht
3164, ECLI:NL:RVS:2021:866, Bestuursrecht, 
3165, ECLI:NL:HR:2008:BF2295, Civiel recht, Personen- en familierecht
3166, ECLI:NL:GHSHE:2008:BG9625, Bestuursrecht, Belastingrecht
3167, ECLI:NL:RVS:2017:1674, Bestuursrecht, Vreemdelingenrecht
3168, ECLI:NL:RBNHO:2025:667, Civiel recht, Insolventierecht
3169, ECLI:NL:HR:2020:334, Bestuursrecht, Belastingrecht
3170, ECLI:NL:RVS:2013:BZ9045, Bestuursrecht, 
3171, ECLI:NL:RVS:2017:393, Bestuursrecht, Omgevingsrecht
3172, ECLI:NL:HR:2013:1246, Civiel recht, 
3173, ECLI:NL:HR:1996:ZC2215, Civiel recht, 
3174, ECLI:NL:RVS:2013:112, Bestuursrecht, 
3175, ECLI:NL:HR:2012:BV0890, Civiel recht, Insolventierecht
3176, ECLI:NL:HR:2016:1129, Bestuursrecht, Belastingrecht
3177, ECLI:NL:HR:2021:1963, Bestuursrecht, Belastingrecht
3178, ECLI:NL:RVS:2019:4440, Bestuursrecht, 
3179, ECLI:NL:RVS:2023:1433, Bestuursrecht, Omgevingsrecht
3180, ECLI:NL:PHR:2016:1222, Bestuursrecht, Belastingrecht
3181, ECLI:NL:RVS:2023:4785, Bestuursrecht, Vreemdelingenrecht
3182, ECLI:NL:GHLEE:2012:BZ6620, Bestuursrecht, Bestuursstrafrecht
3183, ECLI:NL:HR:2021:527, Civiel recht, 
3184, ECLI:NL:RBAMS:2016:9893, Bestuursrecht, 
3185, ECLI:NL:CRVB:2019:669, Bestuursrecht, Socialezekerheidsrecht
3186, ECLI:NL:HR:2017:3084, Bestuursrecht, Belastingrecht
3187, ECLI:NL:OGEAA:2017:677, Bestuursrecht, Belastingrecht
3188, ECLI:NL:RVS:2015:2833, Bestuursrecht, 
3189, ECLI:NL:PHR:2018:468, Bestuursrecht, Belastingrecht
3190, ECLI:NL:RVS:2012:BW4359, Bestuursrecht, Vreemdelingenrecht
3191, ECLI:NL:HR:2003:AF6486, Bestuursrecht, Belastingrecht
3192, ECLI:NL:GHAMS:2024:355, Bestuursrecht, Belastingrecht
3193, ECLI:NL:RVS:2016:292, Bestuursrecht, 
3194, ECLI:NL:RVS:2016:353, Bestuursrecht, Vreemdelingenrecht
3195, ECLI:NL:CRVB:2018:530, Bestuursrecht, Socialezekerheidsrecht
3196, ECLI:NL:RBMNE:2023:1259, Bestuursrecht, Belastingrecht
3197, ECLI:NL:RVS:2014:4197, Bestuursrecht, Omgevingsrecht
3198, ECLI:NL:CRVB:2015:2446, Bestuursrecht, Ambtenarenrecht
3199, ECLI:NL:RVS:2020:1081, Bestuursrecht, Omgevingsrecht
3200, ECLI:NL:CBB:2022:433, Bestuursrecht, 
3201, ECLI:NL:RVS:2006:AZ1727, Bestuursrecht, 
3202, ECLI:NL:RVS:2020:953, Bestuursrecht, 
3203, ECLI:NL:RVS:2020:944, Bestuursrecht, 
3204, ECLI:NL:RBMNE:2023:2046, Bestuursrecht, Socialezekerheidsrecht
3205, ECLI:NL:RBAMS:2023:6335, Strafrecht, Europees strafrecht
3206, ECLI:NL:HR:2020:2099, Civiel recht, Burgerlijk procesrecht
3207, ECLI:NL:HR:2016:733, Strafrecht, 
3208, ECLI:NL:HR:2011:BP4012, Civiel recht, 
3209, ECLI:NL:GHSHE:2020:1254, Civiel recht, 
3210, ECLI:NL:RVS:2014:3126, Bestuursrecht, 
3211, ECLI:NL:HR:1996:ZC2025, Civiel recht, 
3212, ECLI:NL:HR:2014:714, Strafrecht, 
3213, ECLI:NL:RVS:2021:1395, Bestuursrecht, 
3214, ECLI:NL:RBMNE:2015:5075, Bestuursrecht, Belastingrecht
3215, ECLI:NL:HR:2017:934, Civiel recht, Personen- en familierecht
3216, ECLI:NL:TNORARL:2021:48, Civiel recht, Personen- en familierecht
3217, ECLI:NL:HR:2023:332, Bestuursrecht, Belastingrecht
3218, ECLI:NL:RVS:2016:2474, Bestuursrecht, Vreemdelingenrecht
3219, ECLI:NL:RVS:2020:1730, Bestuursrecht, Omgevingsrecht
3220, ECLI:NL:HR:2021:197, Strafrecht, 
3221, ECLI:NL:RVS:2022:808, Bestuursrecht, Vreemdelingenrecht
3222, ECLI:NL:HR:2009:BC3691, Bestuursrecht, Belastingrecht
3223, ECLI:NL:HR:2013:1361, Bestuursrecht, Belastingrecht
3224, ECLI:NL:GHAMS:2009:BK4978, Civiel recht, 
3225, ECLI:NL:RVS:2015:811, Bestuursrecht, 
3226, ECLI:NL:RVS:2014:4682, Bestuursrecht, 
3227, ECLI:NL:PHR:2022:100, Bestuursrecht, Belastingrecht
3228, ECLI:NL:CRVB:2016:820, Bestuursrecht, Socialezekerheidsrecht
3229, ECLI:NL:GHARL:2020:10518, Bestuursrecht, Belastingrecht
3230, ECLI:NL:RVS:2016:890, Bestuursrecht, Vreemdelingenrecht
3231, ECLI:NL:RVS:2020:21, Bestuursrecht, Vreemdelingenrecht
3232, ECLI:NL:HR:2018:672, Bestuursrecht, Belastingrecht
3233, ECLI:NL:CRVB:2006:AY8235, Bestuursrecht, Socialezekerheidsrecht
3234, ECLI:NL:RVS:2023:4355, Bestuursrecht, Vreemdelingenrecht
3235, ECLI:NL:HR:2022:45, Bestuursrecht, Belastingrecht
3236, ECLI:NL:RBOVE:2019:2727, Civiel recht, 
3237, ECLI:NL:PHR:2011:BO5996, Bestuursrecht, Belastingrecht
3238, ECLI:NL:RBNHO:2025:317, Bestuursrecht, Socialezekerheidsrecht
3239, ECLI:NL:RVS:2025:2865, Bestuursrecht, Vreemdelingenrecht
3240, ECLI:NL:RVS:2020:856, Bestuursrecht, 
3241, ECLI:NL:RVS:2004:AP0402, Bestuursrecht, Omgevingsrecht
3242, ECLI:NL:RVS:2016:737, Bestuursrecht, Omgevingsrecht
3243, ECLI:NL:HR:2005:AP1951, Bestuursrecht, Belastingrecht
3244, ECLI:NL:RVS:2014:1870, Bestuursrecht, 
3245, ECLI:NL:RBNHO:2021:4479, Civiel recht, Personen- en familierecht
3246, ECLI:NL:GHARL:2021:2349, Strafrecht, 
3247, ECLI:NL:OGHNAA:2008:BG3692, Bestuursrecht, 
3248, ECLI:NL:RVS:2012:BX6492, Bestuursrecht, 
3249, ECLI:NL:RVS:2019:3596, Bestuursrecht, 
3250, ECLI:NL:HR:2023:885, Civiel recht, 
3251, ECLI:NL:HR:2022:640, Bestuursrecht, Belastingrecht
3252, ECLI:NL:GHARL:2021:11114, Bestuursrecht, Belastingrecht
3253, ECLI:NL:HR:2021:168, Bestuursrecht, Belastingrecht
3254, ECLI:NL:GHARL:2022:10952, Civiel recht, 
3255, ECLI:NL:CBB:2024:191, Bestuursrecht, 
3256, ECLI:NL:CBB:2022:78, Bestuursrecht, 
3257, ECLI:NL:HR:1988:ZC3796, Bestuursrecht, Belastingrecht
3258, ECLI:NL:RVS:2023:719, Bestuursrecht, Vreemdelingenrecht
3259, ECLI:NL:GHARL:2020:3336, Bestuursrecht, Bestuursstrafrecht
3260, ECLI:NL:HR:2021:1170, Civiel recht, 
3261, ECLI:NL:RVS:2017:1601, Bestuursrecht, Vreemdelingenrecht
3262, ECLI:NL:GHSHE:2020:4113, Bestuursrecht, Belastingrecht
3263, ECLI:NL:RVS:2020:3034, Bestuursrecht, Vreemdelingenrecht
3264, ECLI:NL:CRVB:2018:4230, Bestuursrecht, Socialezekerheidsrecht
3265, ECLI:NL:HR:2019:1409, Civiel recht, 
3266, ECLI:NL:RVS:2018:1326, Bestuursrecht, Vreemdelingenrecht
3267, ECLI:NL:RBDHA:2025:2966, Bestuursrecht, Socialezekerheidsrecht
3268, ECLI:NL:RVS:2016:1917, Bestuursrecht, Omgevingsrecht
3269, ECLI:NL:HR:1998:ZC2588, Civiel recht, 
3270, ECLI:NL:CRVB:2021:94, Bestuursrecht, Socialezekerheidsrecht
3271, ECLI:NL:RVS:2019:4101, Bestuursrecht, 
3272, ECLI:NL:HR:2023:1052, Bestuursrecht, Belastingrecht
3273, ECLI:NL:RVS:2014:4335, Bestuursrecht, 
3274, ECLI:NL:RVS:2022:2221, Bestuursrecht, 
3275, ECLI:NL:HR:2014:2627, Civiel recht, 
3276, ECLI:NL:PHR:2017:977, Bestuursrecht, Belastingrecht
3277, ECLI:NL:HR:2024:1079, Civiel recht, Personen- en familierecht
3278, ECLI:NL:HR:1997:AA2165, Bestuursrecht, Belastingrecht
3279, ECLI:NL:RVS:2017:3156, Bestuursrecht, 
3280, ECLI:NL:RVS:2018:638, Bestuursrecht, 
3281, ECLI:NL:GHSHE:2021:3409, Civiel recht, Verbintenissenrecht
3282, ECLI:NL:RBDHA:2023:3590, Bestuursrecht, Vreemdelingenrecht
3283, ECLI:NL:HR:2004:AR1739, Civiel recht, 
3284, ECLI:NL:RBLIM:2020:2753, Civiel recht, 
3285, ECLI:NL:GHARL:2022:9414, Civiel recht, Arbeidsrecht
3286, ECLI:NL:GHARL:2021:6004, Bestuursrecht, Belastingrecht
3287, ECLI:NL:PHR:2016:1374, Bestuursrecht, Belastingrecht
3288, ECLI:NL:HR:2000:AA5967, Civiel recht, 
3289, ECLI:NL:RVS:2021:207, Bestuursrecht, 
3290, ECLI:NL:HR:2020:318, Bestuursrecht, Belastingrecht
3291, ECLI:NL:CRVB:2020:38, Bestuursrecht, Socialezekerheidsrecht
3292, ECLI:NL:HR:2020:866, Bestuursrecht, Belastingrecht
3293, ECLI:NL:RVS:2013:2116, Bestuursrecht, Vreemdelingenrecht
3294, ECLI:NL:HR:2015:1332, Strafrecht, 
3295, ECLI:NL:CRVB:2017:1474, Bestuursrecht, Socialezekerheidsrecht
3296, ECLI:NL:HR:2017:965, Bestuursrecht, Belastingrecht
3297, ECLI:NL:RBDHA:2025:1161, Bestuursrecht, 
3298, ECLI:NL:CRVB:2022:133, Bestuursrecht, Socialezekerheidsrecht
3299, ECLI:NL:HR:2009:BH2822, Civiel recht, Ondernemingsrecht
3300, ECLI:NL:RBGEL:2024:6647, Bestuursrecht, Bestuursprocesrecht
3301, ECLI:NL:GHARL:2024:3566, Civiel recht, Personen- en familierecht
3302, ECLI:NL:CBB:2020:994, Bestuursrecht, 
3303, ECLI:NL:RBDHA:2024:11040, Bestuursrecht, Vreemdelingenrecht
3304, ECLI:NL:RVS:2011:BP9284, Bestuursrecht, Vreemdelingenrecht
3305, ECLI:NL:HR:2019:1315, Bestuursrecht, Belastingrecht
3306, ECLI:NL:GHSHE:2023:945, Bestuursrecht, Belastingrecht
3307, ECLI:NL:CRVB:2017:102, Bestuursrecht, Ambtenarenrecht
3308, ECLI:NL:GHDHA:2017:1186, Bestuursrecht, Belastingrecht
3309, ECLI:NL:PHR:2017:1397, Bestuursrecht, Belastingrecht
3310, ECLI:NL:RBAMS:2024:6162, Strafrecht, Europees strafrecht
3311, ECLI:NL:RBNNE:2023:4216, Bestuursrecht, 
3312, ECLI:NL:RBGEL:2019:1936, Civiel recht, 
3313, ECLI:NL:RVS:2016:1261, Bestuursrecht, Vreemdelingenrecht
3314, ECLI:NL:RVS:2018:174, Bestuursrecht, Vreemdelingenrecht
3315, ECLI:NL:RBNNE:2024:2577, Civiel recht, Insolventierecht
3316, ECLI:NL:HR:2013:BY8357, Strafrecht, 
3317, ECLI:NL:CBB:2021:706, Bestuursrecht, 
3318, ECLI:NL:HR:2024:391, Bestuursrecht, Belastingrecht
3319, ECLI:NL:HR:2015:1284, Civiel recht, 
3320, ECLI:NL:RVS:2022:1040, Bestuursrecht, Vreemdelingenrecht
3321, ECLI:NL:RVS:2024:5000, Bestuursrecht, 
3322, ECLI:NL:GHARL:2020:6696, Civiel recht, Personen- en familierecht
3323, ECLI:NL:RVS:2020:2420, Bestuursrecht, 
3324, ECLI:NL:CRVB:2020:3229, Bestuursrecht, Socialezekerheidsrecht
3325, ECLI:NL:RVS:2012:BX3316, Bestuursrecht, 
3326, ECLI:NL:GHARL:2021:936, Bestuursrecht, Belastingrecht
3327, ECLI:NL:CRVB:1998:AA3445, Bestuursrecht, Socialezekerheidsrecht
3328, ECLI:NL:RBDHA:2021:8133, Civiel recht, Personen- en familierecht
3329, ECLI:NL:HR:2014:1335, Civiel recht, 
3330, ECLI:NL:RVS:2018:1803, Bestuursrecht, Vreemdelingenrecht
3331, ECLI:NL:RVS:2012:BX7107, Bestuursrecht, 
3332, ECLI:NL:HR:2024:756, Bestuursrecht, Belastingrecht
3333, ECLI:NL:HR:2011:BR0664, Bestuursrecht, Belastingrecht
3334, ECLI:NL:CRVB:2023:951, Bestuursrecht, Socialezekerheidsrecht
3335, ECLI:NL:HR:2006:AV0401, Bestuursrecht, Belastingrecht
3336, ECLI:NL:RVS:2015:2226, Bestuursrecht, 
3337, ECLI:NL:ORBBACM:2014:29, Bestuursrecht, 
3338, ECLI:NL:RVS:2021:171, Bestuursrecht, Omgevingsrecht
3339, ECLI:NL:RVS:2022:1198, Bestuursrecht, 
3340, ECLI:NL:RVS:2025:157, Bestuursrecht, Vreemdelingenrecht
3341, ECLI:NL:GHDHA:2020:2809, Bestuursrecht, Belastingrecht
3342, ECLI:NL:HR:1998:ZC2551, Civiel recht, 
3343, ECLI:NL:CRVB:2010:BN5961, Bestuursrecht, Socialezekerheidsrecht
3344, ECLI:NL:CRVB:2019:1101, Bestuursrecht, Socialezekerheidsrecht
3345, ECLI:NL:RVS:2010:BP0428, Bestuursrecht, Vreemdelingenrecht
3346, ECLI:NL:CRVB:2019:4331, Bestuursrecht, Socialezekerheidsrecht
3347, ECLI:NL:RVS:2018:1841, Bestuursrecht, Omgevingsrecht
3348, ECLI:NL:HR:1991:ZC0228, Civiel recht, 
3349, ECLI:NL:HR:2019:623, Bestuursrecht, Belastingrecht
3350, ECLI:NL:RVS:2016:1329, Bestuursrecht, 
3351, ECLI:NL:HR:2021:1360, Civiel recht, 
3352, ECLI:NL:RVS:2018:2815, Bestuursrecht, Vreemdelingenrecht
3353, ECLI:NL:RVS:2020:1157, Bestuursrecht, 
3354, ECLI:NL:RVS:2024:1411, Bestuursrecht, 
3355, ECLI:NL:GHARL:2016:8749, Strafrecht, 
3356, ECLI:NL:RVS:2013:811, Bestuursrecht, 
3357, ECLI:NL:RVS:2022:550, Bestuursrecht, 
3358, ECLI:NL:CRVB:2009:BH1009, Bestuursrecht, Socialezekerheidsrecht
3359, ECLI:NL:RVS:2016:1351, Bestuursrecht, 
3360, ECLI:NL:HR:1982:AG4503, Civiel recht, 
3361, ECLI:NL:RBAMS:2021:4336, Strafrecht, Europees strafrecht
3362, ECLI:NL:RVS:2019:921, Bestuursrecht, 
3363, ECLI:NL:RVS:2011:BT7418, Bestuursrecht, 
3364, ECLI:NL:RVS:2021:1422, Bestuursrecht, 
3365, ECLI:NL:GHAMS:2021:3640, Bestuursrecht, Belastingrecht
3366, ECLI:NL:HR:1993:ZC0839, Civiel recht, 
3367, ECLI:NL:HR:2001:AD4849, Bestuursrecht, Belastingrecht
3368, ECLI:NL:RVS:2016:816, Bestuursrecht, Vreemdelingenrecht
3369, ECLI:NL:CRVB:2009:BJ0929, Bestuursrecht, Socialezekerheidsrecht
3370, ECLI:NL:RVS:2013:BZ2265, Bestuursrecht, 
3371, ECLI:NL:RVS:2021:1062, Bestuursrecht, 
3372, ECLI:NL:HR:2024:571, Bestuursrecht, Belastingrecht
3373, ECLI:NL:RVS:2019:896, Bestuursrecht, 
3374, ECLI:NL:HR:2012:BY5384, Civiel recht, 
3375, ECLI:NL:HR:2005:AR6164, Civiel recht, 
3376, ECLI:NL:RVS:2022:1628, Bestuursrecht, 
3377, ECLI:NL:HR:2018:1319, Bestuursrecht, Belastingrecht
3378, ECLI:NL:RVS:2014:3441, Bestuursrecht, 
3379, ECLI:NL:HR:2013:20, Bestuursrecht, Belastingrecht
3380, ECLI:NL:RVS:2024:2265, Bestuursrecht, Vreemdelingenrecht
3381, ECLI:NL:RVS:2015:410, Bestuursrecht, Vreemdelingenrecht
3382, ECLI:NL:HR:2021:1778, Civiel recht, 
3383, ECLI:NL:RVS:2015:2414, Bestuursrecht, 
3384, ECLI:NL:HR:2011:BO5046, Bestuursrecht, Belastingrecht
3385, ECLI:NL:HR:2015:740, Bestuursrecht, Belastingrecht
3386, ECLI:NL:HR:2012:BX0146, Strafrecht, 
3387, ECLI:NL:HR:2018:1790, Bestuursrecht, Belastingrecht
3388, ECLI:NL:PHR:2023:485, Bestuursrecht, Belastingrecht
3389, ECLI:NL:HR:1983:AB7540, Strafrecht, 
3390, ECLI:NL:HR:2020:1728, Bestuursrecht, Belastingrecht
3391, ECLI:NL:GHSHE:2012:BX9463, Bestuursrecht, Europees bestuursrecht
3392, ECLI:NL:PHR:2017:373, Bestuursrecht, Belastingrecht
3393, ECLI:NL:RVS:2019:2625, Bestuursrecht, 
3394, ECLI:NL:RVS:2012:BX5966, Bestuursrecht, 
3395, ECLI:NL:RVS:2019:4305, Bestuursrecht, 
3396, ECLI:NL:RVS:2024:719, Bestuursrecht, 
3397, ECLI:NL:HR:2025:46, Bestuursrecht, Belastingrecht
3398, ECLI:NL:HR:2019:1020, Bestuursrecht, Belastingrecht
3399, ECLI:NL:RBZWB:2023:8022, Bestuursrecht, 
3400, ECLI:NL:RVS:2017:644, Bestuursrecht, Vreemdelingenrecht
3401, ECLI:NL:RBAMS:2024:5399, Strafrecht, Europees strafrecht
3402, ECLI:NL:CRVB:2023:949, Bestuursrecht, Socialezekerheidsrecht
3403, ECLI:NL:CBB:2023:471, Bestuursrecht, 
3404, ECLI:NL:RVS:2018:729, Bestuursrecht, Vreemdelingenrecht
3405, ECLI:NL:RBAMS:2021:5052, Strafrecht, Europees strafrecht
3406, ECLI:NL:RVS:2025:2866, Bestuursrecht, Vreemdelingenrecht
3407, ECLI:NL:HR:2019:1579, Bestuursrecht, Belastingrecht
3408, ECLI:NL:RVS:2024:881, Bestuursrecht, Vreemdelingenrecht
3409, ECLI:NL:RVS:2021:1112, Bestuursrecht, 
3410, ECLI:NL:HR:2013:64, Bestuursrecht, Belastingrecht
3411, ECLI:NL:GHSHE:2024:2425, Civiel recht, 
3412, ECLI:NL:RVS:2015:2345, Bestuursrecht, Vreemdelingenrecht
3413, ECLI:NL:RBAMS:2025:553, Strafrecht, Europees strafrecht
3414, ECLI:NL:RBROT:2017:4362, Bestuursrecht, 
3415, ECLI:NL:HR:2004:AO7817, Civiel recht, 
3416, ECLI:NL:RBDHA:2021:13948, Civiel recht, Personen- en familierecht
3417, ECLI:NL:CRVB:2023:1380, Bestuursrecht, Socialezekerheidsrecht
3418, ECLI:NL:RVS:2016:2566, Bestuursrecht, 
3419, ECLI:NL:RVS:2022:1973, Bestuursrecht, 
3420, ECLI:NL:GHSHE:2016:4603, Bestuursrecht, Belastingrecht
3421, ECLI:NL:RVS:2025:734, Bestuursrecht, Vreemdelingenrecht
3422, ECLI:NL:CRvB:2012:BX5807, Bestuursrecht, Socialezekerheidsrecht
3423, ECLI:NL:HR:1978:AC6391, Civiel recht, 
3424, ECLI:NL:CRVB:2010:BN3885, Bestuursrecht, Socialezekerheidsrecht
3425, ECLI:NL:PHR:1999:AA3876, Civiel recht, 
3426, ECLI:NL:HR:2005:AT4094, Strafrecht, 
3427, ECLI:NL:CRVB:2023:1471, Bestuursrecht, Socialezekerheidsrecht
3428, ECLI:NL:GHARL:2021:5869, Bestuursrecht, Belastingrecht
3429, ECLI:NL:HR:2017:291, Bestuursrecht, Belastingrecht
3430, ECLI:NL:CRVB:2024:380, Bestuursrecht, Ambtenarenrecht
3431, ECLI:NL:HR:2006:AU7741, Bestuursrecht, Belastingrecht
3432, ECLI:NL:RVS:2017:2928, Bestuursrecht, 
3433, ECLI:NL:RVS:2012:BW9562, Bestuursrecht, 
3434, ECLI:NL:RBAMS:2021:420, Strafrecht, Europees strafrecht
3435, ECLI:NL:CBB:2021:158, Bestuursrecht, 
3436, ECLI:NL:RVS:2018:95, Bestuursrecht, Omgevingsrecht
3437, ECLI:NL:HR:2018:1695, Bestuursrecht, Belastingrecht
3438, ECLI:NL:RVS:2019:1694, Bestuursrecht, 
3439, ECLI:NL:RBROT:2023:2990, Bestuursrecht, Socialezekerheidsrecht
3440, ECLI:NL:RVS:2009:BI7619, Bestuursrecht, Vreemdelingenrecht
3441, ECLI:NL:RVS:2021:1238, Bestuursrecht, 
3442, ECLI:NL:PHR:2022:699, Bestuursrecht, Belastingrecht
3443, ECLI:NL:CRVB:2021:61, Bestuursrecht, Socialezekerheidsrecht
3444, ECLI:NL:RVS:2023:4845, Bestuursrecht, 
3445, ECLI:NL:RVS:2023:772, Bestuursrecht, 
3446, ECLI:NL:RVS:2015:65, Bestuursrecht, Omgevingsrecht
3447, ECLI:NL:RVS:2021:1665, Bestuursrecht, 
3448, ECLI:NL:RVS:2023:3411, Bestuursrecht, Vreemdelingenrecht
3449, ECLI:NL:RVS:2017:2483, Bestuursrecht, Vreemdelingenrecht
3450, ECLI:NL:HR:2012:BW1519, Civiel recht, 
3451, ECLI:NL:RVS:2018:2062, Bestuursrecht, 
3452, ECLI:NL:RVS:2025:5156, Bestuursrecht, Vreemdelingenrecht
3453, ECLI:NL:RBDHA:2025:6038, Bestuursrecht, Vreemdelingenrecht
3454, ECLI:NL:RVS:2022:285, Bestuursrecht, 
3455, ECLI:NL:HR:2006:AW2326, Bestuursrecht, Belastingrecht
3456, ECLI:NL:HR:2010:BJ8465, Bestuursrecht, Belastingrecht
3457, ECLI:NL:PHR:2024:916, Bestuursrecht, Belastingrecht
3458, ECLI:NL:RVS:2014:4690, Bestuursrecht, 
3459, ECLI:NL:HR:2023:1526, Bestuursrecht, Belastingrecht
3460, ECLI:NL:RVS:2012:3474, Bestuursrecht, Belastingrecht
3461, ECLI:NL:HR:2000:AA5261, Civiel recht, 
3462, ECLI:NL:XX:2005:BF8528, Civiel recht, 
3463, ECLI:NL:RBLIM:2023:7356, Bestuursrecht, 
3464, ECLI:NL:CRVB:2014:1488, Bestuursrecht, 
3465, ECLI:NL:HR:2015:2796, Bestuursrecht, Belastingrecht
3466, ECLI:NL:HR:2016:121, Bestuursrecht, Belastingrecht
3467, ECLI:NL:RBDHA:2022:2305, Bestuursrecht, Vreemdelingenrecht
3468, ECLI:NL:RBDHA:2023:4223, Bestuursrecht, Vreemdelingenrecht
3469, ECLI:NL:HR:2016:315, Bestuursrecht, Belastingrecht
3470, ECLI:NL:HR:2020:1746, Civiel recht, 
3471, ECLI:NL:RBOVE:2024:4752, Bestuursrecht, 
3472, ECLI:NL:HR:2018:488, Civiel recht, Personen- en familierecht
3473, ECLI:NL:RVS:2021:2114, Bestuursrecht, 
3474, ECLI:NL:RBAMS:2020:2938, Strafrecht, 
3475, ECLI:NL:GHSHE:2021:1341, Civiel recht, 
3476, ECLI:NL:CRVB:2014:398, Bestuursrecht, Socialezekerheidsrecht
3477, ECLI:NL:HR:1993:ZC0950, Civiel recht, 
3478, ECLI:NL:RVS:2021:2277, Bestuursrecht, 
3479, ECLI:NL:GHARL:2024:6663, Civiel recht, 
3480, ECLI:NL:HR:2022:1837, Civiel recht, 
3481, ECLI:NL:HR:2011:BQ8092, Civiel recht, Insolventierecht
3482, ECLI:NL:RVS:2025:1118, Bestuursrecht, Vreemdelingenrecht
3483, ECLI:NL:PHR:2024:133, Bestuursrecht, Belastingrecht
3484, ECLI:NL:GHDHA:2021:2568, Bestuursrecht, Belastingrecht
3485, ECLI:NL:CBB:2024:32, Bestuursrecht, 
3486, ECLI:NL:HR:2016:1203, Bestuursrecht, Belastingrecht
3487, ECLI:NL:GHSHE:2019:2176, Bestuursrecht, Belastingrecht
3488, ECLI:NL:CRVB:2012:BV9303, Bestuursrecht, Socialezekerheidsrecht
3489, ECLI:NL:HR:2022:1277, Bestuursrecht, Belastingrecht
3490, ECLI:NL:HR:2016:666, Civiel recht, 
3491, ECLI:NL:HR:2016:2083, Bestuursrecht, Belastingrecht
3492, ECLI:NL:RBAMS:2024:6164, Strafrecht, Europees strafrecht
3493, ECLI:NL:RVS:2021:325, Bestuursrecht, 
3494, ECLI:NL:HR:2013:BZ3643, Civiel recht, 
3495, ECLI:NL:GHARL:2022:7510, Bestuursrecht, Belastingrecht
3496, ECLI:NL:HR:2017:275, Civiel recht, 
3497, ECLI:NL:PHR:2020:438, Bestuursrecht, Belastingrecht
3498, ECLI:NL:RVS:2014:4598, Bestuursrecht, 
3499, ECLI:NL:RBOBR:2021:6389, Bestuursrecht, Omgevingsrecht
3500, ECLI:NL:HR:2015:3241, Civiel recht, 
3501, ECLI:NL:HR:2003:AF4606, Civiel recht, 
3502, ECLI:NL:CRVB:2021:1888, Bestuursrecht, Socialezekerheidsrecht
3503, ECLI:NL:HR:2016:1293, Civiel recht, 
3504, ECLI:NL:RVS:2024:4088, Bestuursrecht, Omgevingsrecht
3505, ECLI:NL:GHARL:2018:6402, Bestuursrecht, Bestuursstrafrecht
3506, ECLI:NL:RVS:2013:1259, Bestuursrecht, Omgevingsrecht
3507, ECLI:NL:RVS:2016:1049, Bestuursrecht, 
3508, ECLI:NL:HR:2018:678, Civiel recht, 
3509, ECLI:NL:GHARL:2016:4501, Civiel recht, Personen- en familierecht
3510, ECLI:NL:RVS:2025:5248, Bestuursrecht, Vreemdelingenrecht
3511, ECLI:NL:RVS:2023:4199, Bestuursrecht, Vreemdelingenrecht
3512, ECLI:NL:RVS:2018:961, Bestuursrecht, 
3513, ECLI:NL:RVS:2018:2092, Bestuursrecht, Vreemdelingenrecht
3514, ECLI:NL:RVS:2014:3559, Bestuursrecht, 
3515, ECLI:NL:HR:2013:BY4600, Civiel recht, 
3516, ECLI:NL:RVS:2025:5131, Bestuursrecht, Vreemdelingenrecht
3517, ECLI:NL:RVS:2018:2093, Bestuursrecht, Vreemdelingenrecht
3518, ECLI:NL:PHR:2017:81, Bestuursrecht, Belastingrecht
3519, ECLI:NL:RVS:2019:2447, Bestuursrecht, 
3520, ECLI:NL:RVS:2014:3485, Bestuursrecht, 
3521, ECLI:NL:GHAMS:2022:3540, Civiel recht, 
3522, ECLI:NL:RVS:2020:1160, Bestuursrecht, 
3523, ECLI:NL:HR:1978:AX3264, Bestuursrecht, Belastingrecht
3524, ECLI:NL:CRVB:2022:2461, Bestuursrecht, Socialezekerheidsrecht
3525, ECLI:NL:GHDHA:2023:2043, Bestuursrecht, Belastingrecht
3526, ECLI:NL:GHARL:2023:7561, Bestuursrecht, Bestuursstrafrecht
3527, ECLI:NL:HR:1992:ZC0673, Civiel recht, 
3528, ECLI:NL:HR:2020:63, Bestuursrecht, Belastingrecht
3529, ECLI:NL:HR:2016:2667, Bestuursrecht, Belastingrecht
3530, ECLI:NL:CRVB:2016:2689, Bestuursrecht, Socialezekerheidsrecht
3531, ECLI:NL:HR:2017:290, Bestuursrecht, Belastingrecht
3532, ECLI:NL:HR:1996:AC0478, Bestuursrecht, Belastingrecht
3533, ECLI:NL:CRVB:2022:1493, Bestuursrecht, Socialezekerheidsrecht
3534, ECLI:NL:HR:2006:AU7935, Civiel recht, 
3535, ECLI:NL:HR:2014:1489, Civiel recht, 
3536, ECLI:NL:RVS:2013:BZ9072, Bestuursrecht, 
3537, ECLI:NL:HR:1988:AC3785, Civiel recht, 
3538, ECLI:NL:RVS:2024:2642, Bestuursrecht, Vreemdelingenrecht
3539, ECLI:NL:RBZWB:2024:7813, Bestuursrecht, Bestuursprocesrecht
3540, ECLI:NL:RVS:2018:4158, Bestuursrecht, 
3541, ECLI:NL:HR:2011:BO5087, Bestuursrecht, Belastingrecht
3542, ECLI:NL:CRVB:2012:BX1005, Bestuursrecht, Socialezekerheidsrecht
3543, ECLI:NL:RVS:2025:552, Bestuursrecht, 
3544, ECLI:NL:RVS:2024:951, Bestuursrecht, 
3545, ECLI:NL:CRVB:2016:1896, Bestuursrecht, Socialezekerheidsrecht
3546, ECLI:NL:RBDHA:2025:10278, Bestuursrecht, Vreemdelingenrecht
3547, ECLI:NL:HR:2017:164, Civiel recht, 
3548, ECLI:NL:HR:1990:AD7494, Civiel recht, 
3549, ECLI:NL:HR:2024:515, Bestuursrecht, Belastingrecht
3550, ECLI:NL:RVS:2016:1783, Bestuursrecht, Vreemdelingenrecht
3551, ECLI:NL:RVS:2010:BL3354, Bestuursrecht, 
3552, ECLI:NL:GHDHA:2020:2116, Civiel recht, Personen- en familierecht
3553, ECLI:NL:RBMNE:2021:4549, Civiel recht, Personen- en familierecht
3554, ECLI:NL:HR:2014:716, Strafrecht, 
3555, ECLI:NL:GHSHE:2022:4081, Civiel recht, Verbintenissenrecht
3556, ECLI:NL:PHR:2024:1141, Bestuursrecht, Belastingrecht
3557, ECLI:NL:CRVB:2020:559, Bestuursrecht, Socialezekerheidsrecht
3558, ECLI:NL:RVS:2016:2502, Bestuursrecht, 
3559, ECLI:NL:RVS:2016:2582, Bestuursrecht, 
3560, ECLI:NL:GHARL:2022:2330, Bestuursrecht, Bestuursstrafrecht
3561, ECLI:NL:HR:2020:331, Bestuursrecht, Belastingrecht
3562, ECLI:NL:HR:2016:724, Civiel recht, Personen- en familierecht
3563, ECLI:NL:HR:2022:1917, Bestuursrecht, Belastingrecht
3564, ECLI:NL:RVS:2023:713, Bestuursrecht, 
3565, ECLI:NL:HR:2009:BH2952, Civiel recht, 
3566, ECLI:NL:HR:2015:2914, Civiel recht, 
3567, ECLI:NL:CRVB:2021:1116, Bestuursrecht, Socialezekerheidsrecht
3568, ECLI:NL:RVS:2024:1253, Bestuursrecht, Vreemdelingenrecht
3569, ECLI:NL:HR:1999:AA2720, Bestuursrecht, Belastingrecht
3570, ECLI:NL:RVS:2014:4736, Bestuursrecht, 
3571, ECLI:NL:HR:1990:AB9374, Civiel recht, 
3572, ECLI:NL:RVS:2014:2562, Bestuursrecht, 
3573, ECLI:NL:HR:2015:688, Civiel recht, Personen- en familierecht
3574, ECLI:NL:GHARL:2017:4021, Bestuursrecht, Bestuursstrafrecht
3575, ECLI:NL:RVS:2014:521, Bestuursrecht, 
3576, ECLI:NL:HR:2018:1810, Civiel recht, 
3577, ECLI:NL:RVS:2023:718, Bestuursrecht, 
3578, ECLI:NL:RVS:2018:3020, Bestuursrecht, 
3579, ECLI:NL:HR:2016:2495, Bestuursrecht, Belastingrecht
3580, ECLI:NL:GHAMS:2014:1533, Civiel recht, 
3581, ECLI:NL:CRVB:2022:2207, Bestuursrecht, Socialezekerheidsrecht
3582, ECLI:NL:RVS:2014:4672, Bestuursrecht, 
3583, ECLI:NL:RBMNE:2023:6191, Bestuursrecht, Belastingrecht
3584, ECLI:NL:RBAMS:2020:1896, Strafrecht, Europees strafrecht
3585, ECLI:NL:OGEAC:2018:57, Bestuursrecht, Belastingrecht
3586, ECLI:NL:RVS:2020:1128, Bestuursrecht, 
3587, ECLI:NL:RVS:2018:3735, Bestuursrecht, Vreemdelingenrecht
3588, ECLI:NL:HR:2014:3618, Strafrecht, 
3589, ECLI:NL:GHDHA:2022:2429, Civiel recht, 
3590, ECLI:NL:CRVB:2014:2785, Bestuursrecht, Ambtenarenrecht
3591, ECLI:NL:HR:2020:317, Bestuursrecht, Belastingrecht
3592, ECLI:NL:CRVB:2018:2399, Bestuursrecht, Socialezekerheidsrecht
3593, ECLI:NL:HR:2017:341, Bestuursrecht, Belastingrecht
3594, ECLI:NL:GHARL:2023:6369, Bestuursrecht, Bestuursstrafrecht
3595, ECLI:NL:RBDHA:2025:8393, Bestuursrecht, 
3596, ECLI:NL:RVS:2025:5149, Bestuursrecht, Vreemdelingenrecht
3597, ECLI:NL:HR:2003:AI0924, Bestuursrecht, Belastingrecht
3598, ECLI:NL:GHARL:2024:3339, Bestuursrecht, Bestuursstrafrecht
3599, ECLI:NL:RBDHA:2023:21288, Bestuursrecht, Vreemdelingenrecht
3600, ECLI:NL:TACAKN:2012:YH0319, Bestuursrecht, Vreemdelingenrecht
3601, ECLI:NL:CRVB:2019:345, Bestuursrecht, Socialezekerheidsrecht
3602, ECLI:NL:CRVB:2023:2086, Bestuursrecht, Socialezekerheidsrecht
3603, ECLI:NL:RVS:2019:2536, Bestuursrecht, 
3604, ECLI:NL:HR:2018:1985, Civiel recht, 
3605, ECLI:NL:RVS:2015:1330, Bestuursrecht, 
3606, ECLI:NL:GHARL:2019:10565, Civiel recht, 
3607, ECLI:NL:GHARL:2024:6662, Civiel recht, 
3608, ECLI:NL:CRVB:2017:1476, Bestuursrecht, Socialezekerheidsrecht
3609, ECLI:NL:PHR:2019:791, Bestuursrecht, Belastingrecht
3610, ECLI:NL:RVS:2014:99, Bestuursrecht, 
3611, ECLI:NL:HR:2023:443, Civiel recht, 
3612, ECLI:NL:PHR:2009:BJ7928, Bestuursrecht, Belastingrecht
3613, ECLI:NL:HR:1999:ZC2810, Civiel recht, 
3614, ECLI:NL:RBMNE:2023:2574, Bestuursrecht, Belastingrecht
3615, ECLI:NL:HR:2024:775, Bestuursrecht, Belastingrecht
3616, ECLI:NL:RVS:2024:1602, Bestuursrecht, Omgevingsrecht
3617, ECLI:NL:HR:2018:1311, Bestuursrecht, Belastingrecht
3618, ECLI:NL:HR:2018:463, Civiel recht, Personen- en familierecht
3619, ECLI:NL:HR:2014:2838, Civiel recht, 
3620, ECLI:NL:RVS:2025:789, Bestuursrecht, Vreemdelingenrecht
3621, ECLI:NL:ORBBACM:2015:13, Bestuursrecht, Belastingrecht
3622, ECLI:NL:RVS:2024:4923, Bestuursrecht, 
3623, ECLI:NL:HR:2009:BH0070, Civiel recht, 
3624, ECLI:NL:PHR:2023:711, Bestuursrecht, Belastingrecht
3625, ECLI:NL:GHDHA:2021:580, Civiel recht, 
3626, ECLI:NL:HR:2023:637, Strafrecht, 
3627, ECLI:NL:RVS:2022:835, Bestuursrecht, 
3628, ECLI:NL:HR:2000:AA5863, Civiel recht, 
3629, ECLI:NL:RVS:2012:BY2475, Bestuursrecht, 
3630, ECLI:NL:RVS:2024:1301, Bestuursrecht, 
3631, ECLI:NL:RVS:2007:BA1703, Bestuursrecht, Omgevingsrecht
3632, ECLI:NL:RVS:2018:4039, Bestuursrecht, 
3633, ECLI:NL:RVS:2023:1446, Bestuursrecht, Omgevingsrecht
3634, ECLI:NL:HR:1985:AG4960, Civiel recht, 
3635, ECLI:NL:RVS:2023:1017, Bestuursrecht, 
3636, ECLI:NL:GHARL:2020:8984, Civiel recht, 
3637, ECLI:NL:RBMNE:2021:4163, Civiel recht, Personen- en familierecht
3638, ECLI:NL:RVS:2009:BI8471, Bestuursrecht, Omgevingsrecht
3639, ECLI:NL:HR:2011:BN6324, Bestuursrecht, Belastingrecht
3640, ECLI:NL:RVS:2012:BW9537, Bestuursrecht, 
3641, ECLI:NL:HR:1937:184, Civiel recht, 
3642, ECLI:NL:RVS:2023:2333, Bestuursrecht, 
3643, ECLI:NL:RBROT:2020:7504, Bestuursrecht, 
3644, ECLI:NL:HR:2012:BW1999, Civiel recht, 
3645, ECLI:NL:HR:1968:AX5927, Bestuursrecht, Belastingrecht
3646, ECLI:NL:RVS:2003:AO0820, Bestuursrecht, 
3647, ECLI:NL:HR:2000:AA5802, Strafrecht, 
3648, ECLI:NL:RVS:2023:913, Bestuursrecht, 
3649, ECLI:NL:RVS:2016:3232, Bestuursrecht, Vreemdelingenrecht
3650, ECLI:NL:RVS:2019:4077, Bestuursrecht, 
3651, ECLI:NL:HR:2024:653, Bestuursrecht, Belastingrecht
3652, ECLI:NL:HR:2005:AR5213, Civiel recht, 
3653, ECLI:NL:HR:2025:681, Bestuursrecht, Belastingrecht
3654, ECLI:NL:CRVB:2014:1579, Bestuursrecht, Ambtenarenrecht
3655, ECLI:NL:GHARL:2016:4926, Bestuursrecht, Bestuursstrafrecht
3656, ECLI:NL:RBAMS:2017:2740, Bestuursrecht, 
3657, ECLI:NL:HR:2017:292, Bestuursrecht, Belastingrecht
3658, ECLI:NL:OGHACMB:2012:BX5453, Bestuursrecht, 
3659, ECLI:NL:HR:1998:AA2306, Bestuursrecht, Belastingrecht
3660, ECLI:NL:HR:2000:AA6513, Bestuursrecht, Belastingrecht
3661, ECLI:NL:GHARL:2024:5850, Civiel recht, 
3662, ECLI:NL:HR:2016:1483, Civiel recht, 
3663, ECLI:NL:RVS:2023:1054, Bestuursrecht, Vreemdelingenrecht
3664, ECLI:NL:RBAMS:2020:3776, Strafrecht, 
3665, ECLI:NL:RBGEL:2021:325, Civiel recht, Personen- en familierecht
3666, ECLI:NL:HR:2013:CA3765, Civiel recht, 
3667, ECLI:NL:RVS:2021:1276, Bestuursrecht, 
3668, ECLI:NL:RVS:2011:BR2279, Bestuursrecht, 
3669, ECLI:NL:CRVB:2019:2018, Bestuursrecht, Socialezekerheidsrecht
3670, ECLI:NL:RBDHA:2024:11270, Bestuursrecht, Vreemdelingenrecht
3671, ECLI:NL:HR:2017:2444, Civiel recht, 
3672, ECLI:NL:CRVB:2007:BB6732, Bestuursrecht, Ambtenarenrecht
3673, ECLI:NL:RVS:2018:1118, Bestuursrecht, 
3674, ECLI:NL:RBDHA:2024:5737, Bestuursrecht, Vreemdelingenrecht
3675, ECLI:NL:RVS:2020:2706, Bestuursrecht, 
3676, ECLI:NL:HR:2006:AT3051, Bestuursrecht, Belastingrecht
3677, ECLI:NL:CRVB:2016:1566, Bestuursrecht, Socialezekerheidsrecht
3678, ECLI:NL:HR:2008:BD1847, Civiel recht, 
3679, ECLI:NL:HR:2002:AE5164, Civiel recht, 
3680, ECLI:NL:HR:2011:BP4003, Civiel recht, 
3681, ECLI:NL:RVS:2023:1953, Bestuursrecht, 
3682, ECLI:NL:RVS:2024:4909, Bestuursrecht, 
3683, ECLI:NL:RVS:2020:2205, Bestuursrecht, Omgevingsrecht
3684, ECLI:NL:CBB:2020:992, Bestuursrecht, 
3685, ECLI:NL:RVS:2010:BM7718, Bestuursrecht, 
3686, ECLI:NL:RVS:2021:249, Bestuursrecht, 
3687, ECLI:NL:HR:2022:336, Civiel recht, 
3688, ECLI:NL:HR:2017:2517, Bestuursrecht, Belastingrecht
3689, ECLI:NL:RVS:2024:2058, Bestuursrecht, 
3690, ECLI:NL:RVS:2015:3836, Bestuursrecht, 
3691, ECLI:NL:RVS:2022:1042, Bestuursrecht, Vreemdelingenrecht
3692, ECLI:NL:RVS:2025:3148, Bestuursrecht, Vreemdelingenrecht
3693, ECLI:NL:GHARL:2017:8630, Strafrecht, Strafprocesrecht
3694, ECLI:NL:GHARL:2017:1777, Bestuursrecht, Bestuursstrafrecht
3695, ECLI:NL:PHR:2017:374, Bestuursrecht, Belastingrecht
3696, ECLI:NL:CRVB:2023:2402, Bestuursrecht, Socialezekerheidsrecht
3697, ECLI:NL:RVS:2009:BH1142, Bestuursrecht, 
3698, ECLI:NL:HR:2013:1776, Bestuursrecht, Belastingrecht
3699, ECLI:NL:CRVB:2015:1450, Bestuursrecht, Socialezekerheidsrecht
3700, ECLI:NL:HR:2013:1797, Bestuursrecht, Belastingrecht
3701, ECLI:NL:GHARL:2023:138, Bestuursrecht, Belastingrecht
3702, ECLI:NL:HR:2024:1060, Bestuursrecht, Belastingrecht
3703, ECLI:NL:CRVB:2021:881, Bestuursrecht, Socialezekerheidsrecht
3704, ECLI:NL:RVS:2021:1213, Bestuursrecht, 
3705, ECLI:NL:CRVB:2019:1696, Bestuursrecht, Socialezekerheidsrecht
3706, ECLI:NL:HR:2004:AQ3810, Civiel recht, 
3707, ECLI:NL:HR:2021:1660, Bestuursrecht, Belastingrecht
3708, ECLI:NL:RVS:2020:2879, Bestuursrecht, 
3709, ECLI:NL:RVS:2023:4585, Bestuursrecht, 
3710, ECLI:NL:HR:2010:BL7169, Bestuursrecht, Belastingrecht
3711, ECLI:NL:CRVB:2013:2985, Bestuursrecht, Ambtenarenrecht
3712, ECLI:NL:RVS:2020:2798, Bestuursrecht, 
3713, ECLI:NL:RVS:2021:554, Bestuursrecht, 
3714, ECLI:NL:CRVB:2022:2717, Bestuursrecht, Socialezekerheidsrecht
3715, ECLI:NL:RVS:2003:AM2916, Bestuursrecht, Vreemdelingenrecht
3716, ECLI:NL:HR:2022:89, Bestuursrecht, Belastingrecht
3717, ECLI:NL:RBGEL:2022:519, Bestuursrecht, Belastingrecht
3718, ECLI:NL:HR:2019:793, Strafrecht, 
3719, ECLI:NL:RVS:2019:1855, Bestuursrecht, Vreemdelingenrecht
3720, ECLI:NL:RBAMS:2024:5122, Strafrecht, Internationaal strafrecht
3721, ECLI:NL:RVS:2020:3139, Bestuursrecht, 
3722, ECLI:NL:GHARL:2022:3771, Bestuursrecht, Bestuursstrafrecht
3723, ECLI:NL:GHARL:2024:4051, Strafrecht, Strafprocesrecht
3724, ECLI:NL:HR:2012:BY2665, Bestuursrecht, Belastingrecht
3725, ECLI:NL:RVS:2018:3745, Bestuursrecht, Vreemdelingenrecht
3726, ECLI:NL:PHR:2024:1, Bestuursrecht, Belastingrecht
3727, ECLI:NL:HR:1994:ZC5609, Bestuursrecht, Belastingrecht
3728, ECLI:NL:RVS:2017:1588, Bestuursrecht, 
3729, ECLI:NL:HR:2014:2782, Bestuursrecht, Belastingrecht
3730, ECLI:NL:RVS:2024:2946, Bestuursrecht, Vreemdelingenrecht
3731, ECLI:NL:HR:2001:AB2576, Civiel recht, 
3732, ECLI:NL:RVS:2014:4530, Bestuursrecht, 
3733, ECLI:NL:RVS:2020:1166, Bestuursrecht, 
3734, ECLI:NL:GHSHE:2020:698, Civiel recht, 
3735, ECLI:NL:GHAMS:2022:362, Bestuursrecht, Belastingrecht
3736, ECLI:NL:GHAMS:2022:1754, Civiel recht, 
3737, ECLI:NL:CRVB:2016:3501, Bestuursrecht, Socialezekerheidsrecht
3738, ECLI:NL:RVS:2014:4272, Bestuursrecht, 
3739, ECLI:NL:RVS:2013:CA2858, Bestuursrecht, 
3740, ECLI:NL:HR:2002:AE5618, Strafrecht, 
3741, ECLI:NL:CRVB:2010:BM8090, Bestuursrecht, Socialezekerheidsrecht
3742, ECLI:NL:HR:2023:1703, Bestuursrecht, Belastingrecht
3743, ECLI:NL:RVS:2016:486, Bestuursrecht, 
3744, ECLI:NL:CRVB:2001:AD5986, Bestuursrecht, Socialezekerheidsrecht
3745, ECLI:NL:GHAMS:2024:2297, Bestuursrecht, Belastingrecht
3746, ECLI:NL:RVS:2024:2548, Bestuursrecht, Vreemdelingenrecht
3747, ECLI:NL:HR:2009:BJ5125, Bestuursrecht, Belastingrecht
3748, ECLI:NL:HR:2023:1337, Bestuursrecht, Belastingrecht
3749, ECLI:NL:RBAMS:2019:198, Civiel recht, 
3750, ECLI:NL:RVS:2015:32, Bestuursrecht, 
3751, ECLI:NL:RVS:2020:1182, Bestuursrecht, 
3752, ECLI:NL:RVS:2018:999, Bestuursrecht, Vreemdelingenrecht
3753, ECLI:NL:RVS:2020:1560, Bestuursrecht, Vreemdelingenrecht
3754, ECLI:NL:CBB:2024:190, Bestuursrecht, 
3755, ECLI:NL:HR:2021:1725, Civiel recht, 
3756, ECLI:NL:RVS:2016:1442, Bestuursrecht, Vreemdelingenrecht
3757, ECLI:NL:RVS:2017:1733, Bestuursrecht, Vreemdelingenrecht
3758, ECLI:NL:CRVB:2023:133, Bestuursrecht, Socialezekerheidsrecht
3759, ECLI:NL:HR:2006:AY7000, Civiel recht, Personen- en familierecht
3760, ECLI:NL:RVS:2024:268, Bestuursrecht, 
3761, ECLI:NL:CRVB:2010:BO9528, Bestuursrecht, Socialezekerheidsrecht
3762, ECLI:NL:GHARL:2015:65, Bestuursrecht, Bestuursstrafrecht
3763, ECLI:NL:RVS:2019:3410, Bestuursrecht, Vreemdelingenrecht
3764, ECLI:NL:CRVB:2017:2622, Bestuursrecht, Socialezekerheidsrecht
3765, ECLI:NL:CBB:2022:134, Bestuursrecht, 
3766, ECLI:NL:RBDHA:2019:12744, Bestuursrecht, Socialezekerheidsrecht
3767, ECLI:NL:CBB:2023:52, Bestuursrecht, 
3768, ECLI:NL:RVS:2019:580, Bestuursrecht, Vreemdelingenrecht
3769, ECLI:NL:CRVB:2011:BU4522, Bestuursrecht, Socialezekerheidsrecht
3770, ECLI:NL:RVS:2022:85, Bestuursrecht, Vreemdelingenrecht
3771, ECLI:NL:CRVB:2019:815, Bestuursrecht, Socialezekerheidsrecht
3772, ECLI:NL:RVS:2018:1081, Bestuursrecht, Vreemdelingenrecht
3773, ECLI:NL:RVS:2022:2759, Bestuursrecht, Vreemdelingenrecht
3774, ECLI:NL:RVS:2024:4631, Bestuursrecht, Vreemdelingenrecht
3775, ECLI:NL:CRVB:2012:BW5987, Bestuursrecht, Socialezekerheidsrecht
3776, ECLI:NL:RVS:2024:2224, Bestuursrecht, 
3777, ECLI:NL:CRvB:2010:BM1179, Bestuursrecht, Socialezekerheidsrecht
3778, ECLI:NL:RVS:2021:2865, Bestuursrecht, Vreemdelingenrecht
3779, ECLI:NL:PHR:2021:80, Bestuursrecht, Belastingrecht
3780, ECLI:NL:HR:2011:BO6106, Civiel recht, 
3781, ECLI:NL:RVS:2019:665, Bestuursrecht, Vreemdelingenrecht
3782, ECLI:NL:CRVB:2021:3321, Bestuursrecht, Socialezekerheidsrecht
3783, ECLI:NL:CRVB:2022:2701, Bestuursrecht, Socialezekerheidsrecht
3784, ECLI:NL:HR:2014:702, Strafrecht, 
3785, ECLI:NL:RBLIM:2019:8232, Bestuursrecht, 
3786, ECLI:NL:CBB:2024:927, Bestuursrecht, 
3787, ECLI:NL:RVS:2018:1, Bestuursrecht, Vreemdelingenrecht
3788, ECLI:NL:HR:2014:91, Civiel recht, Personen- en familierecht
3789, ECLI:NL:PHR:2018:231, Bestuursrecht, Belastingrecht
3790, ECLI:NL:HR:2007:AX0678, Bestuursrecht, Belastingrecht
3791, ECLI:NL:HR:2003:AF7002, Civiel recht, 
3792, ECLI:NL:RBAMS:2023:538, Bestuursrecht, 
3793, ECLI:NL:RVS:2016:2526, Bestuursrecht, 
3794, ECLI:NL:CRVB:2021:2187, Bestuursrecht, Socialezekerheidsrecht
3795, ECLI:NL:CBB:2024:33, Bestuursrecht, 
3796, ECLI:NL:RBAMS:2024:7580, Civiel recht, Personen- en familierecht
3797, ECLI:NL:RVS:2013:1426, Bestuursrecht, 
3798, ECLI:NL:HR:2012:BW9879, Bestuursrecht, Belastingrecht
3799, ECLI:NL:RVS:2011:BU8882, Bestuursrecht, 
3800, ECLI:NL:RVS:2009:BK5859, Bestuursrecht, 
3801, ECLI:NL:RVS:2015:3652, Bestuursrecht, Vreemdelingenrecht
3802, ECLI:NL:RVS:2020:423, Bestuursrecht, 
3803, ECLI:NL:RVS:2024:3356, Bestuursrecht, 
3804, ECLI:NL:HR:2021:841, Strafrecht, 
3805, ECLI:NL:RBAMS:2024:1267, Strafrecht, Internationaal strafrecht
3806, ECLI:NL:GHAMS:2022:3607, Civiel recht, 
3807, ECLI:NL:GHDHA:2019:17, Bestuursrecht, Belastingrecht
3808, ECLI:NL:HR:2018:729, Civiel recht, 
3809, ECLI:NL:HR:2012:BW5393, Bestuursrecht, Belastingrecht
3810, ECLI:NL:HR:2020:1528, Bestuursrecht, Belastingrecht
3811, ECLI:NL:HR:2021:107, Civiel recht, 
3812, ECLI:NL:RVS:2022:1826, Bestuursrecht, Vreemdelingenrecht
3813, ECLI:NL:RVS:2024:2637, Bestuursrecht, Vreemdelingenrecht
3814, ECLI:NL:RVS:2017:3251, Bestuursrecht, 
3815, ECLI:NL:RBDHA:2025:940, Bestuursrecht, Vreemdelingenrecht
3816, ECLI:NL:RVS:2011:BP3670, Bestuursrecht, 
3817, ECLI:NL:CBB:2021:240, Bestuursrecht, 
3818, ECLI:NL:CRVB:2019:4351, Bestuursrecht, Socialezekerheidsrecht
3819, ECLI:NL:GHARL:2020:8549, Bestuursrecht, Bestuursstrafrecht
3820, ECLI:NL:RBNHO:2023:3628, Bestuursrecht, Socialezekerheidsrecht
3821, ECLI:NL:RVS:2013:1179, Bestuursrecht, 
3822, ECLI:NL:RVS:2019:2025, Bestuursrecht, 
3823, ECLI:NL:RVS:2016:3367, Bestuursrecht, Omgevingsrecht
3824, ECLI:NL:HR:2021:705, Bestuursrecht, Belastingrecht
3825, ECLI:NL:CRVB:2019:1449, Bestuursrecht, Socialezekerheidsrecht
3826, ECLI:NL:RVS:2022:3968, Bestuursrecht, 
3827, ECLI:NL:RVS:2022:433, Bestuursrecht, Vreemdelingenrecht
3828, ECLI:NL:HR:2019:1102, Bestuursrecht, Belastingrecht
3829, ECLI:NL:RVS:2024:3817, Bestuursrecht, Omgevingsrecht
3830, ECLI:NL:RVS:2005:AT4747, Bestuursrecht, 
3831, ECLI:NL:CRVB:2019:924, Bestuursrecht, Socialezekerheidsrecht
3832, ECLI:NL:HR:2018:89, Strafrecht, 
3833, ECLI:NL:RVS:2020:793, Bestuursrecht, 
3834, ECLI:NL:HR:2010:BM0787, Strafrecht, 
3835, ECLI:NL:HR:2008:BE9998, Civiel recht, 
3836, ECLI:NL:HR:2020:1148, Civiel recht, 
3837, ECLI:NL:GHSHE:2022:3806, Bestuursrecht, Belastingrecht
3838, ECLI:NL:GHARL:2022:7811, Strafrecht, 
3839, ECLI:NL:CRVB:2017:1475, Bestuursrecht, Socialezekerheidsrecht
3840, ECLI:NL:RVS:2014:4184, Bestuursrecht, 
3841, ECLI:NL:RVS:2022:379, Bestuursrecht, Vreemdelingenrecht
3842, ECLI:NL:RVS:2020:829, Bestuursrecht, Vreemdelingenrecht
3843, ECLI:NL:HR:2008:BD0191, Bestuursrecht, Belastingrecht
3844, ECLI:NL:HR:1989:AD5725, Civiel recht, 
3845, ECLI:NL:RVS:2012:BX8721, Bestuursrecht, Vreemdelingenrecht
3846, ECLI:NL:RVS:2019:1603, Bestuursrecht, 
3847, ECLI:NL:RVS:2021:1440, Bestuursrecht, 
3848, ECLI:NL:HR:1994:ZC1561, Civiel recht, 
3849, ECLI:NL:CRVB:2020:2531, Bestuursrecht, Socialezekerheidsrecht
3850, ECLI:NL:RVS:2025:5161, Bestuursrecht, 
3851, ECLI:NL:GHAMS:2020:930, Civiel recht, 
3852, ECLI:NL:HR:2024:1299, Bestuursrecht, Belastingrecht
3853, ECLI:NL:RVS:2012:BW3351, Bestuursrecht, Vreemdelingenrecht
3854, ECLI:NL:RVS:2022:2290, Bestuursrecht, Vreemdelingenrecht
3855, ECLI:NL:HR:2024:1441, Bestuursrecht, Belastingrecht
3856, ECLI:NL:RVS:2021:2585, Bestuursrecht, 
3857, ECLI:NL:HR:1982:AG4438, Bestuursrecht, 
3858, ECLI:NL:HR:2013:911, Civiel recht, 
3859, ECLI:NL:GHARL:2023:8800, Bestuursrecht, Belastingrecht
3860, ECLI:NL:RVS:2013:2678, Bestuursrecht, Vreemdelingenrecht
3861, ECLI:NL:RVS:2022:693, Bestuursrecht, 
3862, ECLI:NL:RVS:2005:15, Bestuursrecht, 
3863, ECLI:NL:GHAMS:2014:1135, Civiel recht, 
3864, ECLI:NL:HR:1998:ZC2602, Civiel recht, 
3865, ECLI:NL:GHSHE:2008:BG4468, Strafrecht, 
3866, ECLI:NL:RVS:2018:4193, Bestuursrecht, 
3867, ECLI:NL:HR:2005:AT3409, Bestuursrecht, Belastingrecht
3868, ECLI:NL:HR:2000:AA5169, Civiel recht, 
3869, ECLI:NL:HR:2019:61, Civiel recht, 
3870, ECLI:NL:CRVB:2023:954, Bestuursrecht, Socialezekerheidsrecht
3871, ECLI:NL:HR:2018:2358, Bestuursrecht, Belastingrecht
3872, ECLI:NL:RVS:2011:BQ1871, Bestuursrecht, 
3873, ECLI:NL:RVS:2022:1441, Bestuursrecht, 
3874, ECLI:NL:RVS:2014:4129, Bestuursrecht, 
3875, ECLI:NL:RVS:2013:1785, Bestuursrecht, Vreemdelingenrecht
3876, ECLI:NL:RVS:2024:3552, Bestuursrecht, Vreemdelingenrecht
3877, ECLI:NL:RVS:2013:BZ8388, Bestuursrecht, Vreemdelingenrecht
3878, ECLI:NL:HR:2010:BL0078, Bestuursrecht, Belastingrecht
3879, ECLI:NL:RBOBR:2025:1513, Bestuursrecht, Belastingrecht
3880, ECLI:NL:GHAMS:2024:1648, Bestuursrecht, Belastingrecht
3881, ECLI:NL:RBDHA:2022:5724, Bestuursrecht, Vreemdelingenrecht
3882, ECLI:NL:HR:2009:BI0562, Bestuursrecht, Belastingrecht
3883, ECLI:NL:HR:2022:1039, Bestuursrecht, Belastingrecht
3884, ECLI:NL:RVS:2022:900, Bestuursrecht, Omgevingsrecht
3885, ECLI:NL:RVS:2024:2643, Bestuursrecht, Vreemdelingenrecht
3886, ECLI:NL:HR:2019:1779, Bestuursrecht, Belastingrecht
3887, ECLI:NL:RVS:2013:BZ2515, Bestuursrecht, 
3888, ECLI:NL:HR:2004:AR3504, Bestuursrecht, Belastingrecht
3889, ECLI:NL:CRVB:2024:1033, Bestuursrecht, Socialezekerheidsrecht
3890, ECLI:NL:HR:2000:AA5651, Civiel recht, 
3891, ECLI:NL:CRVB:2017:2653, Bestuursrecht, Socialezekerheidsrecht
3892, ECLI:NL:RVS:2020:2949, Bestuursrecht, Vreemdelingenrecht
3893, ECLI:NL:RVS:2022:1043, Bestuursrecht, Vreemdelingenrecht
3894, ECLI:NL:HR:2008:BD1494, Civiel recht, 
3895, ECLI:NL:GHARL:2020:8985, Civiel recht, 
3896, ECLI:NL:RVS:2010:BM1028, Bestuursrecht, 
3897, ECLI:NL:PHR:2023:1197, Bestuursrecht, Belastingrecht
3898, ECLI:NL:RVS:2017:1362, Bestuursrecht, 
3899, ECLI:NL:HR:1996:ZC1978, Civiel recht, 
3900, ECLI:NL:RVS:2011:BT7118, Bestuursrecht, Vreemdelingenrecht
3901, ECLI:NL:RVS:2022:3602, Bestuursrecht, 
3902, ECLI:NL:CRVB:2018:26, Bestuursrecht, Ambtenarenrecht
3903, ECLI:NL:RBDHA:2016:14190, Civiel recht, 
3904, ECLI:NL:CBB:2011:BR1384, Bestuursrecht, 
3905, ECLI:NL:RVS:2025:5167, Bestuursrecht, Vreemdelingenrecht
3906, ECLI:NL:RVS:2018:2454, Bestuursrecht, 
3907, ECLI:NL:HR:2024:716, Civiel recht, 
3908, ECLI:NL:HR:2019:1084, Bestuursrecht, Belastingrecht
3909, ECLI:NL:CRVB:2014:1850, Bestuursrecht, Socialezekerheidsrecht
3910, ECLI:NL:RVS:2014:3207, Bestuursrecht, Omgevingsrecht
3911, ECLI:NL:RVS:2016:2544, Bestuursrecht, 
3912, ECLI:NL:GHARL:2021:9528, Bestuursrecht, Belastingrecht
