id, ECLI, rechtbank, rechtsgebied, subrechtsgebied
1, ECLI:NL:RVS:2019:3684, Bestuursrecht, Vreemdelingenrecht
2, ECLI:NL:HR:1998:ZC2789, Civiel recht, 
3, ECLI:NL:HR:1994:ZC1440, Civiel recht, 
4, ECLI:NL:RBAMS:2019:6589, Bestuursrecht, 
5, ECLI:NL:CRVB:2013:BZ8062, Bestuursrecht, Socialezekerheidsrecht
6, ECLI:NL:CBB:2023:32, Bestuursrecht, 
7, ECLI:NL:CRVB:2019:4170, Bestuursrecht, Socialezekerheidsrecht
8, ECLI:NL:RVS:2025:5171, Bestuursrecht, Vreemdelingenrecht
9, ECLI:NL:GHDHA:2024:1917, Bestuursrecht, Belastingrecht
10, ECLI:NL:PHR:2021:1064, Civiel recht, 
11, ECLI:NL:RBAMS:2021:5051, Strafrecht, Europees strafrecht
12, ECLI:NL:RVS:2023:3208, Bestuursrecht, 
13, ECLI:NL:RVS:2022:878, Bestuursrecht, Vreemdelingenrecht
14, ECLI:NL:RVS:2010:BO3512, Bestuursrecht, 
15, ECLI:NL:HR:2013:BX9407, Strafrecht, 
16, ECLI:NL:GHAMS:2019:1327, Civiel recht, 
17, ECLI:NL:CBB:2024:31, Bestuursrecht, 
18, ECLI:NL:HR:2006:AY9497, Bestuursrecht, Belastingrecht
19, ECLI:NL:GHARL:2020:1657, Bestuursrecht, Belastingrecht
20, ECLI:NL:RVS:2020:792, Bestuursrecht, 
21, ECLI:NL:HR:2024:50, Bestuursrecht, Belastingrecht
22, ECLI:NL:RBDHA:2019:10513, Civiel recht, 
23, ECLI:NL:RVS:2004:AO2390, Bestuursrecht, 
24, ECLI:NL:CBB:2022:149, Bestuursrecht, 
25, ECLI:NL:RBDHA:2023:14204, Bestuursrecht, 
26, ECLI:NL:RVS:2023:714, Bestuursrecht, 
27, ECLI:NL:CRVB:2020:2995, Bestuursrecht, Socialezekerheidsrecht
28, ECLI:NL:CRVB:2021:1500, Bestuursrecht, Socialezekerheidsrecht
29, ECLI:NL:HR:1994:ZC1445, Civiel recht, 
30, ECLI:NL:HR:2014:3603, Bestuursrecht, Belastingrecht
31, ECLI:NL:GHAMS:2019:2491, Bestuursrecht, Belastingrecht
32, ECLI:NL:RBOBR:2022:3577, Bestuursrecht, Bestuursprocesrecht
33, ECLI:NL:RVS:2021:2793, Bestuursrecht, Vreemdelingenrecht
34, ECLI:NL:RVS:2015:1753, Bestuursrecht, 
35, ECLI:NL:HR:2011:BP3057, Civiel recht, 
36, ECLI:NL:CRVB:2016:445, Bestuursrecht, Socialezekerheidsrecht
37, ECLI:NL:HR:2013:48, Civiel recht, Insolventierecht
38, ECLI:NL:CRVB:2023:950, Bestuursrecht, Socialezekerheidsrecht
39, ECLI:NL:RVS:2014:2483, Bestuursrecht, Vreemdelingenrecht
40, ECLI:NL:HR:2015:660, Bestuursrecht, Belastingrecht
41, ECLI:NL:HR:2015:67, Bestuursrecht, Belastingrecht
42, ECLI:NL:RVS:2024:190, Bestuursrecht, Vreemdelingenrecht
43, ECLI:NL:RVS:2018:2264, Bestuursrecht, Vreemdelingenrecht
44, ECLI:NL:HR:2013:1211, Bestuursrecht, Belastingrecht
45, ECLI:NL:HR:2000:AA7956, Strafrecht, 
46, ECLI:NL:RBMNE:2023:627, Bestuursrecht, Omgevingsrecht
47, ECLI:NL:RVS:2012:BW6882, Bestuursrecht, 
48, ECLI:NL:RVS:2016:1314, Bestuursrecht, 
49, ECLI:NL:RVS:2023:1566, Bestuursrecht, Vreemdelingenrecht
50, ECLI:NL:CRVB:2023:1051, Bestuursrecht, Ambtenarenrecht
51, ECLI:NL:RVS:2013:BZ8428, Bestuursrecht, 
52, ECLI:NL:GHARL:2021:1904, Bestuursrecht, Belastingrecht
53, ECLI:NL:CBB:2012:BW7869, Bestuursrecht, 
54, ECLI:NL:RVS:2018:1802, Bestuursrecht, Vreemdelingenrecht
55, ECLI:NL:HR:2004:AO7721, Civiel recht, 
56, ECLI:NL:CRVB:2014:3564, Bestuursrecht, Socialezekerheidsrecht
57, ECLI:NL:HR:2003:AF7103, Bestuursrecht, Belastingrecht
58, ECLI:NL:RVS:2018:3760, Bestuursrecht, Vreemdelingenrecht
59, ECLI:NL:RVS:2014:2537, Bestuursrecht, 
60, ECLI:NL:GHARL:2020:1803, Bestuursrecht, Bestuursstrafrecht
61, ECLI:NL:RVS:2022:1558, Bestuursrecht, 
62, ECLI:NL:HR:2005:AO9006, Bestuursrecht, Belastingrecht
63, ECLI:NL:HR:2000:AA8256, Civiel recht, 
64, ECLI:NL:CRVB:2012:BY6005, Bestuursrecht, Ambtenarenrecht
65, ECLI:NL:GHSHE:2011:BV2713, Bestuursrecht, Belastingrecht
66, ECLI:NL:CBB:2018:279, Bestuursrecht, 
67, ECLI:NL:RBDHA:2022:7454, Bestuursrecht, Vreemdelingenrecht
68, ECLI:NL:HR:2021:1677, Civiel recht, 
69, ECLI:NL:HR:2014:346, Bestuursrecht, Belastingrecht
70, ECLI:NL:RVS:2015:763, Bestuursrecht, 
71, ECLI:NL:RVS:2010:BL1859, Bestuursrecht, 
72, ECLI:NL:RBOVE:2019:2141, Civiel recht, 
73, ECLI:NL:RVS:2019:3100, Bestuursrecht, 
74, ECLI:NL:GHAMS:2022:499, Bestuursrecht, Belastingrecht
75, ECLI:NL:CRVB:2017:4068, Bestuursrecht, Socialezekerheidsrecht
76, ECLI:NL:RVS:2013:2109, Bestuursrecht, 
77, ECLI:NL:PHR:2023:1224, Bestuursrecht, Belastingrecht
78, ECLI:NL:RVS:2020:1671, Bestuursrecht, Omgevingsrecht
79, ECLI:NL:GHAMS:2019:3423, Civiel recht, 
80, ECLI:NL:HR:2014:3191, Bestuursrecht, Belastingrecht
81, ECLI:NL:GHAMS:2024:3707, Bestuursrecht, Belastingrecht
82, ECLI:NL:HR:2014:194, Strafrecht, 
83, ECLI:NL:RVS:2023:3134, Bestuursrecht, Vreemdelingenrecht
84, ECLI:NL:GHARL:2020:8988, Civiel recht, 
85, ECLI:NL:RBGEL:2021:639, Bestuursrecht, Belastingrecht
86, ECLI:NL:RVS:2018:4180, Bestuursrecht, 
87, ECLI:NL:CRVB:2020:1083, Bestuursrecht, Socialezekerheidsrecht
88, ECLI:NL:RBROT:2023:4477, Bestuursrecht, 
89, ECLI:NL:RVS:2024:2662, Bestuursrecht, Vreemdelingenrecht
90, ECLI:NL:RBZWB:2024:3583, Bestuursrecht, Omgevingsrecht
91, ECLI:NL:CRVB:2021:629, Bestuursrecht, Socialezekerheidsrecht
92, ECLI:NL:RVS:2015:2233, Bestuursrecht, 
93, ECLI:NL:RBMNE:2023:3357, Bestuursrecht, 
94, ECLI:NL:RVS:2022:782, Bestuursrecht, 
95, ECLI:NL:RVS:2016:2616, Bestuursrecht, 
96, ECLI:NL:HR:2015:586, Civiel recht, 
97, ECLI:NL:RVS:2020:197, Bestuursrecht, Vreemdelingenrecht
98, ECLI:NL:RVS:2022:2225, Bestuursrecht, 
99, ECLI:NL:RVS:2019:2753, Bestuursrecht, 
100, ECLI:NL:GHSHE:2015:4734, Civiel recht, Verbintenissenrecht
101, ECLI:NL:HR:2002:AD5356, Civiel recht, 
102, ECLI:NL:CBB:2016:276, Bestuursrecht, 
103, ECLI:NL:HR:2000:AA5635, Civiel recht, 
104, ECLI:NL:CRVB:2012:BY4808, Bestuursrecht, Socialezekerheidsrecht
105, ECLI:NL:RVS:2018:3737, Bestuursrecht, Vreemdelingenrecht
106, ECLI:NL:RVS:2014:3337, Bestuursrecht, 
107, ECLI:NL:RVS:2011:BQ2684, Bestuursrecht, 
108, ECLI:NL:XX:1993:BF1655, Bestuursrecht, 
109, ECLI:NL:RVS:2013:493, Bestuursrecht, Vreemdelingenrecht
110, ECLI:NL:RVS:2024:3034, Bestuursrecht, Omgevingsrecht
111, ECLI:NL:HR:2009:BI1968, Bestuursrecht, Belastingrecht
112, ECLI:NL:HR:2014:540, Bestuursrecht, Belastingrecht
113, ECLI:NL:GHARL:2022:491, Bestuursrecht, Belastingrecht
114, ECLI:NL:HR:2021:1167, Civiel recht, Verbintenissenrecht
115, ECLI:NL:RVS:2013:3387, Civiel recht, Verbintenissenrecht
116, ECLI:NL:GHARL:2023:1256, Bestuursrecht, Bestuursstrafrecht
117, ECLI:NL:HR:2016:420, Bestuursrecht, Belastingrecht
118, ECLI:NL:HR:2025:985, Strafrecht, 
119, ECLI:NL:RBDHA:2019:11909, Civiel recht, 
120, ECLI:NL:RVS:2015:4047, Bestuursrecht, 
121, ECLI:NL:HR:2005:AU4300, Bestuursrecht, Belastingrecht
122, ECLI:NL:HR:2014:802, Bestuursrecht, Belastingrecht
123, ECLI:NL:RVS:2024:5281, Bestuursrecht, Vreemdelingenrecht
124, ECLI:NL:RVS:2015:785, Bestuursrecht, Vreemdelingenrecht
125, ECLI:NL:HR:2007:AZ5686, Civiel recht, Personen- en familierecht
126, ECLI:NL:RVS:2018:2116, Bestuursrecht, 
127, ECLI:NL:RVS:2025:4774, Bestuursrecht, Vreemdelingenrecht
128, ECLI:NL:HR:2020:563, Strafrecht, 
129, ECLI:NL:GHARL:2021:6758, Civiel recht, 
130, ECLI:NL:GHSHE:2018:4638, Bestuursrecht, Belastingrecht
131, ECLI:NL:RVS:2021:1645, Bestuursrecht, Vreemdelingenrecht
132, ECLI:NL:RVS:2023:427, Bestuursrecht, 
133, ECLI:NL:HR:2021:517, Bestuursrecht, Belastingrecht
134, ECLI:NL:CRVB:2008:BC3264, Bestuursrecht, Socialezekerheidsrecht
135, ECLI:NL:HR:2021:415, Bestuursrecht, Belastingrecht
136, ECLI:NL:RBLIM:2023:5583, Bestuursrecht, Vreemdelingenrecht
137, ECLI:NL:RVS:2019:579, Bestuursrecht, Vreemdelingenrecht
138, ECLI:NL:GHARL:2023:8464, Civiel recht, 
139, ECLI:NL:RVS:2015:214, Bestuursrecht, 
140, ECLI:NL:HR:1976:AD7917, Bestuursrecht, 
141, ECLI:NL:GHSHE:2023:2746, Civiel recht, Personen- en familierecht
142, ECLI:NL:GHAMS:2007:AZ7033, Civiel recht, 
143, ECLI:NL:RVS:2010:BL1791, Bestuursrecht, 
144, ECLI:NL:CRVB:2010:BM4034, Bestuursrecht, Socialezekerheidsrecht
145, ECLI:NL:RBZWB:2023:1555, Bestuursrecht, Belastingrecht
146, ECLI:NL:HR:2006:AY8290, Civiel recht, 
147, ECLI:NL:RVS:2008:BE9272, Bestuursrecht, 
148, ECLI:NL:HR:2012:BY0957, Civiel recht, 
149, ECLI:NL:CRVB:2009:BH8896, Bestuursrecht, Socialezekerheidsrecht
150, ECLI:NL:GHDHA:2019:3208, Civiel recht, 
151, ECLI:NL:HR:2021:507, Bestuursrecht, Belastingrecht
152, ECLI:NL:CRVB:2024:932, Bestuursrecht, Socialezekerheidsrecht
153, ECLI:NL:RVS:2017:2598, Bestuursrecht, 
154, ECLI:NL:HR:2009:BH0762, Civiel recht, 
155, ECLI:NL:RBDHA:2023:10757, Bestuursrecht, 
156, ECLI:NL:RVS:2014:599, Bestuursrecht, 
157, ECLI:NL:CRVB:2024:1889, Bestuursrecht, Socialezekerheidsrecht
158, ECLI:NL:HR:2014:2928, Civiel recht, 
159, ECLI:NL:RBOVE:2024:357, Strafrecht, 
160, ECLI:NL:CRVB:2023:1153, Bestuursrecht, Socialezekerheidsrecht
161, ECLI:NL:CRVB:2011:BP8458, Bestuursrecht, Socialezekerheidsrecht
162, ECLI:NL:HR:2013:CA1725, Civiel recht, 
163, ECLI:NL:CRVB:2021:941, Bestuursrecht, Socialezekerheidsrecht
164, ECLI:NL:RVS:2022:3731, Bestuursrecht, 
165, ECLI:NL:RVS:2014:4044, Bestuursrecht, 
166, ECLI:NL:CRVB:2022:2794, Bestuursrecht, Socialezekerheidsrecht
167, ECLI:NL:GHARL:2017:1422, Bestuursrecht, Bestuursstrafrecht
168, ECLI:NL:RBZWB:2021:3064, Civiel recht, Personen- en familierecht
169, ECLI:NL:OGHACMB:2013:42, Bestuursrecht, 
170, ECLI:NL:RVS:2020:1953, Bestuursrecht, 
171, ECLI:NL:HR:2014:1001, Civiel recht, 
172, ECLI:NL:GHDHA:2024:191, Civiel recht, 
173, ECLI:NL:RVS:2015:2217, Bestuursrecht, 
174, ECLI:NL:RBROT:2022:1386, Bestuursrecht, 
175, ECLI:NL:RVS:2020:2368, Bestuursrecht, 
176, ECLI:NL:HR:1982:AG4400, Civiel recht, 
177, ECLI:NL:CBB:2022:695, Bestuursrecht, 
178, ECLI:NL:RVS:2013:1381, Bestuursrecht, 
179, ECLI:NL:CRVB:2022:2458, Bestuursrecht, Socialezekerheidsrecht
180, ECLI:NL:GHLEE:2009:BJ3210, Bestuursrecht, Bestuursstrafrecht
181, ECLI:NL:CRVB:2000:AA6848, Bestuursrecht, Socialezekerheidsrecht
182, ECLI:NL:GHARL:2022:3792, Civiel recht, Personen- en familierecht
183, ECLI:NL:GHARL:2024:4173, Strafrecht, Strafprocesrecht
184, ECLI:NL:HR:2020:821, Bestuursrecht, Belastingrecht
185, ECLI:NL:HR:2020:483, Civiel recht, Personen- en familierecht
186, ECLI:NL:HR:2014:3679, Civiel recht, 
187, ECLI:NL:RVS:2024:3981, Bestuursrecht, 
188, ECLI:NL:RBDHA:2023:11449, Civiel recht, Insolventierecht
189, ECLI:NL:RBROT:2025:4483, Bestuursrecht, Bestuursprocesrecht
190, ECLI:NL:RVS:2019:1003, Bestuursrecht, Vreemdelingenrecht
191, ECLI:NL:PHR:2016:223, Bestuursrecht, Belastingrecht
192, ECLI:NL:RVS:2015:2287, Bestuursrecht, 
193, ECLI:NL:HR:2022:862, Civiel recht, Verbintenissenrecht
194, ECLI:NL:RVS:2014:3968, Bestuursrecht, 
195, ECLI:NL:HR:2021:1512, Bestuursrecht, Belastingrecht
196, ECLI:NL:CRVB:2012:BY6202, Bestuursrecht, 
197, ECLI:NL:RVS:2023:4618, Bestuursrecht, 
198, ECLI:NL:PHR:2021:822, Bestuursrecht, Belastingrecht
199, ECLI:NL:HR:2012:BX4029, Bestuursrecht, Belastingrecht
200, ECLI:NL:RVS:2021:455, Bestuursrecht, Omgevingsrecht
201, ECLI:NL:RVS:2009:BI1548, Bestuursrecht, Vreemdelingenrecht
202, ECLI:NL:HR:2015:1077, Civiel recht, 
203, ECLI:NL:RVS:2017:1744, Bestuursrecht, Vreemdelingenrecht
204, ECLI:NL:HR:2015:1083, Bestuursrecht, Belastingrecht
205, ECLI:NL:GHDHA:2024:1361, Civiel recht, Personen- en familierecht
206, ECLI:NL:GHARL:2022:1086, Bestuursrecht, Belastingrecht
207, ECLI:NL:CRVB:2014:3872, Bestuursrecht, Socialezekerheidsrecht
208, ECLI:NL:HR:2009:BC2816, Bestuursrecht, Belastingrecht
209, ECLI:NL:HR:2000:AA8610, Bestuursrecht, Belastingrecht
210, ECLI:NL:HR:2024:705, Bestuursrecht, Belastingrecht
211, ECLI:NL:RVS:2024:3023, Bestuursrecht, 
212, ECLI:NL:HR:1999:AA2756, Bestuursrecht, Belastingrecht
213, ECLI:NL:GHARL:2021:66, Bestuursrecht, Belastingrecht
214, ECLI:NL:GHAMS:2021:1462, Civiel recht, 
215, ECLI:NL:RVS:2019:466, Bestuursrecht, 
216, ECLI:NL:RVS:2021:1286, Bestuursrecht, 
217, ECLI:NL:RVS:2021:695, Bestuursrecht, Vreemdelingenrecht
218, ECLI:NL:GHDHA:2021:2567, Bestuursrecht, Belastingrecht
219, ECLI:NL:GHARL:2021:3798, Civiel recht, 
220, ECLI:NL:RVS:2025:5150, Bestuursrecht, Vreemdelingenrecht
221, ECLI:NL:GHAMS:2022:1039, Bestuursrecht, Belastingrecht
222, ECLI:NL:CRVB:2018:990, Bestuursrecht, Socialezekerheidsrecht
223, ECLI:NL:GHARL:2017:11074, Strafrecht, Strafprocesrecht
224, ECLI:NL:RVS:2021:1156, Bestuursrecht, Vreemdelingenrecht
225, ECLI:NL:RVS:2007:BA2670, Bestuursrecht, 
226, ECLI:NL:CRVB:2015:298, Bestuursrecht, Socialezekerheidsrecht
227, ECLI:NL:RVS:2020:1367, Bestuursrecht, 
228, ECLI:NL:RVS:2016:3083, Bestuursrecht, Vreemdelingenrecht
229, ECLI:NL:RVS:2004:AR7708, Bestuursrecht, Vreemdelingenrecht
230, ECLI:NL:RVS:2015:483, Bestuursrecht, Vreemdelingenrecht
231, ECLI:NL:GHAMS:2023:1165, Civiel recht, 
232, ECLI:NL:RBAMS:2017:3763, Strafrecht, Europees strafrecht
233, ECLI:NL:HR:2020:1275, Civiel recht, 
234, ECLI:NL:RVS:2019:1421, Bestuursrecht, Omgevingsrecht
235, ECLI:NL:HR:2000:AA6231, Civiel recht, 
236, ECLI:NL:RVS:2022:1357, Bestuursrecht, Vreemdelingenrecht
237, ECLI:NL:RVS:2012:BY5895, Bestuursrecht, 
238, ECLI:NL:HR:1983:AG4575, Civiel recht, 
239, ECLI:NL:HR:2017:18, Civiel recht, 
240, ECLI:NL:RVS:2013:3263, Civiel recht, 
241, ECLI:NL:RVS:2020:1624, Bestuursrecht, Vreemdelingenrecht
242, ECLI:NL:RVS:2019:296, Bestuursrecht, 
243, ECLI:NL:RVS:2019:3274, Bestuursrecht, 
244, ECLI:NL:RBROT:2024:6560, Bestuursrecht, 
245, ECLI:NL:RVS:2021:774, Bestuursrecht, 
246, ECLI:NL:HR:2017:45, Bestuursrecht, Belastingrecht
247, ECLI:NL:RBROT:2021:11028, Civiel recht, Personen- en familierecht
248, ECLI:NL:RBROT:2023:3474, Bestuursrecht, 
249, ECLI:NL:HR:2008:BC3379, Civiel recht, 
250, ECLI:NL:HR:2021:1662, Strafrecht, 
251, ECLI:NL:HR:2021:34, Bestuursrecht, Belastingrecht
252, ECLI:NL:GHARL:2024:2966, Civiel recht, 
253, ECLI:NL:HR:2020:956, Civiel recht, 
254, ECLI:NL:HR:2013:BY3236, Civiel recht, Personen- en familierecht
255, ECLI:NL:RBDHA:2025:15892, Bestuursrecht, Vreemdelingenrecht
256, ECLI:NL:HR:2024:567, Bestuursrecht, Belastingrecht
257, ECLI:NL:HR:2013:BX0942, Bestuursrecht, Belastingrecht
258, ECLI:NL:CRVB:2023:571, Bestuursrecht, Socialezekerheidsrecht
259, ECLI:NL:HR:1998:ZC2721, Civiel recht, 
260, ECLI:NL:RVS:2025:1301, Bestuursrecht, 
261, ECLI:NL:HR:2023:882, Civiel recht, 
262, ECLI:NL:HR:2020:1601, Civiel recht, 
263, ECLI:NL:RVS:2024:3455, Bestuursrecht, Vreemdelingenrecht
264, ECLI:NL:RBDHA:2019:3262, Bestuursrecht, Vreemdelingenrecht
265, ECLI:NL:GHARL:2024:3381, Bestuursrecht, Bestuursstrafrecht
266, ECLI:NL:RVS:2019:3579, Bestuursrecht, Omgevingsrecht
267, ECLI:NL:CRVB:2018:1774, Bestuursrecht, Socialezekerheidsrecht
268, ECLI:NL:GHAMS:2022:310, Bestuursrecht, Belastingrecht
269, ECLI:NL:HR:2017:2822, Bestuursrecht, Belastingrecht
270, ECLI:NL:RVS:2015:331, Bestuursrecht, 
271, ECLI:NL:RVS:2021:2402, Bestuursrecht, 
272, ECLI:NL:RVS:2017:3583, Bestuursrecht, Omgevingsrecht
273, ECLI:NL:HR:2020:1714, Civiel recht, 
274, ECLI:NL:RVS:2018:1106, Bestuursrecht, Omgevingsrecht
275, ECLI:NL:CRVB:2023:955, Bestuursrecht, Socialezekerheidsrecht
276, ECLI:NL:HR:2018:564, Bestuursrecht, Belastingrecht
277, ECLI:NL:RVS:2025:2907, Bestuursrecht, Vreemdelingenrecht
278, ECLI:NL:RBDHA:2025:136, Bestuursrecht, Vreemdelingenrecht
279, ECLI:NL:GHSHE:2025:671, Civiel recht, Insolventierecht
280, ECLI:NL:RVS:2016:313, Bestuursrecht, 
281, ECLI:NL:CRVB:2015:3341, Bestuursrecht, Ambtenarenrecht
282, ECLI:NL:RVS:2018:843, Bestuursrecht, 
283, ECLI:NL:CRVB:1997:AJ9338, Bestuursrecht, 
284, ECLI:NL:CRVB:2017:1575, Bestuursrecht, Socialezekerheidsrecht
285, ECLI:NL:PHR:2023:1042, Bestuursrecht, Belastingrecht
286, ECLI:NL:PHR:2023:934, Bestuursrecht, Belastingrecht
287, ECLI:NL:RVS:2007:BB1436, Bestuursrecht, Vreemdelingenrecht
288, ECLI:NL:GHAMS:2024:1229, Bestuursrecht, Belastingrecht
289, ECLI:NL:RVS:2016:1174, Bestuursrecht, 
290, ECLI:NL:GHARL:2023:2770, Bestuursrecht, Bestuursstrafrecht
291, ECLI:NL:HR:2023:1499, Bestuursrecht, Belastingrecht
292, ECLI:NL:HR:2008:BC4844, Civiel recht, Personen- en familierecht
293, ECLI:NL:RVS:2019:1215, Bestuursrecht, Omgevingsrecht
294, ECLI:NL:RBDHA:2024:2967, Bestuursrecht, Vreemdelingenrecht
295, ECLI:NL:HR:2025:670, Bestuursrecht, Belastingrecht
296, ECLI:NL:HR:2023:455, Civiel recht, 
297, ECLI:NL:RVS:2017:1946, Bestuursrecht, 
298, ECLI:NL:HR:2004:AO5123, Civiel recht, 
299, ECLI:NL:RVS:2021:1160, Bestuursrecht, 
300, ECLI:NL:RBROT:2025:8380, Bestuursrecht, Bestuursprocesrecht
301, ECLI:NL:HR:2009:BH2815, Civiel recht, Ondernemingsrecht
302, ECLI:NL:RBMNE:2024:5380, Bestuursrecht, 
303, ECLI:NL:HR:2013:2058, Civiel recht, 
304, ECLI:NL:RVS:2010:BN7011, Bestuursrecht, 
305, ECLI:NL:HR:2003:AF7423, Civiel recht, 
306, ECLI:NL:HR:1937:257, Civiel recht, 
307, ECLI:NL:HR:2013:BZ6822, Bestuursrecht, Belastingrecht
308, ECLI:NL:RVS:2013:BZ8407, Bestuursrecht, 
309, ECLI:NL:RBDHA:2020:6573, Bestuursrecht, 
310, ECLI:NL:HR:2013:CA3937, Bestuursrecht, Belastingrecht
311, ECLI:NL:HR:2016:2687, Civiel recht, 
312, ECLI:NL:RVS:2016:1630, Bestuursrecht, Vreemdelingenrecht
313, ECLI:NL:CRVB:1975:1, Bestuursrecht, Socialezekerheidsrecht
314, ECLI:NL:HR:2005:AU7345, Bestuursrecht, Belastingrecht
315, ECLI:NL:RVS:2003:AF2905, Bestuursrecht, 
316, ECLI:NL:RBZWB:2021:260, Bestuursrecht, Belastingrecht
317, ECLI:NL:HR:1999:ZD1502, Strafrecht, 
318, ECLI:NL:CBB:2024:34, Bestuursrecht, 
319, ECLI:NL:RVS:2021:1663, Bestuursrecht, 
320, ECLI:NL:RVS:2013:2048, Bestuursrecht, 
321, ECLI:NL:CRVB:2023:1125, Bestuursrecht, Socialezekerheidsrecht
322, ECLI:NL:HR:2002:AE4811, Bestuursrecht, Belastingrecht
323, ECLI:NL:GHAMS:2022:1062, Civiel recht, 
324, ECLI:NL:RVS:2018:738, Bestuursrecht, 
325, ECLI:NL:CRVB:2023:1192, Bestuursrecht, Socialezekerheidsrecht
326, ECLI:NL:HR:2006:AY6008, Bestuursrecht, Belastingrecht
327, ECLI:NL:GHSHE:2023:247, Bestuursrecht, Belastingrecht
328, ECLI:NL:CRVB:2014:455, Bestuursrecht, Socialezekerheidsrecht
329, ECLI:NL:RBMNE:2022:478, Bestuursrecht, Socialezekerheidsrecht
330, ECLI:NL:HR:2019:1784, Civiel recht, 
331, ECLI:NL:HR:2022:1319, Strafrecht, 
332, ECLI:NL:HR:2023:692, Bestuursrecht, Belastingrecht
333, ECLI:NL:RVS:2015:3079, Bestuursrecht, Vreemdelingenrecht
334, ECLI:NL:HR:2020:1786, Civiel recht, Goederenrecht
335, ECLI:NL:RVS:2024:3109, Bestuursrecht, Vreemdelingenrecht
336, ECLI:NL:RBGEL:2019:309, Civiel recht, 
337, ECLI:NL:HR:2019:1016, Bestuursrecht, Belastingrecht
338, ECLI:NL:RVS:2018:1509, Bestuursrecht, Vreemdelingenrecht
339, ECLI:NL:HR:2024:492, Strafrecht, 
340, ECLI:NL:GHARL:2022:3775, Bestuursrecht, Bestuursstrafrecht
341, ECLI:NL:GHDHA:2019:190, Civiel recht, Personen- en familierecht
342, ECLI:NL:HR:2013:BX6666, Bestuursrecht, Belastingrecht
343, ECLI:NL:CRVB:2022:2451, Bestuursrecht, Socialezekerheidsrecht
344, ECLI:NL:RBZWB:2024:7812, Bestuursrecht, Bestuursprocesrecht
345, ECLI:NL:RVS:2021:2566, Bestuursrecht, Vreemdelingenrecht
346, ECLI:NL:RVS:2011:BU1640, Bestuursrecht, Omgevingsrecht
347, ECLI:NL:RVS:2019:395, Bestuursrecht, 
348, ECLI:NL:RBGEL:2021:5972, Bestuursrecht, Socialezekerheidsrecht
349, ECLI:NL:HR:2025:1175, Bestuursrecht, Belastingrecht
350, ECLI:NL:CRVB:2023:2195, Bestuursrecht, Socialezekerheidsrecht
351, ECLI:NL:RVS:1994:AN4238, Bestuursrecht, Socialezekerheidsrecht
352, ECLI:NL:CRVB:2009:BI4685, Bestuursrecht, Socialezekerheidsrecht
353, ECLI:NL:RBNNE:2020:3353, Civiel recht, 
354, ECLI:NL:RVS:2016:593, Bestuursrecht, 
355, ECLI:NL:RVS:2020:3156, Bestuursrecht, 
356, ECLI:NL:GHARL:2017:11439, Strafrecht, Strafprocesrecht
357, ECLI:NL:HR:1998:ZC2674, Civiel recht, 
358, ECLI:NL:HR:2021:648, Bestuursrecht, Belastingrecht
359, ECLI:NL:RVS:2005:AT0521, Bestuursrecht, 
360, ECLI:NL:RVS:2025:1460, Bestuursrecht, Omgevingsrecht
361, ECLI:NL:CRVB:2022:1593, Bestuursrecht, Socialezekerheidsrecht
362, ECLI:NL:OGEAA:2019:218, Bestuursrecht, Belastingrecht
363, ECLI:NL:GHARL:2024:2210, Civiel recht, 
364, ECLI:NL:RVS:2024:5104, Bestuursrecht, 
365, ECLI:NL:HR:1986:AW8043, Bestuursrecht, Belastingrecht
366, ECLI:NL:RVS:2019:186, Bestuursrecht, 
367, ECLI:NL:GHARL:2020:7182, Civiel recht, 
368, ECLI:NL:HR:2019:393, Bestuursrecht, Belastingrecht
369, ECLI:NL:RVS:2022:3820, Bestuursrecht, Belastingrecht
370, ECLI:NL:RBMNE:2021:2890, Bestuursrecht, Belastingrecht
371, ECLI:NL:RVS:2024:32, Bestuursrecht, Vreemdelingenrecht
372, ECLI:NL:HR:2023:1628, Civiel recht, 
373, ECLI:NL:HR:2024:1885, Bestuursrecht, Belastingrecht
374, ECLI:NL:HR:1982:AC0442, Bestuursrecht, Belastingrecht
375, ECLI:NL:OGHACMB:2021:89, Bestuursrecht, Belastingrecht
376, ECLI:NL:HR:2014:777, Bestuursrecht, Belastingrecht
377, ECLI:NL:RBDHA:2024:13554, Bestuursrecht, Vreemdelingenrecht
378, ECLI:NL:RBDHA:2025:4324, Bestuursrecht, Vreemdelingenrecht
379, ECLI:NL:HR:2022:771, Bestuursrecht, Belastingrecht
380, ECLI:NL:RVS:2018:4173, Bestuursrecht, 
381, ECLI:NL:GHAMS:2024:1841, Civiel recht, 
382, ECLI:NL:CBB:2018:290, Bestuursrecht, 
383, ECLI:NL:PHR:2024:1140, Bestuursrecht, Belastingrecht
384, ECLI:NL:RVS:2014:1630, Bestuursrecht, 
385, ECLI:NL:PHR:2018:1420, Bestuursrecht, Belastingrecht
386, ECLI:NL:RVS:2022:2777, Bestuursrecht, Vreemdelingenrecht
387, ECLI:NL:CRVB:2016:5121, Bestuursrecht, Socialezekerheidsrecht
388, ECLI:NL:RBAMS:2019:6292, Civiel recht, 
389, ECLI:NL:CRVB:2019:2869, Bestuursrecht, Socialezekerheidsrecht
390, ECLI:NL:RVS:2019:2187, Bestuursrecht, 
391, ECLI:NL:CRVB:2013:1069, Bestuursrecht, Ambtenarenrecht
392, ECLI:NL:HR:2015:147, Bestuursrecht, Belastingrecht
393, ECLI:NL:RVS:2023:4787, Bestuursrecht, 
394, ECLI:NL:RVS:2010:BP0367, Bestuursrecht, 
395, ECLI:NL:RBDHA:2023:3154, Bestuursrecht, Vreemdelingenrecht
396, ECLI:NL:GHARL:2020:4561, Bestuursrecht, Bestuursstrafrecht
397, ECLI:NL:GHARL:2018:8462, Civiel recht, Personen- en familierecht
398, ECLI:NL:RVS:2018:1508, Bestuursrecht, Vreemdelingenrecht
399, ECLI:NL:RVS:2017:701, Bestuursrecht, Omgevingsrecht
400, ECLI:NL:GHARL:2022:490, Bestuursrecht, Belastingrecht
401, ECLI:NL:GHARL:2016:2589, Bestuursrecht, Bestuursstrafrecht
402, ECLI:NL:HR:2006:AY6205, Civiel recht, 
403, ECLI:NL:HR:2011:BP3044, Civiel recht, 
404, ECLI:NL:CRVB:2015:3574, Bestuursrecht, Socialezekerheidsrecht
405, ECLI:NL:HR:2011:BQ0415, Bestuursrecht, Belastingrecht
406, ECLI:NL:RVS:2017:326, Bestuursrecht, 
407, ECLI:NL:HR:2012:BY2770, Bestuursrecht, Belastingrecht
408, ECLI:NL:RVS:2021:2348, Bestuursrecht, 
409, ECLI:NL:CRVB:2024:950, Bestuursrecht, Socialezekerheidsrecht
410, ECLI:NL:RVS:2022:1765, Bestuursrecht, 
411, ECLI:NL:PHR:2024:1116, Bestuursrecht, Belastingrecht
412, ECLI:NL:GHARL:2021:6734, Bestuursrecht, Belastingrecht
413, ECLI:NL:RVS:2019:4202, Bestuursrecht, Vreemdelingenrecht
414, ECLI:NL:RVS:2009:BI5889, Bestuursrecht, Vreemdelingenrecht
415, ECLI:NL:CRVB:2016:1396, Bestuursrecht, Socialezekerheidsrecht
416, ECLI:NL:HR:2000:AA4984, Bestuursrecht, Belastingrecht
417, ECLI:NL:RVS:2018:1151, Bestuursrecht, 
418, ECLI:NL:CRVB:2019:4327, Bestuursrecht, Socialezekerheidsrecht
419, ECLI:NL:RVS:2017:3249, Bestuursrecht, 
420, ECLI:NL:RVS:2018:4046, Bestuursrecht, 
421, ECLI:NL:CBB:2022:116, Bestuursrecht, 
422, ECLI:NL:HR:2014:1089, Civiel recht, 
423, ECLI:NL:HR:2019:566, Civiel recht, Internationaal privaatrecht
424, ECLI:NL:RVS:2023:4608, Bestuursrecht, 
425, ECLI:NL:RVS:2018:141, Bestuursrecht, 
426, ECLI:NL:RVS:2015:2080, Bestuursrecht, 
427, ECLI:NL:RVS:2016:986, Bestuursrecht, 
428, ECLI:NL:HR:2011:BT6841, Bestuursrecht, Belastingrecht
429, ECLI:NL:GHARL:2018:7328, Civiel recht, 
430, ECLI:NL:HR:2024:1657, Bestuursrecht, Belastingrecht
431, ECLI:NL:RBDHA:2024:5735, Bestuursrecht, Vreemdelingenrecht
432, ECLI:NL:RVS:2015:2420, Bestuursrecht, Vreemdelingenrecht
433, ECLI:NL:GHARL:2023:5554, Bestuursrecht, Bestuursstrafrecht
434, ECLI:NL:RVS:2016:572, Bestuursrecht, 
435, ECLI:NL:HR:2018:696, Civiel recht, 
436, ECLI:NL:XX:2002:BG0080, Civiel recht, 
437, ECLI:NL:HR:2020:1779, Bestuursrecht, Belastingrecht
438, ECLI:NL:GHDHA:2022:1652, Bestuursrecht, Belastingrecht
439, ECLI:NL:RVS:2014:3788, Bestuursrecht, 
440, ECLI:NL:CRVB:2019:2016, Bestuursrecht, Socialezekerheidsrecht
441, ECLI:NL:RBAMS:2022:7536, Strafrecht, Europees strafrecht
442, ECLI:NL:RVS:2015:3578, Bestuursrecht, 
443, ECLI:NL:RVS:2021:1421, Bestuursrecht, 
444, ECLI:NL:CRVB:2019:4127, Bestuursrecht, Socialezekerheidsrecht
445, ECLI:NL:RVS:2024:2904, Bestuursrecht, 
446, ECLI:NL:CRVB:1999:3, Bestuursrecht, Socialezekerheidsrecht
447, ECLI:NL:RVS:1996:ZF2153, Bestuursrecht, 
448, ECLI:NL:RVS:2024:177, Bestuursrecht, Vreemdelingenrecht
449, ECLI:NL:RVS:2014:3851, Bestuursrecht, 
450, ECLI:NL:CBB:2016:414, Bestuursrecht, 
451, ECLI:NL:RVS:2013:3389, Bestuursrecht, 
452, ECLI:NL:RVS:2018:2188, Bestuursrecht, 
453, ECLI:NL:CRVB:2019:1384, Bestuursrecht, Socialezekerheidsrecht
454, ECLI:NL:HR:2014:1523, Bestuursrecht, Belastingrecht
455, ECLI:NL:RVS:2021:114, Bestuursrecht, Vreemdelingenrecht
456, ECLI:NL:HR:2014:675, Civiel recht, Insolventierecht
457, ECLI:NL:HR:2020:202, Bestuursrecht, Belastingrecht
458, ECLI:NL:HR:1986:AC9354, Civiel recht, 
459, ECLI:NL:RVS:2021:1336, Bestuursrecht, 
460, ECLI:NL:CRVB:2011:BP1399, Bestuursrecht, Socialezekerheidsrecht
461, ECLI:NL:RVS:2024:2405, Bestuursrecht, 
462, ECLI:NL:GHAMS:2021:3807, Bestuursrecht, Belastingrecht
463, ECLI:NL:HR:2014:699, Bestuursrecht, Belastingrecht
464, ECLI:NL:RVS:2019:3672, Bestuursrecht, Vreemdelingenrecht
465, ECLI:NL:HR:2023:1266, Civiel recht, 
466, ECLI:NL:HR:2003:AE9049, Strafrecht, 
467, ECLI:NL:RVS:2015:2148, Bestuursrecht, 
468, ECLI:NL:RVS:2015:2567, Bestuursrecht, 
469, ECLI:NL:RVS:2017:968, Bestuursrecht, 
470, ECLI:NL:RVS:2015:1412, Bestuursrecht, 
471, ECLI:NL:CRVB:2016:4813, Bestuursrecht, Socialezekerheidsrecht
472, ECLI:NL:GHARL:2015:7059, Bestuursrecht, Belastingrecht
473, ECLI:NL:RVS:2020:2384, Bestuursrecht, 
474, ECLI:NL:OGHNAA:2005:BG0439, Bestuursrecht, 
475, ECLI:NL:CRVB:2011:BP5138, Bestuursrecht, Socialezekerheidsrecht
476, ECLI:NL:HR:2012:BW9243, Civiel recht, 
477, ECLI:NL:RVS:2016:1970, Bestuursrecht, 
478, ECLI:NL:CRVB:2022:2727, Bestuursrecht, Socialezekerheidsrecht
479, ECLI:NL:HR:2022:1526, Bestuursrecht, Belastingrecht
480, ECLI:NL:RVS:2025:5168, Bestuursrecht, Vreemdelingenrecht
481, ECLI:NL:HR:2005:AU8169, Bestuursrecht, Belastingrecht
482, ECLI:NL:RVS:2024:5388, Bestuursrecht, 
483, ECLI:NL:CRVB:2018:2288, Bestuursrecht, Ambtenarenrecht
484, ECLI:NL:HR:1992:ZC0707, Civiel recht, 
485, ECLI:NL:HR:1980:AC3465, Civiel recht, 
486, ECLI:NL:RVS:2018:3681, Bestuursrecht, 
487, ECLI:NL:RBNNE:2021:3179, Civiel recht, Personen- en familierecht
488, ECLI:NL:CRVB:2015:3155, Bestuursrecht, Socialezekerheidsrecht
489, ECLI:NL:HR:1996:ZC2063, Civiel recht, 
490, ECLI:NL:RVS:2017:2706, Bestuursrecht, Vreemdelingenrecht
491, ECLI:NL:HR:2014:1461, Bestuursrecht, Belastingrecht
492, ECLI:NL:RVS:2021:1111, Bestuursrecht, 
493, ECLI:NL:HR:2015:812, Bestuursrecht, Belastingrecht
494, ECLI:NL:RVS:2025:2935, Bestuursrecht, Vreemdelingenrecht
495, ECLI:NL:RVS:2019:1759, Bestuursrecht, 
496, ECLI:NL:RVS:2022:906, Bestuursrecht, Vreemdelingenrecht
497, ECLI:NL:RVS:2011:BU4547, Bestuursrecht, 
498, ECLI:NL:CRVB:2016:3399, Bestuursrecht, Socialezekerheidsrecht
499, ECLI:NL:HR:2023:1711, Bestuursrecht, Belastingrecht
500, ECLI:NL:PHR:2017:1051, Bestuursrecht, Belastingrecht
501, ECLI:NL:HR:2020:1726, Strafrecht, 
502, ECLI:NL:RBOBR:2022:415, Bestuursrecht, Socialezekerheidsrecht
503, ECLI:NL:RVS:2015:2462, Bestuursrecht, 
504, ECLI:NL:RVS:2019:213, Bestuursrecht, Vreemdelingenrecht
505, ECLI:NL:RBMNE:2021:5054, Civiel recht, Personen- en familierecht
506, ECLI:NL:PHR:2023:1069, Bestuursrecht, Belastingrecht
507, ECLI:NL:HR:2004:AO9069, Civiel recht, 
508, ECLI:NL:RVS:2016:2840, Bestuursrecht, 
509, ECLI:NL:RVS:2022:245, Bestuursrecht, Vreemdelingenrecht
510, ECLI:NL:RVS:2021:953, Bestuursrecht, Omgevingsrecht
511, ECLI:NL:CRVB:2009:BJ9223, Bestuursrecht, Socialezekerheidsrecht
512, ECLI:NL:RVS:2023:4038, Bestuursrecht, 
513, ECLI:NL:RVS:2014:188, Bestuursrecht, 
514, ECLI:NL:RVS:2013:BZ7446, Bestuursrecht, Omgevingsrecht
515, ECLI:NL:HR:2019:816, Bestuursrecht, Belastingrecht
516, ECLI:NL:HR:2019:2006, Civiel recht, 
517, ECLI:NL:GHARL:2022:10949, Civiel recht, 
518, ECLI:NL:RVS:2020:341, Bestuursrecht, Vreemdelingenrecht
519, ECLI:NL:RVS:2014:450, Bestuursrecht, 
520, ECLI:NL:HR:2011:BR0119, Civiel recht, 
521, ECLI:NL:HR:2007:BA0033, Civiel recht, 
522, ECLI:NL:HR:2020:323, Bestuursrecht, Belastingrecht
523, ECLI:NL:GHDHA:2023:1691, Bestuursrecht, Belastingrecht
524, ECLI:NL:RBAMS:2023:3417, Strafrecht, Europees strafrecht
525, ECLI:NL:CRVB:2022:250, Bestuursrecht, Socialezekerheidsrecht
526, ECLI:NL:CRVB:2022:2462, Bestuursrecht, Socialezekerheidsrecht
527, ECLI:NL:RVS:2024:2242, Bestuursrecht, 
528, ECLI:NL:RVS:2011:5176, Bestuursrecht, 
529, ECLI:NL:RVS:2010:BM9389, Bestuursrecht, 
530, ECLI:NL:HR:2024:1178, Bestuursrecht, Belastingrecht
531, ECLI:NL:HR:2010:BK3103, Bestuursrecht, Belastingrecht
532, ECLI:NL:RVS:2021:696, Bestuursrecht, Vreemdelingenrecht
533, ECLI:NL:RVS:2012:BV7254, Bestuursrecht, 
534, ECLI:NL:HR:2008:BE9080, Civiel recht, 
535, ECLI:NL:HR:2005:AU3929, Bestuursrecht, Belastingrecht
536, ECLI:NL:RVS:2024:1742, Bestuursrecht, Vreemdelingenrecht
537, ECLI:NL:CRVB:2008:BD2441, Bestuursrecht, Socialezekerheidsrecht
538, ECLI:NL:HR:2012:BR2342, Strafrecht, 
539, ECLI:NL:HR:2022:853, Civiel recht, Verbintenissenrecht
540, ECLI:NL:RVS:2009:BK5070, Bestuursrecht, 
541, ECLI:NL:TGZCTG:2018:274, Bestuursrecht, 
542, ECLI:NL:CRVB:2017:3543, Bestuursrecht, Ambtenarenrecht
543, ECLI:NL:CRvB:2011:BP9890, Bestuursrecht, Socialezekerheidsrecht
544, ECLI:NL:CRVB:2002:AF0902, Bestuursrecht, Socialezekerheidsrecht
545, ECLI:NL:HR:2009:BK0146, Civiel recht, 
546, ECLI:NL:HR:1998:AA2572, Bestuursrecht, Belastingrecht
547, ECLI:NL:HR:2015:3633, Civiel recht, Personen- en familierecht
548, ECLI:NL:HR:1995:ZC1859, Civiel recht, 
549, ECLI:NL:RVS:2011:BV3584, Bestuursrecht, Vreemdelingenrecht
550, ECLI:NL:RVS:2007:BB7332, Bestuursrecht, 
551, ECLI:NL:PHR:2018:616, Bestuursrecht, Belastingrecht
552, ECLI:NL:RVS:2019:1402, Bestuursrecht, Vreemdelingenrecht
553, ECLI:NL:HR:2016:2015, Civiel recht, 
554, ECLI:NL:HR:2016:482, Bestuursrecht, Belastingrecht
555, ECLI:NL:CRvB:2009:BK3717, Bestuursrecht, Socialezekerheidsrecht
556, ECLI:NL:CRVB:2015:4737, Bestuursrecht, Socialezekerheidsrecht
557, ECLI:NL:HR:1993:ZC1183, Civiel recht, 
558, ECLI:NL:CRVB:2021:2305, Bestuursrecht, Socialezekerheidsrecht
559, ECLI:NL:RBNNE:2024:3247, Bestuursrecht, 
560, ECLI:NL:HR:1988:ZC3883, Bestuursrecht, Belastingrecht
561, ECLI:NL:CRVB:2013:951, Bestuursrecht, Socialezekerheidsrecht
562, ECLI:NL:PHR:2018:1419, Bestuursrecht, Belastingrecht
563, ECLI:NL:HR:1992:ZC5032, Bestuursrecht, Belastingrecht
564, ECLI:NL:HR:2018:1935, Civiel recht, 
565, ECLI:NL:RVS:2018:1511, Bestuursrecht, Omgevingsrecht
566, ECLI:NL:HR:1999:ZC2993, Civiel recht, 
567, ECLI:NL:GHSHE:2024:699, Bestuursrecht, Belastingrecht
568, ECLI:NL:HR:2016:369, Civiel recht, 
569, ECLI:NL:RVS:2014:4413, Bestuursrecht, 
570, ECLI:NL:CRVB:2019:2019, Bestuursrecht, Socialezekerheidsrecht
571, ECLI:NL:HR:1978:AM4447, Bestuursrecht, Belastingrecht
572, ECLI:NL:GHARL:2020:7762, Bestuursrecht, Bestuursstrafrecht
573, ECLI:NL:CBB:2016:211, Bestuursrecht, 
574, ECLI:NL:RVS:2017:3628, Bestuursrecht, 
575, ECLI:NL:CRVB:2017:3059, Bestuursrecht, Socialezekerheidsrecht
576, ECLI:NL:GHARL:2019:10121, Bestuursrecht, Bestuursstrafrecht
577, ECLI:NL:RVS:2025:5144, Bestuursrecht, Vreemdelingenrecht
578, ECLI:NL:RBAMS:2021:3732, Civiel recht, 
579, ECLI:NL:CBB:2017:32, Bestuursrecht, 
580, ECLI:NL:RVS:2017:2327, Bestuursrecht, 
581, ECLI:NL:RVS:2018:1149, Bestuursrecht, 
582, ECLI:NL:HR:2016:2012, Civiel recht, 
583, ECLI:NL:HR:2017:3081, Bestuursrecht, Belastingrecht
584, ECLI:NL:HR:2020:1666, Bestuursrecht, Belastingrecht
585, ECLI:NL:RVS:2018:2010, Bestuursrecht, Omgevingsrecht
586, ECLI:NL:HR:1997:ZC2348, Civiel recht, 
587, ECLI:NL:RVS:2012:BV8773, Bestuursrecht, 
588, ECLI:NL:HR:1994:AD2076, Strafrecht, 
589, ECLI:NL:GHLEE:2011:BQ2772, Civiel recht, Personen- en familierecht
590, ECLI:NL:RVS:2021:2126, Bestuursrecht, 
591, ECLI:NL:HR:2000:AA6124, Bestuursrecht, Belastingrecht
592, ECLI:NL:GHDHA:2021:1873, Strafrecht, 
593, ECLI:NL:RVS:2017:1434, Bestuursrecht, Omgevingsrecht
594, ECLI:NL:CRVB:2022:1859, Bestuursrecht, Ambtenarenrecht
595, ECLI:NL:CRVB:2020:1652, Bestuursrecht, Socialezekerheidsrecht
596, ECLI:NL:RBNHO:2025:22, Bestuursrecht, Socialezekerheidsrecht
597, ECLI:NL:RVS:2018:3736, Bestuursrecht, Vreemdelingenrecht
598, ECLI:NL:HR:2011:BT2293, Bestuursrecht, Belastingrecht
599, ECLI:NL:RBAMS:2015:2111, Bestuursrecht, Socialezekerheidsrecht
600, ECLI:NL:GHARL:2024:866, Civiel recht, 
601, ECLI:NL:CRVB:2016:1943, Bestuursrecht, Socialezekerheidsrecht
602, ECLI:NL:RVS:2017:2058, Bestuursrecht, Vreemdelingenrecht
603, ECLI:NL:RVS:2023:3569, Bestuursrecht, Vreemdelingenrecht
604, ECLI:NL:RVS:2015:3767, Bestuursrecht, 
605, ECLI:NL:CRVB:2015:926, Bestuursrecht, Socialezekerheidsrecht
606, ECLI:NL:HR:2006:AX0985, Bestuursrecht, Belastingrecht
607, ECLI:NL:PHR:2021:1019, Bestuursrecht, Belastingrecht
608, ECLI:NL:HR:2019:376, Civiel recht, 
609, ECLI:NL:CRVB:2003:AO0764, Bestuursrecht, Socialezekerheidsrecht
610, ECLI:NL:RVS:2014:1841, Bestuursrecht, 
611, ECLI:NL:PHR:2016:339, Bestuursrecht, Belastingrecht
612, ECLI:NL:HR:2019:1734, Civiel recht, Arbeidsrecht
613, ECLI:NL:RBGEL:2018:4963, Civiel recht, 
614, ECLI:NL:HR:2019:1619, Bestuursrecht, Belastingrecht
615, ECLI:NL:HR:2000:AA6341, Civiel recht, Personen- en familierecht
616, ECLI:NL:GHARL:2019:7007, Bestuursrecht, Belastingrecht
617, ECLI:NL:RVS:2009:BH5553, Bestuursrecht, 
618, ECLI:NL:RVS:2015:160, Bestuursrecht, 
619, ECLI:NL:RBZWB:2025:91, Bestuursrecht, 
620, ECLI:NL:RVS:2020:2032, Bestuursrecht, 
621, ECLI:NL:GHARL:2018:10783, Civiel recht, 
622, ECLI:NL:HR:2021:537, Civiel recht, Arbeidsrecht
623, ECLI:NL:RBAMS:2025:4974, Strafrecht, Europees strafrecht
624, ECLI:NL:HR:2002:AD8186, Civiel recht, 
625, ECLI:NL:HR:2009:BJ0655, Civiel recht, 
626, ECLI:NL:RVS:2017:210, Bestuursrecht, Vreemdelingenrecht
627, ECLI:NL:RBZWB:2024:125, Bestuursrecht, 
628, ECLI:NL:RVS:2018:4195, Bestuursrecht, 
629, ECLI:NL:RVS:2016:2518, Bestuursrecht, Omgevingsrecht
630, ECLI:NL:RVS:2018:1066, Bestuursrecht, Omgevingsrecht
631, ECLI:NL:PHR:2023:1209, Bestuursrecht, Belastingrecht
632, ECLI:NL:RVS:2017:25, Bestuursrecht, 
633, ECLI:NL:RVS:2019:777, Bestuursrecht, 
634, ECLI:NL:GHARL:2021:1786, Bestuursrecht, Bestuursstrafrecht
635, ECLI:NL:HR:2012:BV7393, Bestuursrecht, Belastingrecht
636, ECLI:NL:CBB:2023:142, Bestuursrecht, 
637, ECLI:NL:RBROT:2025:2639, Bestuursrecht, 
638, ECLI:NL:HR:2014:2628, Civiel recht, 
639, ECLI:NL:HR:2017:3226, Bestuursrecht, Belastingrecht
640, ECLI:NL:RVS:2017:2553, Bestuursrecht, 
641, ECLI:NL:HR:2001:ZC3598, Civiel recht, Personen- en familierecht
642, ECLI:NL:CRVB:2012:BY4322, Bestuursrecht, Socialezekerheidsrecht
643, ECLI:NL:RVS:2018:4314, Bestuursrecht, Vreemdelingenrecht
644, ECLI:NL:RBAMS:2019:7000, Civiel recht, 
645, ECLI:NL:RVS:2014:3833, Bestuursrecht, Vreemdelingenrecht
646, ECLI:NL:RVS:2020:1541, Bestuursrecht, 
647, ECLI:NL:HR:2015:2795, Bestuursrecht, Belastingrecht
648, ECLI:NL:HR:2007:AZ5556, Bestuursrecht, Belastingrecht
649, ECLI:NL:RBDHA:2019:12133, Bestuursrecht, Vreemdelingenrecht
650, ECLI:NL:RVS:2023:1962, Bestuursrecht, Vreemdelingenrecht
651, ECLI:NL:CBB:2023:476, Bestuursrecht, 
652, ECLI:NL:HR:2007:AZ7772, Civiel recht, Personen- en familierecht
653, ECLI:NL:GHDHA:2022:657, Bestuursrecht, Belastingrecht
654, ECLI:NL:HR:2011:BQ7597, Bestuursrecht, Belastingrecht
655, ECLI:NL:CRVB:2018:114, Bestuursrecht, Socialezekerheidsrecht
656, ECLI:NL:HR:2017:584, Strafrecht, 
657, ECLI:NL:RVS:2020:1117, Bestuursrecht, 
658, ECLI:NL:CRVB:2013:1936, Bestuursrecht, Socialezekerheidsrecht
659, ECLI:NL:RVS:2020:2748, Bestuursrecht, 
660, ECLI:NL:RBDHA:2021:402, Bestuursrecht, Vreemdelingenrecht
661, ECLI:NL:CRVB:2018:3474, Bestuursrecht, Socialezekerheidsrecht
662, ECLI:NL:HR:2018:2363, Civiel recht, 
663, ECLI:NL:GHDHA:2022:2539, Bestuursrecht, Belastingrecht
664, ECLI:NL:RVS:2025:5158, Bestuursrecht, 
665, ECLI:NL:RVS:2019:990, Bestuursrecht, Vreemdelingenrecht
666, ECLI:NL:RVS:2017:2707, Bestuursrecht, Vreemdelingenrecht
667, ECLI:NL:RBLIM:2025:8509, Bestuursrecht, Vreemdelingenrecht
668, ECLI:NL:GHAMS:2021:392, Civiel recht, 
669, ECLI:NL:RVS:2018:1975, Bestuursrecht, Vreemdelingenrecht
670, ECLI:NL:RVS:2018:1200, Bestuursrecht, 
671, ECLI:NL:GHARL:2022:7778, Strafrecht, 
672, ECLI:NL:HR:2018:2080, Bestuursrecht, Belastingrecht
673, ECLI:NL:HR:2013:BZ9225, Civiel recht, 
674, ECLI:NL:HR:2011:BP8686, Civiel recht, 
675, ECLI:NL:HR:2022:752, Bestuursrecht, Belastingrecht
676, ECLI:NL:RVS:2017:1819, Bestuursrecht, Vreemdelingenrecht
677, ECLI:NL:HR:2004:AO6012, Civiel recht, 
678, ECLI:NL:RVS:2025:159, Bestuursrecht, Vreemdelingenrecht
679, ECLI:NL:GHARL:2021:9948, Strafrecht, Penitentiair strafrecht
680, ECLI:NL:HR:2013:BY5241, Civiel recht, 
681, ECLI:NL:GHAMS:2014:1523, Civiel recht, 
682, ECLI:NL:RVS:2025:5170, Bestuursrecht, Vreemdelingenrecht
683, ECLI:NL:RVS:2020:214, Bestuursrecht, 
684, ECLI:NL:RVS:2015:2842, Bestuursrecht, Omgevingsrecht
685, ECLI:NL:HR:2019:1783, Bestuursrecht, Belastingrecht
686, ECLI:NL:HR:2011:BP2138, Bestuursrecht, Belastingrecht
687, ECLI:NL:RVS:2012:BX2597, Bestuursrecht, 
688, ECLI:NL:HR:2014:3606, Bestuursrecht, Belastingrecht
689, ECLI:NL:RBMNE:2022:2386, Bestuursrecht, Socialezekerheidsrecht
690, ECLI:NL:GHDHA:2016:2737, Civiel recht, Personen- en familierecht
691, ECLI:NL:GHARL:2019:8307, Bestuursrecht, Bestuursstrafrecht
692, ECLI:NL:RVS:2021:369, Bestuursrecht, 
693, ECLI:NL:RVS:2023:4198, Bestuursrecht, Vreemdelingenrecht
694, ECLI:NL:RBDHA:2023:19744, Civiel recht, 
695, ECLI:NL:HR:2019:1787, Civiel recht, Burgerlijk procesrecht
696, ECLI:NL:RVS:2016:1439, Bestuursrecht, 
697, ECLI:NL:RBMNE:2023:1908, Bestuursrecht, Belastingrecht
698, ECLI:NL:RVS:2023:2641, Bestuursrecht, Vreemdelingenrecht
699, ECLI:NL:GHSHE:2007:BC3164, Bestuursrecht, Belastingrecht
700, ECLI:NL:GHARL:2013:2333, Bestuursrecht, Bestuursstrafrecht
701, ECLI:NL:HR:2007:BB4753, Bestuursrecht, Belastingrecht
702, ECLI:NL:RVS:2024:3940, Bestuursrecht, 
703, ECLI:NL:HR:1979:AB7302, Civiel recht, 
704, ECLI:NL:RVS:2025:258, Bestuursrecht, Vreemdelingenrecht
705, ECLI:NL:HR:2024:1913, Civiel recht, Insolventierecht
706, ECLI:NL:RVS:2022:1684, Bestuursrecht, 
707, ECLI:NL:RVS:2019:2738, Bestuursrecht, Vreemdelingenrecht
708, ECLI:NL:HR:2010:BM1236, Bestuursrecht, Belastingrecht
709, ECLI:NL:HR:2024:857, Bestuursrecht, Belastingrecht
710, ECLI:NL:GHARL:2022:8003, Civiel recht, Personen- en familierecht
711, ECLI:NL:RBNHO:2021:8413, Civiel recht, Personen- en familierecht
712, ECLI:NL:CBB:2019:192, Bestuursrecht, 
713, ECLI:NL:CRVB:2009:BK3713, Bestuursrecht, Socialezekerheidsrecht
714, ECLI:NL:GHARL:2021:10307, Bestuursrecht, Belastingrecht
715, ECLI:NL:CRVB:2024:726, Bestuursrecht, Socialezekerheidsrecht
716, ECLI:NL:RBDHA:2024:4394, Bestuursrecht, Vreemdelingenrecht
717, ECLI:NL:GHDHA:2024:1362, Civiel recht, Personen- en familierecht
718, ECLI:NL:CRVB:2020:2634, Bestuursrecht, Socialezekerheidsrecht
719, ECLI:NL:GHARL:2024:865, Civiel recht, 
720, ECLI:NL:HR:2015:960, Bestuursrecht, Belastingrecht
721, ECLI:NL:RVS:2013:875, Bestuursrecht, 
722, ECLI:NL:RVS:2020:2559, Bestuursrecht, 
723, ECLI:NL:HR:1999:AA4819, Civiel recht, Personen- en familierecht
724, ECLI:NL:HR:2018:1115, Civiel recht, 
725, ECLI:NL:HR:2023:1168, Bestuursrecht, Belastingrecht
726, ECLI:NL:RBAMS:2024:4047, Strafrecht, Europees strafrecht
727, ECLI:NL:RVS:2025:208, Bestuursrecht, 
728, ECLI:NL:RVS:2018:2619, Bestuursrecht, Omgevingsrecht
729, ECLI:NL:RBAMS:2018:294, Bestuursrecht, 
730, ECLI:NL:RVS:2023:1374, Bestuursrecht, 
731, ECLI:NL:RVS:2019:701, Bestuursrecht, Omgevingsrecht
732, ECLI:NL:RVS:2015:2109, Bestuursrecht, 
733, ECLI:NL:RVS:2022:3295, Bestuursrecht, 
734, ECLI:NL:GHARL:2024:5796, Bestuursrecht, Bestuursstrafrecht
735, ECLI:NL:HR:2017:293, Bestuursrecht, Belastingrecht
736, ECLI:NL:RVS:2019:1951, Bestuursrecht, 
737, ECLI:NL:HR:2019:505, Civiel recht, 
738, ECLI:NL:RBMNE:2023:4482, Bestuursrecht, 
739, ECLI:NL:GHARL:2017:3345, Bestuursrecht, Bestuursstrafrecht
740, ECLI:NL:HR:2013:2123, Civiel recht, 
741, ECLI:NL:RVS:2017:292, Bestuursrecht, Vreemdelingenrecht
742, ECLI:NL:RVS:2023:1242, Bestuursrecht, 
743, ECLI:NL:RBMNE:2023:4481, Bestuursrecht, 
744, ECLI:NL:GHDHA:2023:2776, Bestuursrecht, Belastingrecht
745, ECLI:NL:RBROT:2023:9694, Civiel recht, Insolventierecht
746, ECLI:NL:CRVB:2019:1548, Bestuursrecht, Socialezekerheidsrecht
747, ECLI:NL:HR:2020:809, Civiel recht, 
748, ECLI:NL:RBDHA:2022:3776, Bestuursrecht, Vreemdelingenrecht
749, ECLI:NL:RVS:2019:3980, Bestuursrecht, 
750, ECLI:NL:RVS:2022:1440, Bestuursrecht, Vreemdelingenrecht
751, ECLI:NL:CRVB:2023:952, Bestuursrecht, Socialezekerheidsrecht
752, ECLI:NL:GHAMS:2021:3978, Civiel recht, 
753, ECLI:NL:CRVB:2009:BK8306, Bestuursrecht, Socialezekerheidsrecht
754, ECLI:NL:GHSHE:2023:246, Bestuursrecht, Belastingrecht
755, ECLI:NL:GHSGR:1987:AC1600, Bestuursrecht, Belastingrecht
756, ECLI:NL:HR:1997:ZC2404, Civiel recht, 
757, ECLI:NL:RVS:2023:3874, Bestuursrecht, Vreemdelingenrecht
758, ECLI:NL:RVS:2021:1956, Bestuursrecht, 
759, ECLI:NL:RVS:2023:397, Bestuursrecht, 
760, ECLI:NL:HR:2007:BA8063, Bestuursrecht, Belastingrecht
761, ECLI:NL:HR:2002:AE4473, Bestuursrecht, Belastingrecht
762, ECLI:NL:RVS:2025:1202, Bestuursrecht, 
763, ECLI:NL:RVS:2021:1375, Bestuursrecht, 
764, ECLI:NL:RVS:2022:251, Bestuursrecht, 
765, ECLI:NL:HR:2024:1535, Bestuursrecht, Belastingrecht
766, ECLI:NL:PHR:2017:198, Bestuursrecht, Belastingrecht
767, ECLI:NL:HR:2003:AF7004, Civiel recht, 
768, ECLI:NL:HR:2008:BD2578, Strafrecht, 
769, ECLI:NL:RBOVE:2025:4, Bestuursrecht, Socialezekerheidsrecht
770, ECLI:NL:RVS:2021:2304, Bestuursrecht, Omgevingsrecht
771, ECLI:NL:GHARL:2022:2169, Civiel recht, 
772, ECLI:NL:RBDHA:2022:12538, Bestuursrecht, Vreemdelingenrecht
773, ECLI:NL:RVS:2015:1057, Bestuursrecht, 
774, ECLI:NL:HR:2002:AE0462, Bestuursrecht, Belastingrecht
775, ECLI:NL:GHSHE:2021:1269, Bestuursrecht, Belastingrecht
776, ECLI:NL:CRVB:2021:763, Bestuursrecht, Socialezekerheidsrecht
777, ECLI:NL:RBROT:2021:1096, Strafrecht, 
778, ECLI:NL:GHDHA:2023:1765, Bestuursrecht, Belastingrecht
779, ECLI:NL:RVS:2021:780, Bestuursrecht, 
780, ECLI:NL:CRVB:2017:3538, Bestuursrecht, Socialezekerheidsrecht
781, ECLI:NL:RVS:2024:2644, Bestuursrecht, Vreemdelingenrecht
782, ECLI:NL:RVS:2024:1424, Bestuursrecht, Vreemdelingenrecht
783, ECLI:NL:RVS:2019:1604, Bestuursrecht, 
784, ECLI:NL:CBB:2021:705, Bestuursrecht, 
785, ECLI:NL:CBB:2023:54, Bestuursrecht, 
786, ECLI:NL:HR:2009:BI3751, Bestuursrecht, Belastingrecht
787, ECLI:NL:HR:2016:1174, Strafrecht, 
788, ECLI:NL:CRVB:2023:95, Bestuursrecht, Socialezekerheidsrecht
789, ECLI:NL:CRVB:2019:37, Bestuursrecht, Socialezekerheidsrecht
790, ECLI:NL:RBGEL:2022:2004, Civiel recht, 
791, ECLI:NL:GHARL:2022:3651, Bestuursrecht, Belastingrecht
792, ECLI:NL:RBDHA:2024:8874, Bestuursrecht, Vreemdelingenrecht
793, ECLI:NL:CRVB:2012:BW5646, Bestuursrecht, Socialezekerheidsrecht
794, ECLI:NL:RVS:2018:585, Bestuursrecht, 
795, ECLI:NL:RVS:2021:2306, Bestuursrecht, Omgevingsrecht
796, ECLI:NL:RVS:2015:2388, Bestuursrecht, 
797, ECLI:NL:RVS:2019:1435, Bestuursrecht, 
798, ECLI:NL:RVS:2019:1436, Bestuursrecht, 
799, ECLI:NL:RVS:2019:830, Bestuursrecht, Vreemdelingenrecht
800, ECLI:NL:CBB:2020:995, Bestuursrecht, 
801, ECLI:NL:RVS:2018:1284, Bestuursrecht, Omgevingsrecht
802, ECLI:NL:HR:2011:BT8457, Civiel recht, 
803, ECLI:NL:CRVB:2022:1745, Bestuursrecht, Socialezekerheidsrecht
804, ECLI:NL:CRVB:2020:877, Bestuursrecht, Socialezekerheidsrecht
805, ECLI:NL:GHARL:2020:802, Strafrecht, 
806, ECLI:NL:RVS:2022:1810, Bestuursrecht, Vreemdelingenrecht
807, ECLI:NL:RVS:2023:3275, Bestuursrecht, Vreemdelingenrecht
808, ECLI:NL:RVS:2018:2643, Bestuursrecht, Omgevingsrecht
809, ECLI:NL:GHDHA:2022:53, Bestuursrecht, Belastingrecht
810, ECLI:NL:HR:2016:833, Bestuursrecht, Belastingrecht
811, ECLI:NL:RVS:2021:2346, Bestuursrecht, 
812, ECLI:NL:HR:2000:AA4728, Civiel recht, 
813, ECLI:NL:RVS:2013:BZ9048, Bestuursrecht, 
814, ECLI:NL:CRVB:2015:2822, Bestuursrecht, Socialezekerheidsrecht
815, ECLI:NL:RVS:2014:3480, Bestuursrecht, 
816, ECLI:NL:HR:1997:ZC2495, Civiel recht, 
817, ECLI:NL:RVS:2018:4131, Bestuursrecht, Vreemdelingenrecht
818, ECLI:NL:HR:2015:232, Civiel recht, Personen- en familierecht
819, ECLI:NL:HR:2023:1714, Bestuursrecht, Belastingrecht
820, ECLI:NL:RVS:2015:3447, Bestuursrecht, 
821, ECLI:NL:CRVB:2017:2437, Bestuursrecht, Socialezekerheidsrecht
822, ECLI:NL:HR:2011:BP6878, Strafrecht, 
823, ECLI:NL:RVS:2019:3536, Bestuursrecht, 
824, ECLI:NL:RVS:2022:2138, Bestuursrecht, 
825, ECLI:NL:RVS:2010:BL4570, Bestuursrecht, Vreemdelingenrecht
826, ECLI:NL:RVS:2021:1994, Bestuursrecht, Omgevingsrecht
827, ECLI:NL:PHR:2023:1064, Bestuursrecht, Belastingrecht
828, ECLI:NL:RVS:2015:1201, Bestuursrecht, Vreemdelingenrecht
829, ECLI:NL:HR:2017:442, Bestuursrecht, Belastingrecht
830, ECLI:NL:CRVB:2024:635, Bestuursrecht, Socialezekerheidsrecht
831, ECLI:NL:RVS:2018:1739, Bestuursrecht, Vreemdelingenrecht
832, ECLI:NL:HR:1992:ZC0649, Civiel recht, 
833, ECLI:NL:RVS:2022:400, Bestuursrecht, 
834, ECLI:NL:HR:2014:3562, Bestuursrecht, Belastingrecht
835, ECLI:NL:RBAMS:2024:8240, Strafrecht, 
836, ECLI:NL:RVS:2016:744, Bestuursrecht, Vreemdelingenrecht
837, ECLI:NL:HR:2008:BC1849, Civiel recht, 
838, ECLI:NL:GHDHA:2024:1916, Bestuursrecht, Belastingrecht
839, ECLI:NL:HR:2017:78, Bestuursrecht, Belastingrecht
840, ECLI:NL:RVS:2018:2650, Bestuursrecht, 
841, ECLI:NL:RVS:2019:1968, Bestuursrecht, Vreemdelingenrecht
842, ECLI:NL:GHARL:2020:8709, Civiel recht, 
843, ECLI:NL:RBAMS:2024:5748, Civiel recht, Personen- en familierecht
844, ECLI:NL:HR:2014:3119, Bestuursrecht, Belastingrecht
845, ECLI:NL:GHARL:2017:4472, Bestuursrecht, Bestuursstrafrecht
846, ECLI:NL:RVS:2022:2661, Bestuursrecht, Vreemdelingenrecht
847, ECLI:NL:GHLEE:2009:BK1036, Bestuursrecht, Bestuursstrafrecht
848, ECLI:NL:GHAMS:2024:632, Bestuursrecht, Belastingrecht
849, ECLI:NL:HR:2003:AF3651, Bestuursrecht, Belastingrecht
850, ECLI:NL:HR:2010:BL0990, Bestuursrecht, Belastingrecht
851, ECLI:NL:RVS:2023:2829, Bestuursrecht, Vreemdelingenrecht
852, ECLI:NL:RVS:2024:625, Bestuursrecht, 
853, ECLI:NL:RVS:2025:301, Bestuursrecht, Vreemdelingenrecht
854, ECLI:NL:HR:2016:422, Bestuursrecht, Belastingrecht
855, ECLI:NL:HR:1995:ZC1911, Civiel recht, 
856, ECLI:NL:HR:1985:AG4961, Civiel recht, 
857, ECLI:NL:PHR:2024:235, Bestuursrecht, Belastingrecht
858, ECLI:NL:RVS:2025:5220, Bestuursrecht, Vreemdelingenrecht
859, ECLI:NL:CRVB:2017:104, Bestuursrecht, Ambtenarenrecht
860, ECLI:NL:GHARL:2022:1045, Civiel recht, Personen- en familierecht
861, ECLI:NL:HR:2014:2981, Bestuursrecht, Belastingrecht
862, ECLI:NL:RVS:2018:3176, Bestuursrecht, Vreemdelingenrecht
863, ECLI:NL:RVS:2021:1821, Bestuursrecht, Vreemdelingenrecht
864, ECLI:NL:HR:2024:1012, Strafrecht, 
865, ECLI:NL:RVS:2023:4014, Bestuursrecht, Vreemdelingenrecht
866, ECLI:NL:HR:2011:BP4340, Civiel recht, 
867, ECLI:NL:RVS:2018:1498, Bestuursrecht, Vreemdelingenrecht
868, ECLI:NL:HR:2013:29, Bestuursrecht, Belastingrecht
869, ECLI:NL:HR:2017:847, Bestuursrecht, Belastingrecht
870, ECLI:NL:CRVB:2020:868, Bestuursrecht, Ambtenarenrecht
871, ECLI:NL:HR:2010:BK4549, Civiel recht, 
872, ECLI:NL:RVS:2018:506, Bestuursrecht, 
873, ECLI:NL:RVS:2018:2241, Bestuursrecht, 
874, ECLI:NL:PHR:2023:696, Bestuursrecht, Belastingrecht
875, ECLI:NL:PHR:2023:130, Bestuursrecht, Belastingrecht
876, ECLI:NL:GHARL:2021:4153, Bestuursrecht, Belastingrecht
877, ECLI:NL:HR:2021:1086, Bestuursrecht, Belastingrecht
878, ECLI:NL:GHDHA:2023:750, Civiel recht, 
879, ECLI:NL:GHARL:2020:8992, Civiel recht, 
880, ECLI:NL:CBB:2022:5, Bestuursrecht, 
881, ECLI:NL:RVS:2021:2128, Bestuursrecht, 
882, ECLI:NL:HR:2006:AU3253, Civiel recht, 
883, ECLI:NL:HR:2001:AA9558, Civiel recht, Personen- en familierecht
884, ECLI:NL:RVS:2024:1040, Bestuursrecht, 
885, ECLI:NL:HR:2021:84, Bestuursrecht, Belastingrecht
886, ECLI:NL:RVS:2018:1684, Bestuursrecht, 
887, ECLI:NL:HR:2007:AZ3531, Civiel recht, 
888, ECLI:NL:RVS:2018:2577, Bestuursrecht, 
889, ECLI:NL:HR:2015:3009, Civiel recht, 
890, ECLI:NL:PHR:2020:950, Bestuursrecht, Belastingrecht
891, ECLI:NL:RBDHA:2023:12059, Bestuursrecht, 
892, ECLI:NL:RVS:2020:989, Bestuursrecht, Vreemdelingenrecht
893, ECLI:NL:GHDHA:2024:1915, Bestuursrecht, Belastingrecht
894, ECLI:NL:HR:2022:475, Strafrecht, 
895, ECLI:NL:RVS:2021:71, Bestuursrecht, 
896, ECLI:NL:GHARL:2024:7764, Bestuursrecht, Bestuursstrafrecht
897, ECLI:NL:HR:1994:ZC1396, Civiel recht, 
898, ECLI:NL:RVS:2018:1682, Bestuursrecht, 
899, ECLI:NL:HR:2017:3186, Strafrecht, 
900, ECLI:NL:RVS:2012:BW5293, Bestuursrecht, Omgevingsrecht
901, ECLI:NL:RVS:2018:1505, Bestuursrecht, Vreemdelingenrecht
902, ECLI:NL:PHR:2023:1099, Bestuursrecht, Belastingrecht
903, ECLI:NL:RBAMS:2024:1005, Strafrecht, Internationaal strafrecht
904, ECLI:NL:RVS:2023:411, Bestuursrecht, 
905, ECLI:NL:GHLEE:2012:BV7735, Bestuursrecht, Belastingrecht
906, ECLI:NL:CRVB:2018:1060, Bestuursrecht, Socialezekerheidsrecht
907, ECLI:NL:RVS:2022:1911, Bestuursrecht, 
908, ECLI:NL:RVS:2022:1910, Bestuursrecht, 
909, ECLI:NL:RVS:2013:BY8849, Bestuursrecht, Vreemdelingenrecht
910, ECLI:NL:GHSHE:2021:3315, Bestuursrecht, Belastingrecht
911, ECLI:NL:GHARL:2016:3027, Bestuursrecht, Bestuursstrafrecht
912, ECLI:NL:HR:2016:2082, Bestuursrecht, Belastingrecht
913, ECLI:NL:HR:2015:3475, Civiel recht, 
914, ECLI:NL:RVS:2023:1337, Bestuursrecht, 
915, ECLI:NL:RVS:2022:1788, Bestuursrecht, Vreemdelingenrecht
916, ECLI:NL:RVS:2013:910, Bestuursrecht, 
917, ECLI:NL:RVS:2023:1504, Bestuursrecht, Vreemdelingenrecht
918, ECLI:NL:RVS:2019:673, Bestuursrecht, 
919, ECLI:NL:RVS:2023:1253, Bestuursrecht, Omgevingsrecht
920, ECLI:NL:HR:1993:ZC1184, Civiel recht, 
921, ECLI:NL:RVS:2022:3958, Bestuursrecht, Vreemdelingenrecht
922, ECLI:NL:HR:2017:2656, Bestuursrecht, Belastingrecht
923, ECLI:NL:GHARL:2021:2108, Civiel recht, Personen- en familierecht
924, ECLI:NL:RVS:2014:4448, Bestuursrecht, 
925, ECLI:NL:HR:1993:ZC1217, Civiel recht, 
926, ECLI:NL:GHARL:2024:6664, Civiel recht, 
927, ECLI:NL:HR:2008:BD0464, Bestuursrecht, Belastingrecht
928, ECLI:NL:RVS:2021:1626, Bestuursrecht, Vreemdelingenrecht
929, ECLI:NL:GHDHA:2021:1449, Bestuursrecht, Belastingrecht
930, ECLI:NL:RVS:2012:BX1863, Bestuursrecht, 
931, ECLI:NL:CBB:2024:145, Bestuursrecht, 
932, ECLI:NL:RVS:2019:3203, Bestuursrecht, Vreemdelingenrecht
933, ECLI:NL:RVS:2022:3353, Bestuursrecht, Vreemdelingenrecht
934, ECLI:NL:RVS:2024:3945, Bestuursrecht, 
935, ECLI:NL:HR:2016:2829, Bestuursrecht, Belastingrecht
936, ECLI:NL:RVS:2022:1260, Bestuursrecht, Vreemdelingenrecht
937, ECLI:NL:HR:2016:252, Bestuursrecht, Belastingrecht
938, ECLI:NL:RVS:2013:1621, Bestuursrecht, 
939, ECLI:NL:RVS:2018:3934, Bestuursrecht, Vreemdelingenrecht
940, ECLI:NL:RVS:2012:BX2091, Bestuursrecht, Vreemdelingenrecht
941, ECLI:NL:RVS:2018:1416, Bestuursrecht, Vreemdelingenrecht
942, ECLI:NL:RBAMS:2023:5123, Strafrecht, Europees strafrecht
943, ECLI:NL:HR:2008:BD1101, Bestuursrecht, Belastingrecht
944, ECLI:NL:RVS:2016:3350, Bestuursrecht, Vreemdelingenrecht
945, ECLI:NL:HR:2005:AR7435, Civiel recht, 
946, ECLI:NL:RVS:2003:AH9212, Bestuursrecht, Vreemdelingenrecht
947, ECLI:NL:HR:2022:1657, Bestuursrecht, Belastingrecht
948, ECLI:NL:HR:2020:377, Strafrecht, 
949, ECLI:NL:RVS:2021:2305, Bestuursrecht, Omgevingsrecht
950, ECLI:NL:RVS:2022:1913, Bestuursrecht, 
951, ECLI:NL:RVS:2013:2362, Bestuursrecht, 
952, ECLI:NL:HR:1999:AA2710, Bestuursrecht, Belastingrecht
953, ECLI:NL:RBAMS:2017:414, Strafrecht, 
954, ECLI:NL:HR:2014:1193, Bestuursrecht, Belastingrecht
955, ECLI:NL:HR:2015:3370, Bestuursrecht, Belastingrecht
956, ECLI:NL:HR:2010:BK9136, Bestuursrecht, Belastingrecht
957, ECLI:NL:HR:2022:526, Bestuursrecht, Belastingrecht
958, ECLI:NL:RBDHA:2021:12952, Civiel recht, 
959, ECLI:NL:CRVB:2017:1585, Bestuursrecht, Socialezekerheidsrecht
960, ECLI:NL:RVS:2024:4352, Bestuursrecht, Vreemdelingenrecht
961, ECLI:NL:RVS:2020:1943, Bestuursrecht, Vreemdelingenrecht
962, ECLI:NL:GHAMS:2021:3801, Bestuursrecht, Belastingrecht
963, ECLI:NL:RVS:2023:2796, Bestuursrecht, 
964, ECLI:NL:HR:2017:295, Bestuursrecht, Belastingrecht
965, ECLI:NL:HR:2010:BM2471, Strafrecht, 
966, ECLI:NL:CRVB:2010:BN3811, Bestuursrecht, Socialezekerheidsrecht
967, ECLI:NL:HR:1982:AC7770, Bestuursrecht, Belastingrecht
968, ECLI:NL:RBLIM:2018:4931, Civiel recht, Personen- en familierecht
969, ECLI:NL:HR:2006:AY8649, Bestuursrecht, Belastingrecht
970, ECLI:NL:CRVB:2024:636, Bestuursrecht, Socialezekerheidsrecht
971, ECLI:NL:HR:2001:ZC3693, Civiel recht, 
972, ECLI:NL:HR:2013:199, Bestuursrecht, Belastingrecht
973, ECLI:NL:CRVB:2019:2017, Bestuursrecht, Socialezekerheidsrecht
974, ECLI:NL:RVS:2016:424, Bestuursrecht, Vreemdelingenrecht
975, ECLI:NL:HR:2013:840, Bestuursrecht, Belastingrecht
976, ECLI:NL:HR:2016:35, Bestuursrecht, Belastingrecht
977, ECLI:NL:RBROT:2021:6375, Bestuursrecht, 
978, ECLI:NL:GHARL:2023:8247, Bestuursrecht, Belastingrecht
979, ECLI:NL:CBB:2009:BJ2560, Bestuursrecht, 
980, ECLI:NL:HR:2012:BU9889, Civiel recht, 
981, ECLI:NL:RVS:2020:2771, Bestuursrecht, 
982, ECLI:NL:GHARN:2009:BL8328, Civiel recht, 
983, ECLI:NL:CBB:2020:993, Bestuursrecht, 
984, ECLI:NL:RBOVE:2020:4278, Civiel recht, 
985, ECLI:NL:HR:2001:AB3112, Bestuursrecht, Belastingrecht
986, ECLI:NL:HR:2004:AO7887, Civiel recht, 
987, ECLI:NL:RVS:2020:452, Bestuursrecht, 
988, ECLI:NL:HR:2010:BO1979, Civiel recht, 
989, ECLI:NL:HR:2006:AZ4416, Bestuursrecht, Belastingrecht
990, ECLI:NL:CRVB:2023:953, Bestuursrecht, Socialezekerheidsrecht
991, ECLI:NL:RVS:2006:AY4221, Bestuursrecht, 
992, ECLI:NL:RBZWB:2021:993, Civiel recht, 
993, ECLI:NL:HR:2022:875, Bestuursrecht, Belastingrecht
994, ECLI:NL:RVS:2022:1439, Bestuursrecht, 
995, ECLI:NL:RBDHA:2017:484, Bestuursrecht, Vreemdelingenrecht
996, ECLI:NL:HR:1992:ZC0729, Civiel recht, 
997, ECLI:NL:RVS:2017:3481, Bestuursrecht, 
998, ECLI:NL:CRVB:2018:578, Bestuursrecht, Socialezekerheidsrecht
999, ECLI:NL:RVS:2016:2618, Bestuursrecht, 
1000, ECLI:NL:OGHACMB:2018:232, Bestuursrecht, 
1001, ECLI:NL:RBGEL:2019:6276, Civiel recht, 
1002, ECLI:NL:RVS:2006:AV5061, Bestuursrecht, 
1003, ECLI:NL:CRVB:2019:3123, Bestuursrecht, Socialezekerheidsrecht
1004, ECLI:NL:HR:2007:BA4122, Civiel recht, 
1005, ECLI:NL:CRVB:2019:703, Bestuursrecht, Socialezekerheidsrecht
1006, ECLI:NL:RBDHA:2023:12805, Bestuursrecht, Belastingrecht
1007, ECLI:NL:TGZREIN:2022:66, Bestuursrecht, Belastingrecht
1008, ECLI:NL:RVS:2018:851, Bestuursrecht, 
1009, ECLI:NL:RVS:2020:1168, Bestuursrecht, Vreemdelingenrecht
1010, ECLI:NL:RVS:2006:AX0751, Bestuursrecht, 
1011, ECLI:NL:CRVB:2016:12, Bestuursrecht, Socialezekerheidsrecht
1012, ECLI:NL:RVS:2025:1981, Bestuursrecht, Vreemdelingenrecht
1013, ECLI:NL:HR:2020:154, Bestuursrecht, Belastingrecht
1014, ECLI:NL:RVS:2021:698, Bestuursrecht, Vreemdelingenrecht
1015, ECLI:NL:RVS:2015:855, Bestuursrecht, 
1016, ECLI:NL:GHDHA:2023:31, Civiel recht, Goederenrecht
1017, ECLI:NL:CRVB:2019:417, Bestuursrecht, Socialezekerheidsrecht
1018, ECLI:NL:RVS:2025:2349, Bestuursrecht, Vreemdelingenrecht
1019, ECLI:NL:RVS:2018:3939, Bestuursrecht, 
1020, ECLI:NL:HR:2002:ZC8145, Bestuursrecht, Belastingrecht
1021, ECLI:NL:HR:1997:ZC2389, Civiel recht, 
1022, ECLI:NL:RVS:2016:1008, Bestuursrecht, 
1023, ECLI:NL:CRVB:2012:BY4335, Bestuursrecht, Socialezekerheidsrecht
1024, ECLI:NL:CRVB:2022:1282, Bestuursrecht, Socialezekerheidsrecht
1025, ECLI:NL:HR:1978:AC2432, Bestuursrecht, Belastingrecht
1026, ECLI:NL:RVS:2021:1155, Bestuursrecht, Vreemdelingenrecht
1027, ECLI:NL:RVS:2006:AY8930, Bestuursrecht, 
1028, ECLI:NL:PHR:2024:137, Bestuursrecht, Belastingrecht
1029, ECLI:NL:RBLIM:2022:2220, Bestuursrecht, 
1030, ECLI:NL:RVS:2017:3311, Bestuursrecht, 
1031, ECLI:NL:RBOVE:2021:2548, Civiel recht, 
1032, ECLI:NL:GHARL:2018:4546, Strafrecht, Strafprocesrecht
1033, ECLI:NL:RVS:2015:1537, Bestuursrecht, Vreemdelingenrecht
1034, ECLI:NL:CRVB:2022:2019, Bestuursrecht, Socialezekerheidsrecht
1035, ECLI:NL:CRVB:2017:4363, Bestuursrecht, Socialezekerheidsrecht
1036, ECLI:NL:HR:2022:1087, Bestuursrecht, Belastingrecht
1037, ECLI:NL:RVS:2021:1192, Bestuursrecht, Vreemdelingenrecht
1038, ECLI:NL:GHAMS:2024:2670, Bestuursrecht, Belastingrecht
1039, ECLI:NL:CBB:2022:285, Bestuursrecht, 
1040, ECLI:NL:RVS:2022:1070, Bestuursrecht, 
1041, ECLI:NL:PHR:2023:655, Bestuursrecht, Belastingrecht
1042, ECLI:NL:HR:2013:691, Civiel recht, 
1043, ECLI:NL:CRVB:2016:2144, Bestuursrecht, Socialezekerheidsrecht
1044, ECLI:NL:CRVB:2023:1681, Bestuursrecht, Socialezekerheidsrecht
1045, ECLI:NL:RVS:2016:757, Bestuursrecht, 
1046, ECLI:NL:HR:2016:1005, Strafrecht, 
1047, ECLI:NL:CRVB:2024:834, Bestuursrecht, Socialezekerheidsrecht
1048, ECLI:NL:RVS:2009:BK2270, Bestuursrecht, Vreemdelingenrecht
1049, ECLI:NL:HR:2009:BI1892, Bestuursrecht, Belastingrecht
1050, ECLI:NL:RVS:2020:2441, Bestuursrecht, Omgevingsrecht
1051, ECLI:NL:CRVB:2022:2460, Bestuursrecht, Socialezekerheidsrecht
1052, ECLI:NL:HR:2008:BC2837, Civiel recht, 
1053, ECLI:NL:RVS:2019:457, Bestuursrecht, Vreemdelingenrecht
1054, ECLI:NL:GHARL:2021:4778, Bestuursrecht, Bestuursstrafrecht
1055, ECLI:NL:PHR:2023:1004, Bestuursrecht, Belastingrecht
1056, ECLI:NL:HR:2015:1776, Bestuursrecht, Belastingrecht
1057, ECLI:NL:HR:2015:3028, Strafrecht, 
1058, ECLI:NL:RVS:2015:4061, Bestuursrecht, Vreemdelingenrecht
1059, ECLI:NL:CRVB:2012:BV1028, Bestuursrecht, Socialezekerheidsrecht
1060, ECLI:NL:HR:2023:969, Civiel recht, Internationaal privaatrecht
1061, ECLI:NL:HR:2022:1040, Bestuursrecht, Belastingrecht
1062, ECLI:NL:CRVB:2017:1921, Bestuursrecht, Socialezekerheidsrecht
1063, ECLI:NL:CBB:2013:BZ6866, Bestuursrecht, 
1064, ECLI:NL:RBOVE:2024:5276, Bestuursrecht, 
1065, ECLI:NL:RVS:2019:2217, Bestuursrecht, Omgevingsrecht
1066, ECLI:NL:RBOVE:2024:4605, Bestuursrecht, Vreemdelingenrecht
1067, ECLI:NL:RVS:2013:51, Bestuursrecht, 
1068, ECLI:NL:CRVB:2023:2216, Bestuursrecht, Socialezekerheidsrecht
1069, ECLI:NL:RVS:2009:BI4558, Bestuursrecht, 
1070, ECLI:NL:RBNNE:2017:715, Civiel recht, 
1071, ECLI:NL:RVS:2012:BV2474, Bestuursrecht, Vreemdelingenrecht
1072, ECLI:NL:HR:2013:969, Bestuursrecht, Belastingrecht
1073, ECLI:NL:GHSHE:2010:BO1880, Bestuursrecht, Belastingrecht
1074, ECLI:NL:HR:2001:AB0610, Strafrecht, 
1075, ECLI:NL:HR:2015:874, Bestuursrecht, Belastingrecht
1076, ECLI:NL:GHDHA:2023:2606, Civiel recht, Insolventierecht
1077, ECLI:NL:RVS:2020:19, Bestuursrecht, 
1078, ECLI:NL:HR:2019:2034, Civiel recht, 
1079, ECLI:NL:HR:1990:AB7898, Civiel recht, 
1080, ECLI:NL:RVS:2016:2927, Bestuursrecht, 
1081, ECLI:NL:RVS:2021:1468, Bestuursrecht, 
1082, ECLI:NL:HR:2017:696, Civiel recht, Insolventierecht
1083, ECLI:NL:RVS:2019:1528, Bestuursrecht, Vreemdelingenrecht
1084, ECLI:NL:GHDHA:2022:56, Bestuursrecht, Belastingrecht
1085, ECLI:NL:HR:2002:AE7005, Civiel recht, 
1086, ECLI:NL:HR:2017:871, Civiel recht, Personen- en familierecht
1087, ECLI:NL:CRvB:2010:BL9850, Bestuursrecht, Socialezekerheidsrecht
1088, ECLI:NL:RVS:2013:BZ1251, Bestuursrecht, 
1089, ECLI:NL:RBGEL:2021:5596, Bestuursrecht, Bestuursprocesrecht
1090, ECLI:NL:GHSHE:2022:4076, Civiel recht, Verbintenissenrecht
1091, ECLI:NL:PHR:2021:617, Bestuursrecht, Belastingrecht
1092, ECLI:NL:HR:2010:BO6786, Bestuursrecht, Belastingrecht
1093, ECLI:NL:HR:2018:1413, Strafrecht, 
1094, ECLI:NL:RBDHA:2021:3907, Civiel recht, Personen- en familierecht
1095, ECLI:NL:PHR:2015:947, Bestuursrecht, Belastingrecht
1096, ECLI:NL:HR:2016:236, Civiel recht, 
1097, ECLI:NL:HR:2011:BP1510, Bestuursrecht, Belastingrecht
1098, ECLI:NL:RVS:2014:4668, Bestuursrecht, 
1099, ECLI:NL:CRVB:2019:2422, Bestuursrecht, Socialezekerheidsrecht
1100, ECLI:NL:RVS:2016:1953, Bestuursrecht, 
1101, ECLI:NL:RVS:2018:2400, Bestuursrecht, 
1102, ECLI:NL:RVS:2014:182, Bestuursrecht, 
1103, ECLI:NL:CBB:2023:550, Bestuursrecht, 
1104, ECLI:NL:RVS:2023:4066, Bestuursrecht, Vreemdelingenrecht
1105, ECLI:NL:RVS:2008:BG8294, Bestuursrecht, 
1106, ECLI:NL:RBNNE:2019:3437, Civiel recht, Personen- en familierecht
1107, ECLI:NL:RVS:2016:3167, Bestuursrecht, 
1108, ECLI:NL:HR:2014:636, Bestuursrecht, Belastingrecht
1109, ECLI:NL:RVS:2013:BZ0722, Bestuursrecht, 
1110, ECLI:NL:CRVB:2018:3937, Bestuursrecht, Socialezekerheidsrecht
1111, ECLI:NL:GHDHA:2021:2131, Bestuursrecht, Belastingrecht
1112, ECLI:NL:RBOBR:2018:357, Bestuursrecht, Belastingrecht
1113, ECLI:NL:RVS:2019:719, Bestuursrecht, 
1114, ECLI:NL:RBNHO:2023:103, Civiel recht, Personen- en familierecht
1115, ECLI:NL:PHR:2020:316, Bestuursrecht, Belastingrecht
1116, ECLI:NL:CRVB:2016:3024, Bestuursrecht, Socialezekerheidsrecht
1117, ECLI:NL:RVS:2016:3084, Bestuursrecht, Vreemdelingenrecht
1118, ECLI:NL:GHDHA:2021:1193, Bestuursrecht, Belastingrecht
1119, ECLI:NL:GHARL:2020:1129, Civiel recht, 
1120, ECLI:NL:HR:2024:922, Civiel recht, Ondernemingsrecht
1121, ECLI:NL:RVS:2024:5412, Bestuursrecht, 
1122, ECLI:NL:GHARL:2018:7137, Civiel recht, 
1123, ECLI:NL:HR:2024:704, Bestuursrecht, Belastingrecht
1124, ECLI:NL:CRVB:2018:814, Bestuursrecht, Socialezekerheidsrecht
1125, ECLI:NL:HR:2023:1610, Civiel recht, 
1126, ECLI:NL:RVS:2020:2030, Bestuursrecht, 
1127, ECLI:NL:RVS:2012:BX9702, Bestuursrecht, 
1128, ECLI:NL:CRVB:2015:2789, Bestuursrecht, Socialezekerheidsrecht
1129, ECLI:NL:RVS:2014:3164, Bestuursrecht, Vreemdelingenrecht
1130, ECLI:NL:RVS:2013:923, Bestuursrecht, 
1131, ECLI:NL:HR:2017:294, Bestuursrecht, Belastingrecht
1132, ECLI:NL:RVS:2021:1563, Bestuursrecht, Vreemdelingenrecht
1133, ECLI:NL:HR:2010:BL1950, Bestuursrecht, Belastingrecht
1134, ECLI:NL:RVS:2023:1693, Bestuursrecht, Vreemdelingenrecht
1135, ECLI:NL:RVS:2021:1332, Bestuursrecht, 
1136, ECLI:NL:CRVB:2022:634, Bestuursrecht, Socialezekerheidsrecht
1137, ECLI:NL:PHR:2016:1218, Bestuursrecht, Belastingrecht
1138, ECLI:NL:RVS:2014:305, Bestuursrecht, 
1139, ECLI:NL:HR:2023:1107, Bestuursrecht, Belastingrecht
1140, ECLI:NL:RBMNE:2020:6015, Civiel recht, Arbeidsrecht
1141, ECLI:NL:RBOBR:2025:272, Bestuursrecht, Socialezekerheidsrecht
1142, ECLI:NL:HR:2021:1303, Bestuursrecht, Belastingrecht
1143, ECLI:NL:RVS:2017:209, Bestuursrecht, Vreemdelingenrecht
1144, ECLI:NL:RVS:2024:871, Bestuursrecht, 
1145, ECLI:NL:HR:2001:AB1558, Civiel recht, 
1146, ECLI:NL:RBAMS:2018:7062, Civiel recht, 
1147, ECLI:NL:RVS:2025:5218, Bestuursrecht, Vreemdelingenrecht
1148, ECLI:NL:HR:2020:561, Bestuursrecht, Belastingrecht
1149, ECLI:NL:RVS:2025:2337, Bestuursrecht, Vreemdelingenrecht
1150, ECLI:NL:RVS:2014:681, Bestuursrecht, 
1151, ECLI:NL:RVS:2020:1362, Bestuursrecht, 
1152, ECLI:NL:RBAMS:2024:782, Strafrecht, Europees strafrecht
1153, ECLI:NL:PHR:2022:638, Bestuursrecht, Belastingrecht
1154, ECLI:NL:HR:2009:BH2811, Civiel recht, 
1155, ECLI:NL:RVS:2023:1938, Bestuursrecht, Vreemdelingenrecht
1156, ECLI:NL:HR:2018:591, Bestuursrecht, Belastingrecht
1157, ECLI:NL:RVS:2015:2071, Bestuursrecht, 
1158, ECLI:NL:RVS:2024:1188, Bestuursrecht, Vreemdelingenrecht
1159, ECLI:NL:RVS:2019:2462, Bestuursrecht, 
1160, ECLI:NL:HR:2017:607, Bestuursrecht, Belastingrecht
1161, ECLI:NL:HR:2006:AY7463, Civiel recht, 
1162, ECLI:NL:OGHACMB:2015:33, Bestuursrecht, 
1163, ECLI:NL:RVS:2013:819, Bestuursrecht, 
1164, ECLI:NL:HR:2015:3173, Bestuursrecht, Belastingrecht
1165, ECLI:NL:RVS:2020:2068, Bestuursrecht, Vreemdelingenrecht
1166, ECLI:NL:RVS:2013:501, Bestuursrecht, Vreemdelingenrecht
1167, ECLI:NL:GHDHA:2020:2117, Civiel recht, Personen- en familierecht
1168, ECLI:NL:RVS:2025:5275, Bestuursrecht, Vreemdelingenrecht
1169, ECLI:NL:GHARL:2024:1, Bestuursrecht, Bestuursstrafrecht
1170, ECLI:NL:CRVB:2008:BD3213, Bestuursrecht, Socialezekerheidsrecht
1171, ECLI:NL:RVS:2009:BK5083, Bestuursrecht, 
1172, ECLI:NL:RVS:2023:4860, Bestuursrecht, Omgevingsrecht
1173, ECLI:NL:HR:1993:ZC1176, Civiel recht, 
1174, ECLI:NL:RVS:2003:AN7532, Bestuursrecht, Vreemdelingenrecht
1175, ECLI:NL:HR:2009:BH1083, Bestuursrecht, Belastingrecht
1176, ECLI:NL:HR:2016:1311, Civiel recht, 
1177, ECLI:NL:RVS:2021:878, Bestuursrecht, Vreemdelingenrecht
1178, ECLI:NL:HR:2010:BN8049, Bestuursrecht, Belastingrecht
1179, ECLI:NL:GHSHE:2022:3789, Bestuursrecht, Belastingrecht
1180, ECLI:NL:RBDHA:2015:1004, Bestuursrecht, Vreemdelingenrecht
1181, ECLI:NL:HR:2014:215, Civiel recht, 
1182, ECLI:NL:RVS:2018:2620, Bestuursrecht, 
1183, ECLI:NL:RVS:2020:1855, Bestuursrecht, Vreemdelingenrecht
1184, ECLI:NL:RBROT:2023:4376, Bestuursrecht, Bestuursstrafrecht
1185, ECLI:NL:RVS:2022:1020, Bestuursrecht, 
1186, ECLI:NL:RVS:2014:529, Bestuursrecht, 
1187, ECLI:NL:HR:1990:ZC4191, Bestuursrecht, Belastingrecht
1188, ECLI:NL:RVS:2017:354, Bestuursrecht, Omgevingsrecht
1189, ECLI:NL:RVS:2019:2912, Bestuursrecht, 
1190, ECLI:NL:RVS:2022:1916, Bestuursrecht, 
1191, ECLI:NL:RVS:2021:2564, Bestuursrecht, Vreemdelingenrecht
1192, ECLI:NL:RVS:2019:1390, Bestuursrecht, Vreemdelingenrecht
1193, ECLI:NL:RVS:2022:1918, Bestuursrecht, Vreemdelingenrecht
1194, ECLI:NL:RVS:2015:1515, Bestuursrecht, 
1195, ECLI:NL:RVS:2012:BX1866, Bestuursrecht, 
1196, ECLI:NL:HR:2021:1748, Bestuursrecht, Belastingrecht
1197, ECLI:NL:RBDHA:2024:10950, Bestuursrecht, Vreemdelingenrecht
1198, ECLI:NL:GHARL:2021:9802, Bestuursrecht, Belastingrecht
1199, ECLI:NL:HR:2013:BZ9228, Civiel recht, 
1200, ECLI:NL:RVS:2023:3209, Bestuursrecht, 
1201, ECLI:NL:RVS:2011:BQ1879, Bestuursrecht, 
1202, ECLI:NL:RVS:2021:374, Bestuursrecht, 
1203, ECLI:NL:GHAMS:2024:1370, Bestuursrecht, Belastingrecht
1204, ECLI:NL:RVS:2014:3736, Bestuursrecht, 
1205, ECLI:NL:RVS:2023:1417, Bestuursrecht, Vreemdelingenrecht
1206, ECLI:NL:HR:2015:3625, Civiel recht, 
1207, ECLI:NL:CRVB:2015:4398, Bestuursrecht, Ambtenarenrecht
1208, ECLI:NL:GHDHA:2024:1638, Bestuursrecht, Belastingrecht
1209, ECLI:NL:GHAMS:2019:3609, Civiel recht, 
1210, ECLI:NL:HR:2012:BY0567, Bestuursrecht, Belastingrecht
1211, ECLI:NL:RVS:2000:AA6723, Bestuursrecht, Omgevingsrecht
1212, ECLI:NL:RVS:2015:3415, Bestuursrecht, Vreemdelingenrecht
1213, ECLI:NL:RBAMS:2017:8565, Civiel recht, 
1214, ECLI:NL:RVS:2014:1292, Bestuursrecht, 
1215, ECLI:NL:RVS:2020:2375, Bestuursrecht, Omgevingsrecht
1216, ECLI:NL:HR:2023:1271, Bestuursrecht, Belastingrecht
1217, ECLI:NL:CRVB:2018:392, Bestuursrecht, Socialezekerheidsrecht
1218, ECLI:NL:HR:2006:AY9222, Civiel recht, 
1219, ECLI:NL:HR:2015:3467, Bestuursrecht, Belastingrecht
1220, ECLI:NL:RBDHA:2022:12914, Bestuursrecht, Vreemdelingenrecht
1221, ECLI:NL:RBDHA:2023:3370, Strafrecht, 
1222, ECLI:NL:GHARL:2023:6930, Bestuursrecht, Bestuursstrafrecht
1223, ECLI:NL:RVS:2019:109, Bestuursrecht, 
1224, ECLI:NL:RVS:2018:616, Bestuursrecht, 
1225, ECLI:NL:RVS:2021:1114, Bestuursrecht, 
1226, ECLI:NL:RVS:2021:926, Bestuursrecht, Vreemdelingenrecht
1227, ECLI:NL:RBDHA:2021:10735, Bestuursrecht, Vreemdelingenrecht
1228, ECLI:NL:HR:2015:1198, Civiel recht, 
1229, ECLI:NL:HR:2023:252, Bestuursrecht, Belastingrecht
1230, ECLI:NL:RBMNE:2021:3298, Civiel recht, Personen- en familierecht
1231, ECLI:NL:HR:2023:1603, Civiel recht, Arbeidsrecht
1232, ECLI:NL:RVS:2017:2377, Bestuursrecht, Vreemdelingenrecht
1233, ECLI:NL:RVS:2022:3302, Bestuursrecht, 
1234, ECLI:NL:GHDHA:2024:1660, Bestuursrecht, Belastingrecht
1235, ECLI:NL:RVS:2023:4775, Bestuursrecht, 
1236, ECLI:NL:RVS:2020:2067, Bestuursrecht, Vreemdelingenrecht
1237, ECLI:NL:HR:2023:97, Bestuursrecht, Belastingrecht
1238, ECLI:NL:HR:2008:BC1962, Bestuursrecht, Belastingrecht
1239, ECLI:NL:HR:2004:AN7324, Civiel recht, 
1240, ECLI:NL:HR:2011:BO9630, Civiel recht, 
1241, ECLI:NL:HR:2018:511, Bestuursrecht, Belastingrecht
1242, ECLI:NL:RVS:2018:1905, Bestuursrecht, Vreemdelingenrecht
1243, ECLI:NL:HR:2016:421, Bestuursrecht, Belastingrecht
1244, ECLI:NL:RVS:2016:1759, Bestuursrecht, Vreemdelingenrecht
1245, ECLI:NL:RVS:2022:3352, Bestuursrecht, Vreemdelingenrecht
1246, ECLI:NL:RVS:2014:3715, Bestuursrecht, 
1247, ECLI:NL:RBLIM:2023:6175, Bestuursrecht, 
1248, ECLI:NL:GHAMS:2021:3979, Civiel recht, 
1249, ECLI:NL:RBDHA:2025:3440, Bestuursrecht, Vreemdelingenrecht
1250, ECLI:NL:GHARN:2004:AO7447, Bestuursrecht, Belastingrecht
1251, ECLI:NL:RVS:2017:869, Bestuursrecht, Vreemdelingenrecht
1252, ECLI:NL:PHR:2024:562, Civiel recht, Insolventierecht
1253, ECLI:NL:RVS:2011:BT6673, Bestuursrecht, Vreemdelingenrecht
1254, ECLI:NL:RVS:2017:1725, Bestuursrecht, Vreemdelingenrecht
1255, ECLI:NL:HR:2015:3019, Civiel recht, 
1256, ECLI:NL:HR:2002:AD9609, Civiel recht, 
1257, ECLI:NL:CBB:2023:117, Bestuursrecht, 
1258, ECLI:NL:CRVB:2017:2408, Bestuursrecht, Socialezekerheidsrecht
1259, ECLI:NL:RBAMS:2020:6481, Civiel recht, 
1260, ECLI:NL:RVS:2017:793, Bestuursrecht, Vreemdelingenrecht
1261, ECLI:NL:HR:2018:650, Civiel recht, 
1262, ECLI:NL:HR:2013:1212, Bestuursrecht, Belastingrecht
1263, ECLI:NL:HR:2013:BZ3641, Civiel recht, 
1264, ECLI:NL:CRVB:1975:ZB0069, Bestuursrecht, Socialezekerheidsrecht
1265, ECLI:NL:HR:2020:700, Bestuursrecht, Belastingrecht
1266, ECLI:NL:CRVB:2020:1882, Bestuursrecht, Socialezekerheidsrecht
1267, ECLI:NL:HR:2013:BZ6799, Bestuursrecht, Belastingrecht
1268, ECLI:NL:RVS:2017:3405, Bestuursrecht, 
1269, ECLI:NL:RVS:2023:888, Bestuursrecht, Vreemdelingenrecht
1270, ECLI:NL:GHARL:2024:5851, Civiel recht, 
1271, ECLI:NL:GHLEE:2008:BG1794, Bestuursrecht, Bestuursstrafrecht
1272, ECLI:NL:RVS:2017:1057, Bestuursrecht, 
1273, ECLI:NL:HR:2023:1622, Civiel recht, 
1274, ECLI:NL:RVS:2013:BZ4970, Bestuursrecht, 
1275, ECLI:NL:HR:2014:3533, Civiel recht, Personen- en familierecht
1276, ECLI:NL:HR:2004:AO1213, Civiel recht, 
1277, ECLI:NL:RBNNE:2020:4152, Civiel recht, 
1278, ECLI:NL:HR:2016:2013, Civiel recht, 
1279, ECLI:NL:RVS:2008:BC3624, Bestuursrecht, 
1280, ECLI:NL:GHARL:2021:11384, Civiel recht, 
1281, ECLI:NL:CRVB:2013:BY9138, Bestuursrecht, Socialezekerheidsrecht
1282, ECLI:NL:HR:2008:BC5012, Civiel recht, 
1283, ECLI:NL:RVS:2019:4200, Bestuursrecht, Vreemdelingenrecht
1284, ECLI:NL:GHARL:2021:9033, Civiel recht, Arbeidsrecht
1285, ECLI:NL:HR:2012:BV6999, Strafrecht, 
1286, ECLI:NL:GHARL:2022:9934, Strafrecht, Strafprocesrecht
1287, ECLI:NL:HR:2004:AN8071, Civiel recht, 
1288, ECLI:NL:HR:2006:AZ0758, Civiel recht, 
1289, ECLI:NL:CRVB:2021:2482, Bestuursrecht, Socialezekerheidsrecht
1290, ECLI:NL:RVS:2019:148, Bestuursrecht, 
1291, ECLI:NL:RVS:2013:1348, Bestuursrecht, 
1292, ECLI:NL:GHARL:2019:3197, Strafrecht, Strafprocesrecht
1293, ECLI:NL:RVS:2015:2729, Bestuursrecht, Vreemdelingenrecht
1294, ECLI:NL:HR:2001:AB0801, Civiel recht, 
1295, ECLI:NL:HR:2024:290, Bestuursrecht, Belastingrecht
1296, ECLI:NL:XX:1976:AC0386, Bestuursrecht, Belastingrecht
1297, ECLI:NL:RBDHA:2024:13031, Bestuursrecht, Vreemdelingenrecht
1298, ECLI:NL:HR:2024:853, Bestuursrecht, Belastingrecht
1299, ECLI:NL:RVS:2020:2980, Bestuursrecht, Vreemdelingenrecht
1300, ECLI:NL:RVS:2021:866, Bestuursrecht, 
1301, ECLI:NL:HR:2008:BF2295, Civiel recht, Personen- en familierecht
1302, ECLI:NL:GHSHE:2008:BG9625, Bestuursrecht, Belastingrecht
1303, ECLI:NL:RVS:2017:1674, Bestuursrecht, Vreemdelingenrecht
1304, ECLI:NL:RBNHO:2025:667, Civiel recht, Insolventierecht
1305, ECLI:NL:HR:2020:334, Bestuursrecht, Belastingrecht
1306, ECLI:NL:RVS:2013:BZ9045, Bestuursrecht, 
1307, ECLI:NL:RVS:2017:393, Bestuursrecht, Omgevingsrecht
1308, ECLI:NL:HR:2013:1246, Civiel recht, 
1309, ECLI:NL:HR:1996:ZC2215, Civiel recht, 
1310, ECLI:NL:RVS:2013:112, Bestuursrecht, 
1311, ECLI:NL:HR:2012:BV0890, Civiel recht, Insolventierecht
1312, ECLI:NL:HR:2016:1129, Bestuursrecht, Belastingrecht
1313, ECLI:NL:HR:2021:1963, Bestuursrecht, Belastingrecht
1314, ECLI:NL:RVS:2019:4440, Bestuursrecht, 
1315, ECLI:NL:RVS:2023:1433, Bestuursrecht, Omgevingsrecht
1316, ECLI:NL:PHR:2016:1222, Bestuursrecht, Belastingrecht
1317, ECLI:NL:RVS:2023:4785, Bestuursrecht, Vreemdelingenrecht
1318, ECLI:NL:GHLEE:2012:BZ6620, Bestuursrecht, Bestuursstrafrecht
1319, ECLI:NL:HR:2021:527, Civiel recht, 
1320, ECLI:NL:RBAMS:2016:9893, Bestuursrecht, 
1321, ECLI:NL:CRVB:2019:669, Bestuursrecht, Socialezekerheidsrecht
1322, ECLI:NL:HR:2017:3084, Bestuursrecht, Belastingrecht
1323, ECLI:NL:OGEAA:2017:677, Bestuursrecht, Belastingrecht
1324, ECLI:NL:RVS:2015:2833, Bestuursrecht, 
1325, ECLI:NL:PHR:2018:468, Bestuursrecht, Belastingrecht
1326, ECLI:NL:RVS:2012:BW4359, Bestuursrecht, Vreemdelingenrecht
1327, ECLI:NL:HR:2003:AF6486, Bestuursrecht, Belastingrecht
1328, ECLI:NL:GHAMS:2024:355, Bestuursrecht, Belastingrecht
1329, ECLI:NL:RVS:2016:292, Bestuursrecht, 
1330, ECLI:NL:RVS:2016:353, Bestuursrecht, Vreemdelingenrecht
1331, ECLI:NL:CRVB:2018:530, Bestuursrecht, Socialezekerheidsrecht
1332, ECLI:NL:RBMNE:2023:1259, Bestuursrecht, Belastingrecht
1333, ECLI:NL:RVS:2014:4197, Bestuursrecht, Omgevingsrecht
1334, ECLI:NL:CRVB:2015:2446, Bestuursrecht, Ambtenarenrecht
1335, ECLI:NL:RVS:2020:1081, Bestuursrecht, Omgevingsrecht
1336, ECLI:NL:CBB:2022:433, Bestuursrecht, 
1337, ECLI:NL:RVS:2006:AZ1727, Bestuursrecht, 
1338, ECLI:NL:RVS:2020:953, Bestuursrecht, 
1339, ECLI:NL:RVS:2020:944, Bestuursrecht, 
1340, ECLI:NL:RBMNE:2023:2046, Bestuursrecht, Socialezekerheidsrecht
1341, ECLI:NL:RBAMS:2023:6335, Strafrecht, Europees strafrecht
1342, ECLI:NL:HR:2020:2099, Civiel recht, Burgerlijk procesrecht
1343, ECLI:NL:HR:2016:733, Strafrecht, 
1344, ECLI:NL:HR:2011:BP4012, Civiel recht, 
1345, ECLI:NL:GHSHE:2020:1254, Civiel recht, 
1346, ECLI:NL:RVS:2014:3126, Bestuursrecht, 
1347, ECLI:NL:HR:1996:ZC2025, Civiel recht, 
1348, ECLI:NL:HR:2014:714, Strafrecht, 
1349, ECLI:NL:RVS:2021:1395, Bestuursrecht, 
1350, ECLI:NL:RBMNE:2015:5075, Bestuursrecht, Belastingrecht
1351, ECLI:NL:HR:2017:934, Civiel recht, Personen- en familierecht
1352, ECLI:NL:TNORARL:2021:48, Civiel recht, Personen- en familierecht
1353, ECLI:NL:HR:2023:332, Bestuursrecht, Belastingrecht
1354, ECLI:NL:RVS:2016:2474, Bestuursrecht, Vreemdelingenrecht
1355, ECLI:NL:RVS:2020:1730, Bestuursrecht, Omgevingsrecht
1356, ECLI:NL:HR:2021:197, Strafrecht, 
1357, ECLI:NL:RVS:2022:808, Bestuursrecht, Vreemdelingenrecht
1358, ECLI:NL:HR:2009:BC3691, Bestuursrecht, Belastingrecht
1359, ECLI:NL:HR:2013:1361, Bestuursrecht, Belastingrecht
1360, ECLI:NL:GHAMS:2009:BK4978, Civiel recht, 
1361, ECLI:NL:RVS:2015:811, Bestuursrecht, 
1362, ECLI:NL:RVS:2014:4682, Bestuursrecht, 
1363, ECLI:NL:PHR:2022:100, Bestuursrecht, Belastingrecht
1364, ECLI:NL:CRVB:2016:820, Bestuursrecht, Socialezekerheidsrecht
1365, ECLI:NL:GHARL:2020:10518, Bestuursrecht, Belastingrecht
1366, ECLI:NL:RVS:2016:890, Bestuursrecht, Vreemdelingenrecht
1367, ECLI:NL:RVS:2020:21, Bestuursrecht, Vreemdelingenrecht
1368, ECLI:NL:HR:2018:672, Bestuursrecht, Belastingrecht
1369, ECLI:NL:CRVB:2006:AY8235, Bestuursrecht, Socialezekerheidsrecht
1370, ECLI:NL:RVS:2023:4355, Bestuursrecht, Vreemdelingenrecht
1371, ECLI:NL:HR:2022:45, Bestuursrecht, Belastingrecht
1372, ECLI:NL:RBOVE:2019:2727, Civiel recht, 
1373, ECLI:NL:PHR:2011:BO5996, Bestuursrecht, Belastingrecht
1374, ECLI:NL:RBNHO:2025:317, Bestuursrecht, Socialezekerheidsrecht
1375, ECLI:NL:RVS:2025:2865, Bestuursrecht, Vreemdelingenrecht
1376, ECLI:NL:RVS:2020:856, Bestuursrecht, 
1377, ECLI:NL:RVS:2004:AP0402, Bestuursrecht, Omgevingsrecht
1378, ECLI:NL:RVS:2016:737, Bestuursrecht, Omgevingsrecht
1379, ECLI:NL:HR:2005:AP1951, Bestuursrecht, Belastingrecht
1380, ECLI:NL:RVS:2014:1870, Bestuursrecht, 
1381, ECLI:NL:RBNHO:2021:4479, Civiel recht, Personen- en familierecht
1382, ECLI:NL:GHARL:2021:2349, Strafrecht, 
1383, ECLI:NL:OGHNAA:2008:BG3692, Bestuursrecht, 
1384, ECLI:NL:RVS:2012:BX6492, Bestuursrecht, 
1385, ECLI:NL:RVS:2019:3596, Bestuursrecht, 
1386, ECLI:NL:HR:2023:885, Civiel recht, 
1387, ECLI:NL:HR:2022:640, Bestuursrecht, Belastingrecht
1388, ECLI:NL:GHARL:2021:11114, Bestuursrecht, Belastingrecht
1389, ECLI:NL:HR:2021:168, Bestuursrecht, Belastingrecht
1390, ECLI:NL:GHARL:2022:10952, Civiel recht, 
1391, ECLI:NL:CBB:2024:191, Bestuursrecht, 
1392, ECLI:NL:CBB:2022:78, Bestuursrecht, 
1393, ECLI:NL:HR:1988:ZC3796, Bestuursrecht, Belastingrecht
1394, ECLI:NL:RVS:2023:719, Bestuursrecht, Vreemdelingenrecht
1395, ECLI:NL:GHARL:2020:3336, Bestuursrecht, Bestuursstrafrecht
1396, ECLI:NL:HR:2021:1170, Civiel recht, 
1397, ECLI:NL:RVS:2017:1601, Bestuursrecht, Vreemdelingenrecht
1398, ECLI:NL:GHSHE:2020:4113, Bestuursrecht, Belastingrecht
1399, ECLI:NL:RVS:2020:3034, Bestuursrecht, Vreemdelingenrecht
1400, ECLI:NL:CRVB:2018:4230, Bestuursrecht, Socialezekerheidsrecht
1401, ECLI:NL:HR:2019:1409, Civiel recht, 
1402, ECLI:NL:RVS:2018:1326, Bestuursrecht, Vreemdelingenrecht
1403, ECLI:NL:RBDHA:2025:2966, Bestuursrecht, Socialezekerheidsrecht
1404, ECLI:NL:RVS:2016:1917, Bestuursrecht, Omgevingsrecht
1405, ECLI:NL:HR:1998:ZC2588, Civiel recht, 
1406, ECLI:NL:CRVB:2021:94, Bestuursrecht, Socialezekerheidsrecht
1407, ECLI:NL:RVS:2019:4101, Bestuursrecht, 
1408, ECLI:NL:HR:2023:1052, Bestuursrecht, Belastingrecht
1409, ECLI:NL:RVS:2014:4335, Bestuursrecht, 
1410, ECLI:NL:RVS:2022:2221, Bestuursrecht, 
1411, ECLI:NL:HR:2014:2627, Civiel recht, 
1412, ECLI:NL:PHR:2017:977, Bestuursrecht, Belastingrecht
1413, ECLI:NL:HR:2024:1079, Civiel recht, Personen- en familierecht
1414, ECLI:NL:HR:1997:AA2165, Bestuursrecht, Belastingrecht
1415, ECLI:NL:RVS:2017:3156, Bestuursrecht, 
1416, ECLI:NL:RVS:2018:638, Bestuursrecht, 
1417, ECLI:NL:GHSHE:2021:3409, Civiel recht, Verbintenissenrecht
1418, ECLI:NL:RBDHA:2023:3590, Bestuursrecht, Vreemdelingenrecht
1419, ECLI:NL:HR:2004:AR1739, Civiel recht, 
1420, ECLI:NL:RBLIM:2020:2753, Civiel recht, 
1421, ECLI:NL:GHARL:2022:9414, Civiel recht, Arbeidsrecht
1422, ECLI:NL:GHARL:2021:6004, Bestuursrecht, Belastingrecht
1423, ECLI:NL:PHR:2016:1374, Bestuursrecht, Belastingrecht
1424, ECLI:NL:HR:2000:AA5967, Civiel recht, 
1425, ECLI:NL:RVS:2021:207, Bestuursrecht, 
1426, ECLI:NL:HR:2020:318, Bestuursrecht, Belastingrecht
1427, ECLI:NL:CRVB:2020:38, Bestuursrecht, Socialezekerheidsrecht
1428, ECLI:NL:HR:2020:866, Bestuursrecht, Belastingrecht
1429, ECLI:NL:RVS:2013:2116, Bestuursrecht, Vreemdelingenrecht
1430, ECLI:NL:HR:2015:1332, Strafrecht, 
1431, ECLI:NL:CRVB:2017:1474, Bestuursrecht, Socialezekerheidsrecht
1432, ECLI:NL:HR:2017:965, Bestuursrecht, Belastingrecht
1433, ECLI:NL:RBDHA:2025:1161, Bestuursrecht, 
1434, ECLI:NL:CRVB:2022:133, Bestuursrecht, Socialezekerheidsrecht
1435, ECLI:NL:HR:2009:BH2822, Civiel recht, Ondernemingsrecht
1436, ECLI:NL:RBGEL:2024:6647, Bestuursrecht, Bestuursprocesrecht
1437, ECLI:NL:GHARL:2024:3566, Civiel recht, Personen- en familierecht
1438, ECLI:NL:CBB:2020:994, Bestuursrecht, 
1439, ECLI:NL:RBDHA:2024:11040, Bestuursrecht, Vreemdelingenrecht
1440, ECLI:NL:RVS:2011:BP9284, Bestuursrecht, Vreemdelingenrecht
1441, ECLI:NL:HR:2019:1315, Bestuursrecht, Belastingrecht
1442, ECLI:NL:GHSHE:2023:945, Bestuursrecht, Belastingrecht
1443, ECLI:NL:CRVB:2017:102, Bestuursrecht, Ambtenarenrecht
1444, ECLI:NL:GHDHA:2017:1186, Bestuursrecht, Belastingrecht
1445, ECLI:NL:PHR:2017:1397, Bestuursrecht, Belastingrecht
1446, ECLI:NL:RBAMS:2024:6162, Strafrecht, Europees strafrecht
1447, ECLI:NL:RBNNE:2023:4216, Bestuursrecht, 
1448, ECLI:NL:RBGEL:2019:1936, Civiel recht, 
1449, ECLI:NL:RVS:2016:1261, Bestuursrecht, Vreemdelingenrecht
1450, ECLI:NL:RVS:2018:174, Bestuursrecht, Vreemdelingenrecht
1451, ECLI:NL:RBNNE:2024:2577, Civiel recht, Insolventierecht
1452, ECLI:NL:HR:2013:BY8357, Strafrecht, 
1453, ECLI:NL:CBB:2021:706, Bestuursrecht, 
1454, ECLI:NL:HR:2024:391, Bestuursrecht, Belastingrecht
1455, ECLI:NL:HR:2015:1284, Civiel recht, 
1456, ECLI:NL:RVS:2022:1040, Bestuursrecht, Vreemdelingenrecht
1457, ECLI:NL:RVS:2024:5000, Bestuursrecht, 
1458, ECLI:NL:GHARL:2020:6696, Civiel recht, Personen- en familierecht
1459, ECLI:NL:RVS:2020:2420, Bestuursrecht, 
1460, ECLI:NL:CRVB:2020:3229, Bestuursrecht, Socialezekerheidsrecht
1461, ECLI:NL:RVS:2012:BX3316, Bestuursrecht, 
1462, ECLI:NL:GHARL:2021:936, Bestuursrecht, Belastingrecht
1463, ECLI:NL:CRVB:1998:AA3445, Bestuursrecht, Socialezekerheidsrecht
1464, ECLI:NL:RBDHA:2021:8133, Civiel recht, Personen- en familierecht
1465, ECLI:NL:HR:2014:1335, Civiel recht, 
1466, ECLI:NL:RVS:2018:1803, Bestuursrecht, Vreemdelingenrecht
1467, ECLI:NL:RVS:2012:BX7107, Bestuursrecht, 
1468, ECLI:NL:HR:2024:756, Bestuursrecht, Belastingrecht
1469, ECLI:NL:HR:2011:BR0664, Bestuursrecht, Belastingrecht
1470, ECLI:NL:CRVB:2023:951, Bestuursrecht, Socialezekerheidsrecht
1471, ECLI:NL:HR:2006:AV0401, Bestuursrecht, Belastingrecht
1472, ECLI:NL:RVS:2015:2226, Bestuursrecht, 
1473, ECLI:NL:ORBBACM:2014:29, Bestuursrecht, 
1474, ECLI:NL:RVS:2021:171, Bestuursrecht, Omgevingsrecht
1475, ECLI:NL:RVS:2022:1198, Bestuursrecht, 
1476, ECLI:NL:RVS:2025:157, Bestuursrecht, Vreemdelingenrecht
1477, ECLI:NL:GHDHA:2020:2809, Bestuursrecht, Belastingrecht
1478, ECLI:NL:HR:1998:ZC2551, Civiel recht, 
1479, ECLI:NL:CRVB:2010:BN5961, Bestuursrecht, Socialezekerheidsrecht
1480, ECLI:NL:CRVB:2019:1101, Bestuursrecht, Socialezekerheidsrecht
1481, ECLI:NL:RVS:2010:BP0428, Bestuursrecht, Vreemdelingenrecht
1482, ECLI:NL:CRVB:2019:4331, Bestuursrecht, Socialezekerheidsrecht
1483, ECLI:NL:RVS:2018:1841, Bestuursrecht, Omgevingsrecht
1484, ECLI:NL:HR:1991:ZC0228, Civiel recht, 
1485, ECLI:NL:HR:2019:623, Bestuursrecht, Belastingrecht
1486, ECLI:NL:RVS:2016:1329, Bestuursrecht, 
1487, ECLI:NL:HR:2021:1360, Civiel recht, 
1488, ECLI:NL:RVS:2018:2815, Bestuursrecht, Vreemdelingenrecht
1489, ECLI:NL:RVS:2020:1157, Bestuursrecht, 
1490, ECLI:NL:RVS:2024:1411, Bestuursrecht, 
1491, ECLI:NL:GHARL:2016:8749, Strafrecht, 
1492, ECLI:NL:RVS:2013:811, Bestuursrecht, 
1493, ECLI:NL:RVS:2022:550, Bestuursrecht, 
1494, ECLI:NL:CRVB:2009:BH1009, Bestuursrecht, Socialezekerheidsrecht
1495, ECLI:NL:RVS:2016:1351, Bestuursrecht, 
1496, ECLI:NL:HR:1982:AG4503, Civiel recht, 
1497, ECLI:NL:RBAMS:2021:4336, Strafrecht, Europees strafrecht
1498, ECLI:NL:RVS:2019:921, Bestuursrecht, 
1499, ECLI:NL:RVS:2011:BT7418, Bestuursrecht, 
1500, ECLI:NL:RVS:2021:1422, Bestuursrecht, 
1501, ECLI:NL:GHAMS:2021:3640, Bestuursrecht, Belastingrecht
1502, ECLI:NL:HR:1993:ZC0839, Civiel recht, 
1503, ECLI:NL:HR:2001:AD4849, Bestuursrecht, Belastingrecht
1504, ECLI:NL:RVS:2016:816, Bestuursrecht, Vreemdelingenrecht
1505, ECLI:NL:CRVB:2009:BJ0929, Bestuursrecht, Socialezekerheidsrecht
1506, ECLI:NL:RVS:2013:BZ2265, Bestuursrecht, 
1507, ECLI:NL:RVS:2021:1062, Bestuursrecht, 
1508, ECLI:NL:HR:2024:571, Bestuursrecht, Belastingrecht
1509, ECLI:NL:RVS:2019:896, Bestuursrecht, 
1510, ECLI:NL:HR:2012:BY5384, Civiel recht, 
1511, ECLI:NL:HR:2005:AR6164, Civiel recht, 
1512, ECLI:NL:RVS:2022:1628, Bestuursrecht, 
1513, ECLI:NL:HR:2018:1319, Bestuursrecht, Belastingrecht
1514, ECLI:NL:RVS:2014:3441, Bestuursrecht, 
1515, ECLI:NL:HR:2013:20, Bestuursrecht, Belastingrecht
1516, ECLI:NL:RVS:2024:2265, Bestuursrecht, Vreemdelingenrecht
1517, ECLI:NL:RVS:2015:410, Bestuursrecht, Vreemdelingenrecht
1518, ECLI:NL:HR:2021:1778, Civiel recht, 
1519, ECLI:NL:RVS:2015:2414, Bestuursrecht, 
1520, ECLI:NL:HR:2011:BO5046, Bestuursrecht, Belastingrecht
1521, ECLI:NL:HR:2015:740, Bestuursrecht, Belastingrecht
1522, ECLI:NL:HR:2012:BX0146, Strafrecht, 
1523, ECLI:NL:HR:2018:1790, Bestuursrecht, Belastingrecht
1524, ECLI:NL:PHR:2023:485, Bestuursrecht, Belastingrecht
1525, ECLI:NL:HR:1983:AB7540, Strafrecht, 
1526, ECLI:NL:HR:2020:1728, Bestuursrecht, Belastingrecht
1527, ECLI:NL:GHSHE:2012:BX9463, Bestuursrecht, Europees bestuursrecht
1528, ECLI:NL:PHR:2017:373, Bestuursrecht, Belastingrecht
1529, ECLI:NL:RVS:2019:2625, Bestuursrecht, 
1530, ECLI:NL:RVS:2012:BX5966, Bestuursrecht, 
1531, ECLI:NL:RVS:2019:4305, Bestuursrecht, 
1532, ECLI:NL:RVS:2024:719, Bestuursrecht, 
1533, ECLI:NL:HR:2025:46, Bestuursrecht, Belastingrecht
1534, ECLI:NL:HR:2019:1020, Bestuursrecht, Belastingrecht
1535, ECLI:NL:RBZWB:2023:8022, Bestuursrecht, 
1536, ECLI:NL:RVS:2017:644, Bestuursrecht, Vreemdelingenrecht
1537, ECLI:NL:RBAMS:2024:5399, Strafrecht, Europees strafrecht
1538, ECLI:NL:CRVB:2023:949, Bestuursrecht, Socialezekerheidsrecht
1539, ECLI:NL:CBB:2023:471, Bestuursrecht, 
1540, ECLI:NL:RVS:2018:729, Bestuursrecht, Vreemdelingenrecht
1541, ECLI:NL:RBAMS:2021:5052, Strafrecht, Europees strafrecht
1542, ECLI:NL:RVS:2025:2866, Bestuursrecht, Vreemdelingenrecht
1543, ECLI:NL:HR:2019:1579, Bestuursrecht, Belastingrecht
1544, ECLI:NL:RVS:2024:881, Bestuursrecht, Vreemdelingenrecht
1545, ECLI:NL:RVS:2021:1112, Bestuursrecht, 
1546, ECLI:NL:HR:2013:64, Bestuursrecht, Belastingrecht
1547, ECLI:NL:GHSHE:2024:2425, Civiel recht, 
1548, ECLI:NL:RVS:2015:2345, Bestuursrecht, Vreemdelingenrecht
1549, ECLI:NL:RBAMS:2025:553, Strafrecht, Europees strafrecht
1550, ECLI:NL:RBROT:2017:4362, Bestuursrecht, 
1551, ECLI:NL:HR:2004:AO7817, Civiel recht, 
1552, ECLI:NL:RBDHA:2021:13948, Civiel recht, Personen- en familierecht
1553, ECLI:NL:CRVB:2023:1380, Bestuursrecht, Socialezekerheidsrecht
1554, ECLI:NL:RVS:2016:2566, Bestuursrecht, 
1555, ECLI:NL:RVS:2022:1973, Bestuursrecht, 
1556, ECLI:NL:GHSHE:2016:4603, Bestuursrecht, Belastingrecht
1557, ECLI:NL:RVS:2025:734, Bestuursrecht, Vreemdelingenrecht
1558, ECLI:NL:CRvB:2012:BX5807, Bestuursrecht, Socialezekerheidsrecht
1559, ECLI:NL:HR:1978:AC6391, Civiel recht, 
1560, ECLI:NL:CRVB:2010:BN3885, Bestuursrecht, Socialezekerheidsrecht
1561, ECLI:NL:PHR:1999:AA3876, Civiel recht, 
1562, ECLI:NL:HR:2005:AT4094, Strafrecht, 
1563, ECLI:NL:CRVB:2023:1471, Bestuursrecht, Socialezekerheidsrecht
1564, ECLI:NL:GHARL:2021:5869, Bestuursrecht, Belastingrecht
1565, ECLI:NL:HR:2017:291, Bestuursrecht, Belastingrecht
1566, ECLI:NL:CRVB:2024:380, Bestuursrecht, Ambtenarenrecht
1567, ECLI:NL:HR:2006:AU7741, Bestuursrecht, Belastingrecht
1568, ECLI:NL:RVS:2017:2928, Bestuursrecht, 
1569, ECLI:NL:RVS:2012:BW9562, Bestuursrecht, 
1570, ECLI:NL:RBAMS:2021:420, Strafrecht, Europees strafrecht
1571, ECLI:NL:CBB:2021:158, Bestuursrecht, 
1572, ECLI:NL:RVS:2018:95, Bestuursrecht, Omgevingsrecht
1573, ECLI:NL:HR:2018:1695, Bestuursrecht, Belastingrecht
1574, ECLI:NL:RVS:2019:1694, Bestuursrecht, 
1575, ECLI:NL:RBROT:2023:2990, Bestuursrecht, Socialezekerheidsrecht
1576, ECLI:NL:RVS:2009:BI7619, Bestuursrecht, Vreemdelingenrecht
1577, ECLI:NL:RVS:2021:1238, Bestuursrecht, 
1578, ECLI:NL:PHR:2022:699, Bestuursrecht, Belastingrecht
1579, ECLI:NL:CRVB:2021:61, Bestuursrecht, Socialezekerheidsrecht
1580, ECLI:NL:RVS:2023:4845, Bestuursrecht, 
1581, ECLI:NL:RVS:2023:772, Bestuursrecht, 
1582, ECLI:NL:RVS:2015:65, Bestuursrecht, Omgevingsrecht
1583, ECLI:NL:RVS:2021:1665, Bestuursrecht, 
1584, ECLI:NL:RVS:2023:3411, Bestuursrecht, Vreemdelingenrecht
1585, ECLI:NL:RVS:2017:2483, Bestuursrecht, Vreemdelingenrecht
1586, ECLI:NL:HR:2012:BW1519, Civiel recht, 
1587, ECLI:NL:RVS:2018:2062, Bestuursrecht, 
1588, ECLI:NL:RVS:2025:5156, Bestuursrecht, Vreemdelingenrecht
1589, ECLI:NL:RBDHA:2025:6038, Bestuursrecht, Vreemdelingenrecht
1590, ECLI:NL:RVS:2022:285, Bestuursrecht, 
1591, ECLI:NL:HR:2006:AW2326, Bestuursrecht, Belastingrecht
1592, ECLI:NL:HR:2010:BJ8465, Bestuursrecht, Belastingrecht
1593, ECLI:NL:PHR:2024:916, Bestuursrecht, Belastingrecht
1594, ECLI:NL:RVS:2014:4690, Bestuursrecht, 
1595, ECLI:NL:HR:2023:1526, Bestuursrecht, Belastingrecht
1596, ECLI:NL:RVS:2012:3474, Bestuursrecht, Belastingrecht
1597, ECLI:NL:HR:2000:AA5261, Civiel recht, 
1598, ECLI:NL:XX:2005:BF8528, Civiel recht, 
1599, ECLI:NL:RBLIM:2023:7356, Bestuursrecht, 
1600, ECLI:NL:CRVB:2014:1488, Bestuursrecht, 
1601, ECLI:NL:HR:2015:2796, Bestuursrecht, Belastingrecht
1602, ECLI:NL:HR:2016:121, Bestuursrecht, Belastingrecht
1603, ECLI:NL:RBDHA:2022:2305, Bestuursrecht, Vreemdelingenrecht
1604, ECLI:NL:RBDHA:2023:4223, Bestuursrecht, Vreemdelingenrecht
1605, ECLI:NL:HR:2016:315, Bestuursrecht, Belastingrecht
1606, ECLI:NL:HR:2020:1746, Civiel recht, 
1607, ECLI:NL:RBOVE:2024:4752, Bestuursrecht, 
1608, ECLI:NL:HR:2018:488, Civiel recht, Personen- en familierecht
1609, ECLI:NL:RVS:2021:2114, Bestuursrecht, 
1610, ECLI:NL:RBAMS:2020:2938, Strafrecht, 
1611, ECLI:NL:GHSHE:2021:1341, Civiel recht, 
1612, ECLI:NL:CRVB:2014:398, Bestuursrecht, Socialezekerheidsrecht
1613, ECLI:NL:HR:1993:ZC0950, Civiel recht, 
1614, ECLI:NL:RVS:2021:2277, Bestuursrecht, 
1615, ECLI:NL:GHARL:2024:6663, Civiel recht, 
1616, ECLI:NL:HR:2022:1837, Civiel recht, 
1617, ECLI:NL:HR:2011:BQ8092, Civiel recht, Insolventierecht
1618, ECLI:NL:RVS:2025:1118, Bestuursrecht, Vreemdelingenrecht
1619, ECLI:NL:PHR:2024:133, Bestuursrecht, Belastingrecht
1620, ECLI:NL:GHDHA:2021:2568, Bestuursrecht, Belastingrecht
1621, ECLI:NL:CBB:2024:32, Bestuursrecht, 
1622, ECLI:NL:HR:2016:1203, Bestuursrecht, Belastingrecht
1623, ECLI:NL:GHSHE:2019:2176, Bestuursrecht, Belastingrecht
1624, ECLI:NL:CRVB:2012:BV9303, Bestuursrecht, Socialezekerheidsrecht
1625, ECLI:NL:HR:2022:1277, Bestuursrecht, Belastingrecht
1626, ECLI:NL:HR:2016:666, Civiel recht, 
1627, ECLI:NL:HR:2016:2083, Bestuursrecht, Belastingrecht
1628, ECLI:NL:RBAMS:2024:6164, Strafrecht, Europees strafrecht
1629, ECLI:NL:RVS:2021:325, Bestuursrecht, 
1630, ECLI:NL:HR:2013:BZ3643, Civiel recht, 
1631, ECLI:NL:GHARL:2022:7510, Bestuursrecht, Belastingrecht
1632, ECLI:NL:HR:2017:275, Civiel recht, 
1633, ECLI:NL:PHR:2020:438, Bestuursrecht, Belastingrecht
1634, ECLI:NL:RVS:2014:4598, Bestuursrecht, 
1635, ECLI:NL:RBOBR:2021:6389, Bestuursrecht, Omgevingsrecht
1636, ECLI:NL:HR:2015:3241, Civiel recht, 
1637, ECLI:NL:HR:2003:AF4606, Civiel recht, 
1638, ECLI:NL:CRVB:2021:1888, Bestuursrecht, Socialezekerheidsrecht
1639, ECLI:NL:HR:2016:1293, Civiel recht, 
1640, ECLI:NL:RVS:2024:4088, Bestuursrecht, Omgevingsrecht
1641, ECLI:NL:GHARL:2018:6402, Bestuursrecht, Bestuursstrafrecht
1642, ECLI:NL:RVS:2013:1259, Bestuursrecht, Omgevingsrecht
1643, ECLI:NL:RVS:2016:1049, Bestuursrecht, 
1644, ECLI:NL:HR:2018:678, Civiel recht, 
1645, ECLI:NL:GHARL:2016:4501, Civiel recht, Personen- en familierecht
1646, ECLI:NL:RVS:2025:5248, Bestuursrecht, Vreemdelingenrecht
1647, ECLI:NL:RVS:2023:4199, Bestuursrecht, Vreemdelingenrecht
1648, ECLI:NL:RVS:2018:961, Bestuursrecht, 
1649, ECLI:NL:RVS:2018:2092, Bestuursrecht, Vreemdelingenrecht
1650, ECLI:NL:RVS:2014:3559, Bestuursrecht, 
1651, ECLI:NL:HR:2013:BY4600, Civiel recht, 
1652, ECLI:NL:RVS:2025:5131, Bestuursrecht, Vreemdelingenrecht
1653, ECLI:NL:RVS:2018:2093, Bestuursrecht, Vreemdelingenrecht
1654, ECLI:NL:PHR:2017:81, Bestuursrecht, Belastingrecht
1655, ECLI:NL:RVS:2019:2447, Bestuursrecht, 
1656, ECLI:NL:RVS:2014:3485, Bestuursrecht, 
1657, ECLI:NL:GHAMS:2022:3540, Civiel recht, 
1658, ECLI:NL:RVS:2020:1160, Bestuursrecht, 
1659, ECLI:NL:HR:1978:AX3264, Bestuursrecht, Belastingrecht
1660, ECLI:NL:CRVB:2022:2461, Bestuursrecht, Socialezekerheidsrecht
1661, ECLI:NL:GHDHA:2023:2043, Bestuursrecht, Belastingrecht
1662, ECLI:NL:GHARL:2023:7561, Bestuursrecht, Bestuursstrafrecht
1663, ECLI:NL:HR:1992:ZC0673, Civiel recht, 
1664, ECLI:NL:HR:2020:63, Bestuursrecht, Belastingrecht
1665, ECLI:NL:HR:2016:2667, Bestuursrecht, Belastingrecht
1666, ECLI:NL:CRVB:2016:2689, Bestuursrecht, Socialezekerheidsrecht
1667, ECLI:NL:HR:2017:290, Bestuursrecht, Belastingrecht
1668, ECLI:NL:HR:1996:AC0478, Bestuursrecht, Belastingrecht
1669, ECLI:NL:CRVB:2022:1493, Bestuursrecht, Socialezekerheidsrecht
1670, ECLI:NL:HR:2006:AU7935, Civiel recht, 
1671, ECLI:NL:HR:2014:1489, Civiel recht, 
1672, ECLI:NL:RVS:2013:BZ9072, Bestuursrecht, 
1673, ECLI:NL:HR:1988:AC3785, Civiel recht, 
1674, ECLI:NL:RVS:2024:2642, Bestuursrecht, Vreemdelingenrecht
1675, ECLI:NL:RBZWB:2024:7813, Bestuursrecht, Bestuursprocesrecht
1676, ECLI:NL:RVS:2018:4158, Bestuursrecht, 
1677, ECLI:NL:HR:2011:BO5087, Bestuursrecht, Belastingrecht
1678, ECLI:NL:CRVB:2012:BX1005, Bestuursrecht, Socialezekerheidsrecht
1679, ECLI:NL:RVS:2025:552, Bestuursrecht, 
1680, ECLI:NL:RVS:2024:951, Bestuursrecht, 
1681, ECLI:NL:CRVB:2016:1896, Bestuursrecht, Socialezekerheidsrecht
1682, ECLI:NL:RBDHA:2025:10278, Bestuursrecht, Vreemdelingenrecht
1683, ECLI:NL:HR:2017:164, Civiel recht, 
1684, ECLI:NL:HR:1990:AD7494, Civiel recht, 
1685, ECLI:NL:HR:2024:515, Bestuursrecht, Belastingrecht
1686, ECLI:NL:RVS:2016:1783, Bestuursrecht, Vreemdelingenrecht
1687, ECLI:NL:RVS:2010:BL3354, Bestuursrecht, 
1688, ECLI:NL:GHDHA:2020:2116, Civiel recht, Personen- en familierecht
1689, ECLI:NL:RBMNE:2021:4549, Civiel recht, Personen- en familierecht
1690, ECLI:NL:HR:2014:716, Strafrecht, 
1691, ECLI:NL:GHSHE:2022:4081, Civiel recht, Verbintenissenrecht
1692, ECLI:NL:PHR:2024:1141, Bestuursrecht, Belastingrecht
1693, ECLI:NL:CRVB:2020:559, Bestuursrecht, Socialezekerheidsrecht
1694, ECLI:NL:RVS:2016:2502, Bestuursrecht, 
1695, ECLI:NL:RVS:2016:2582, Bestuursrecht, 
1696, ECLI:NL:GHARL:2022:2330, Bestuursrecht, Bestuursstrafrecht
1697, ECLI:NL:HR:2020:331, Bestuursrecht, Belastingrecht
1698, ECLI:NL:HR:2016:724, Civiel recht, Personen- en familierecht
1699, ECLI:NL:HR:2022:1917, Bestuursrecht, Belastingrecht
1700, ECLI:NL:RVS:2023:713, Bestuursrecht, 
1701, ECLI:NL:HR:2009:BH2952, Civiel recht, 
1702, ECLI:NL:HR:2015:2914, Civiel recht, 
1703, ECLI:NL:CRVB:2021:1116, Bestuursrecht, Socialezekerheidsrecht
1704, ECLI:NL:RVS:2024:1253, Bestuursrecht, Vreemdelingenrecht
1705, ECLI:NL:HR:1999:AA2720, Bestuursrecht, Belastingrecht
1706, ECLI:NL:RVS:2014:4736, Bestuursrecht, 
1707, ECLI:NL:HR:1990:AB9374, Civiel recht, 
1708, ECLI:NL:RVS:2014:2562, Bestuursrecht, 
1709, ECLI:NL:HR:2015:688, Civiel recht, Personen- en familierecht
1710, ECLI:NL:GHARL:2017:4021, Bestuursrecht, Bestuursstrafrecht
1711, ECLI:NL:RVS:2014:521, Bestuursrecht, 
1712, ECLI:NL:HR:2018:1810, Civiel recht, 
1713, ECLI:NL:RVS:2023:718, Bestuursrecht, 
1714, ECLI:NL:RVS:2018:3020, Bestuursrecht, 
1715, ECLI:NL:HR:2016:2495, Bestuursrecht, Belastingrecht
1716, ECLI:NL:GHAMS:2014:1533, Civiel recht, 
1717, ECLI:NL:CRVB:2022:2207, Bestuursrecht, Socialezekerheidsrecht
1718, ECLI:NL:RVS:2014:4672, Bestuursrecht, 
1719, ECLI:NL:RBMNE:2023:6191, Bestuursrecht, Belastingrecht
1720, ECLI:NL:RBAMS:2020:1896, Strafrecht, Europees strafrecht
1721, ECLI:NL:OGEAC:2018:57, Bestuursrecht, Belastingrecht
1722, ECLI:NL:RVS:2020:1128, Bestuursrecht, 
1723, ECLI:NL:RVS:2018:3735, Bestuursrecht, Vreemdelingenrecht
1724, ECLI:NL:HR:2014:3618, Strafrecht, 
1725, ECLI:NL:GHDHA:2022:2429, Civiel recht, 
1726, ECLI:NL:CRVB:2014:2785, Bestuursrecht, Ambtenarenrecht
1727, ECLI:NL:HR:2020:317, Bestuursrecht, Belastingrecht
1728, ECLI:NL:CRVB:2018:2399, Bestuursrecht, Socialezekerheidsrecht
1729, ECLI:NL:HR:2017:341, Bestuursrecht, Belastingrecht
1730, ECLI:NL:GHARL:2023:6369, Bestuursrecht, Bestuursstrafrecht
1731, ECLI:NL:RBDHA:2025:8393, Bestuursrecht, 
1732, ECLI:NL:RVS:2025:5149, Bestuursrecht, Vreemdelingenrecht
1733, ECLI:NL:HR:2003:AI0924, Bestuursrecht, Belastingrecht
1734, ECLI:NL:GHARL:2024:3339, Bestuursrecht, Bestuursstrafrecht
1735, ECLI:NL:RBDHA:2023:21288, Bestuursrecht, Vreemdelingenrecht
1736, ECLI:NL:TACAKN:2012:YH0319, Bestuursrecht, Vreemdelingenrecht
1737, ECLI:NL:CRVB:2019:345, Bestuursrecht, Socialezekerheidsrecht
1738, ECLI:NL:CRVB:2023:2086, Bestuursrecht, Socialezekerheidsrecht
1739, ECLI:NL:RVS:2019:2536, Bestuursrecht, 
1740, ECLI:NL:HR:2018:1985, Civiel recht, 
1741, ECLI:NL:RVS:2015:1330, Bestuursrecht, 
1742, ECLI:NL:GHARL:2019:10565, Civiel recht, 
1743, ECLI:NL:GHARL:2024:6662, Civiel recht, 
1744, ECLI:NL:CRVB:2017:1476, Bestuursrecht, Socialezekerheidsrecht
1745, ECLI:NL:PHR:2019:791, Bestuursrecht, Belastingrecht
1746, ECLI:NL:RVS:2014:99, Bestuursrecht, 
1747, ECLI:NL:HR:2023:443, Civiel recht, 
1748, ECLI:NL:PHR:2009:BJ7928, Bestuursrecht, Belastingrecht
1749, ECLI:NL:HR:1999:ZC2810, Civiel recht, 
1750, ECLI:NL:RBMNE:2023:2574, Bestuursrecht, Belastingrecht
1751, ECLI:NL:HR:2024:775, Bestuursrecht, Belastingrecht
1752, ECLI:NL:RVS:2024:1602, Bestuursrecht, Omgevingsrecht
1753, ECLI:NL:HR:2018:1311, Bestuursrecht, Belastingrecht
1754, ECLI:NL:HR:2018:463, Civiel recht, Personen- en familierecht
1755, ECLI:NL:HR:2014:2838, Civiel recht, 
1756, ECLI:NL:RVS:2025:789, Bestuursrecht, Vreemdelingenrecht
1757, ECLI:NL:ORBBACM:2015:13, Bestuursrecht, Belastingrecht
1758, ECLI:NL:RVS:2024:4923, Bestuursrecht, 
1759, ECLI:NL:HR:2009:BH0070, Civiel recht, 
1760, ECLI:NL:PHR:2023:711, Bestuursrecht, Belastingrecht
1761, ECLI:NL:GHDHA:2021:580, Civiel recht, 
1762, ECLI:NL:HR:2023:637, Strafrecht, 
1763, ECLI:NL:RVS:2022:835, Bestuursrecht, 
1764, ECLI:NL:HR:2000:AA5863, Civiel recht, 
1765, ECLI:NL:RVS:2012:BY2475, Bestuursrecht, 
1766, ECLI:NL:RVS:2024:1301, Bestuursrecht, 
1767, ECLI:NL:RVS:2007:BA1703, Bestuursrecht, Omgevingsrecht
1768, ECLI:NL:RVS:2018:4039, Bestuursrecht, 
1769, ECLI:NL:RVS:2023:1446, Bestuursrecht, Omgevingsrecht
1770, ECLI:NL:HR:1985:AG4960, Civiel recht, 
1771, ECLI:NL:RVS:2023:1017, Bestuursrecht, 
1772, ECLI:NL:GHARL:2020:8984, Civiel recht, 
1773, ECLI:NL:RBMNE:2021:4163, Civiel recht, Personen- en familierecht
1774, ECLI:NL:RVS:2009:BI8471, Bestuursrecht, Omgevingsrecht
1775, ECLI:NL:HR:2011:BN6324, Bestuursrecht, Belastingrecht
1776, ECLI:NL:RVS:2012:BW9537, Bestuursrecht, 
1777, ECLI:NL:HR:1937:184, Civiel recht, 
1778, ECLI:NL:RVS:2023:2333, Bestuursrecht, 
1779, ECLI:NL:RBROT:2020:7504, Bestuursrecht, 
1780, ECLI:NL:HR:2012:BW1999, Civiel recht, 
1781, ECLI:NL:HR:1968:AX5927, Bestuursrecht, Belastingrecht
1782, ECLI:NL:RVS:2003:AO0820, Bestuursrecht, 
1783, ECLI:NL:HR:2000:AA5802, Strafrecht, 
1784, ECLI:NL:RVS:2023:913, Bestuursrecht, 
1785, ECLI:NL:RVS:2016:3232, Bestuursrecht, Vreemdelingenrecht
1786, ECLI:NL:RVS:2019:4077, Bestuursrecht, 
1787, ECLI:NL:HR:2024:653, Bestuursrecht, Belastingrecht
1788, ECLI:NL:HR:2005:AR5213, Civiel recht, 
1789, ECLI:NL:HR:2025:681, Bestuursrecht, Belastingrecht
1790, ECLI:NL:CRVB:2014:1579, Bestuursrecht, Ambtenarenrecht
1791, ECLI:NL:GHARL:2016:4926, Bestuursrecht, Bestuursstrafrecht
1792, ECLI:NL:RBAMS:2017:2740, Bestuursrecht, 
1793, ECLI:NL:HR:2017:292, Bestuursrecht, Belastingrecht
1794, ECLI:NL:OGHACMB:2012:BX5453, Bestuursrecht, 
1795, ECLI:NL:HR:1998:AA2306, Bestuursrecht, Belastingrecht
1796, ECLI:NL:HR:2000:AA6513, Bestuursrecht, Belastingrecht
1797, ECLI:NL:GHARL:2024:5850, Civiel recht, 
1798, ECLI:NL:HR:2016:1483, Civiel recht, 
1799, ECLI:NL:RVS:2023:1054, Bestuursrecht, Vreemdelingenrecht
1800, ECLI:NL:RBAMS:2020:3776, Strafrecht, 
1801, ECLI:NL:RBGEL:2021:325, Civiel recht, Personen- en familierecht
1802, ECLI:NL:HR:2013:CA3765, Civiel recht, 
1803, ECLI:NL:RVS:2021:1276, Bestuursrecht, 
1804, ECLI:NL:RVS:2011:BR2279, Bestuursrecht, 
1805, ECLI:NL:CRVB:2019:2018, Bestuursrecht, Socialezekerheidsrecht
1806, ECLI:NL:RBDHA:2024:11270, Bestuursrecht, Vreemdelingenrecht
1807, ECLI:NL:HR:2017:2444, Civiel recht, 
1808, ECLI:NL:CRVB:2007:BB6732, Bestuursrecht, Ambtenarenrecht
1809, ECLI:NL:RVS:2018:1118, Bestuursrecht, 
1810, ECLI:NL:RBDHA:2024:5737, Bestuursrecht, Vreemdelingenrecht
1811, ECLI:NL:RVS:2020:2706, Bestuursrecht, 
1812, ECLI:NL:HR:2006:AT3051, Bestuursrecht, Belastingrecht
1813, ECLI:NL:CRVB:2016:1566, Bestuursrecht, Socialezekerheidsrecht
1814, ECLI:NL:HR:2008:BD1847, Civiel recht, 
1815, ECLI:NL:HR:2002:AE5164, Civiel recht, 
1816, ECLI:NL:HR:2011:BP4003, Civiel recht, 
1817, ECLI:NL:RVS:2023:1953, Bestuursrecht, 
1818, ECLI:NL:RVS:2024:4909, Bestuursrecht, 
1819, ECLI:NL:RVS:2020:2205, Bestuursrecht, Omgevingsrecht
1820, ECLI:NL:CBB:2020:992, Bestuursrecht, 
1821, ECLI:NL:RVS:2010:BM7718, Bestuursrecht, 
1822, ECLI:NL:RVS:2021:249, Bestuursrecht, 
1823, ECLI:NL:HR:2022:336, Civiel recht, 
1824, ECLI:NL:HR:2017:2517, Bestuursrecht, Belastingrecht
1825, ECLI:NL:RVS:2024:2058, Bestuursrecht, 
1826, ECLI:NL:RVS:2015:3836, Bestuursrecht, 
1827, ECLI:NL:RVS:2022:1042, Bestuursrecht, Vreemdelingenrecht
1828, ECLI:NL:RVS:2025:3148, Bestuursrecht, Vreemdelingenrecht
1829, ECLI:NL:GHARL:2017:8630, Strafrecht, Strafprocesrecht
1830, ECLI:NL:GHARL:2017:1777, Bestuursrecht, Bestuursstrafrecht
1831, ECLI:NL:PHR:2017:374, Bestuursrecht, Belastingrecht
1832, ECLI:NL:CRVB:2023:2402, Bestuursrecht, Socialezekerheidsrecht
1833, ECLI:NL:RVS:2009:BH1142, Bestuursrecht, 
1834, ECLI:NL:HR:2013:1776, Bestuursrecht, Belastingrecht
1835, ECLI:NL:CRVB:2015:1450, Bestuursrecht, Socialezekerheidsrecht
1836, ECLI:NL:HR:2013:1797, Bestuursrecht, Belastingrecht
1837, ECLI:NL:GHARL:2023:138, Bestuursrecht, Belastingrecht
1838, ECLI:NL:HR:2024:1060, Bestuursrecht, Belastingrecht
1839, ECLI:NL:CRVB:2021:881, Bestuursrecht, Socialezekerheidsrecht
1840, ECLI:NL:RVS:2021:1213, Bestuursrecht, 
1841, ECLI:NL:CRVB:2019:1696, Bestuursrecht, Socialezekerheidsrecht
1842, ECLI:NL:HR:2004:AQ3810, Civiel recht, 
1843, ECLI:NL:HR:2021:1660, Bestuursrecht, Belastingrecht
1844, ECLI:NL:RVS:2020:2879, Bestuursrecht, 
1845, ECLI:NL:RVS:2023:4585, Bestuursrecht, 
1846, ECLI:NL:HR:2010:BL7169, Bestuursrecht, Belastingrecht
1847, ECLI:NL:CRVB:2013:2985, Bestuursrecht, Ambtenarenrecht
1848, ECLI:NL:RVS:2020:2798, Bestuursrecht, 
1849, ECLI:NL:RVS:2021:554, Bestuursrecht, 
1850, ECLI:NL:CRVB:2022:2717, Bestuursrecht, Socialezekerheidsrecht
1851, ECLI:NL:RVS:2003:AM2916, Bestuursrecht, Vreemdelingenrecht
1852, ECLI:NL:HR:2022:89, Bestuursrecht, Belastingrecht
1853, ECLI:NL:RBGEL:2022:519, Bestuursrecht, Belastingrecht
1854, ECLI:NL:HR:2019:793, Strafrecht, 
1855, ECLI:NL:RVS:2019:1855, Bestuursrecht, Vreemdelingenrecht
1856, ECLI:NL:RBAMS:2024:5122, Strafrecht, Internationaal strafrecht
1857, ECLI:NL:RVS:2020:3139, Bestuursrecht, 
1858, ECLI:NL:GHARL:2022:3771, Bestuursrecht, Bestuursstrafrecht
1859, ECLI:NL:GHARL:2024:4051, Strafrecht, Strafprocesrecht
1860, ECLI:NL:HR:2012:BY2665, Bestuursrecht, Belastingrecht
1861, ECLI:NL:RVS:2018:3745, Bestuursrecht, Vreemdelingenrecht
1862, ECLI:NL:PHR:2024:1, Bestuursrecht, Belastingrecht
1863, ECLI:NL:HR:1994:ZC5609, Bestuursrecht, Belastingrecht
1864, ECLI:NL:RVS:2017:1588, Bestuursrecht, 
1865, ECLI:NL:HR:2014:2782, Bestuursrecht, Belastingrecht
1866, ECLI:NL:RVS:2024:2946, Bestuursrecht, Vreemdelingenrecht
1867, ECLI:NL:HR:2001:AB2576, Civiel recht, 
1868, ECLI:NL:RVS:2014:4530, Bestuursrecht, 
1869, ECLI:NL:RVS:2020:1166, Bestuursrecht, 
1870, ECLI:NL:GHSHE:2020:698, Civiel recht, 
1871, ECLI:NL:GHAMS:2022:362, Bestuursrecht, Belastingrecht
1872, ECLI:NL:GHAMS:2022:1754, Civiel recht, 
1873, ECLI:NL:CRVB:2016:3501, Bestuursrecht, Socialezekerheidsrecht
1874, ECLI:NL:RVS:2014:4272, Bestuursrecht, 
1875, ECLI:NL:RVS:2013:CA2858, Bestuursrecht, 
1876, ECLI:NL:HR:2002:AE5618, Strafrecht, 
1877, ECLI:NL:CRVB:2010:BM8090, Bestuursrecht, Socialezekerheidsrecht
1878, ECLI:NL:HR:2023:1703, Bestuursrecht, Belastingrecht
1879, ECLI:NL:RVS:2016:486, Bestuursrecht, 
1880, ECLI:NL:CRVB:2001:AD5986, Bestuursrecht, Socialezekerheidsrecht
1881, ECLI:NL:GHAMS:2024:2297, Bestuursrecht, Belastingrecht
1882, ECLI:NL:RVS:2024:2548, Bestuursrecht, Vreemdelingenrecht
1883, ECLI:NL:HR:2009:BJ5125, Bestuursrecht, Belastingrecht
1884, ECLI:NL:HR:2023:1337, Bestuursrecht, Belastingrecht
1885, ECLI:NL:RBAMS:2019:198, Civiel recht, 
1886, ECLI:NL:RVS:2015:32, Bestuursrecht, 
1887, ECLI:NL:RVS:2020:1182, Bestuursrecht, 
1888, ECLI:NL:RVS:2018:999, Bestuursrecht, Vreemdelingenrecht
1889, ECLI:NL:RVS:2020:1560, Bestuursrecht, Vreemdelingenrecht
1890, ECLI:NL:CBB:2024:190, Bestuursrecht, 
1891, ECLI:NL:HR:2021:1725, Civiel recht, 
1892, ECLI:NL:RVS:2016:1442, Bestuursrecht, Vreemdelingenrecht
1893, ECLI:NL:RVS:2017:1733, Bestuursrecht, Vreemdelingenrecht
1894, ECLI:NL:CRVB:2023:133, Bestuursrecht, Socialezekerheidsrecht
1895, ECLI:NL:HR:2006:AY7000, Civiel recht, Personen- en familierecht
1896, ECLI:NL:RVS:2024:268, Bestuursrecht, 
1897, ECLI:NL:CRVB:2010:BO9528, Bestuursrecht, Socialezekerheidsrecht
1898, ECLI:NL:GHARL:2015:65, Bestuursrecht, Bestuursstrafrecht
1899, ECLI:NL:RVS:2019:3410, Bestuursrecht, Vreemdelingenrecht
1900, ECLI:NL:CRVB:2017:2622, Bestuursrecht, Socialezekerheidsrecht
1901, ECLI:NL:CBB:2022:134, Bestuursrecht, 
1902, ECLI:NL:RBDHA:2019:12744, Bestuursrecht, Socialezekerheidsrecht
1903, ECLI:NL:CBB:2023:52, Bestuursrecht, 
1904, ECLI:NL:RVS:2019:580, Bestuursrecht, Vreemdelingenrecht
1905, ECLI:NL:CRVB:2011:BU4522, Bestuursrecht, Socialezekerheidsrecht
1906, ECLI:NL:RVS:2022:85, Bestuursrecht, Vreemdelingenrecht
1907, ECLI:NL:CRVB:2019:815, Bestuursrecht, Socialezekerheidsrecht
1908, ECLI:NL:RVS:2018:1081, Bestuursrecht, Vreemdelingenrecht
1909, ECLI:NL:RVS:2022:2759, Bestuursrecht, Vreemdelingenrecht
1910, ECLI:NL:RVS:2024:4631, Bestuursrecht, Vreemdelingenrecht
1911, ECLI:NL:CRVB:2012:BW5987, Bestuursrecht, Socialezekerheidsrecht
1912, ECLI:NL:RVS:2024:2224, Bestuursrecht, 
1913, ECLI:NL:CRvB:2010:BM1179, Bestuursrecht, Socialezekerheidsrecht
1914, ECLI:NL:RVS:2021:2865, Bestuursrecht, Vreemdelingenrecht
1915, ECLI:NL:PHR:2021:80, Bestuursrecht, Belastingrecht
1916, ECLI:NL:HR:2011:BO6106, Civiel recht, 
1917, ECLI:NL:RVS:2019:665, Bestuursrecht, Vreemdelingenrecht
1918, ECLI:NL:CRVB:2021:3321, Bestuursrecht, Socialezekerheidsrecht
1919, ECLI:NL:CRVB:2022:2701, Bestuursrecht, Socialezekerheidsrecht
1920, ECLI:NL:HR:2014:702, Strafrecht, 
1921, ECLI:NL:RBLIM:2019:8232, Bestuursrecht, 
1922, ECLI:NL:CBB:2024:927, Bestuursrecht, 
1923, ECLI:NL:RVS:2018:1, Bestuursrecht, Vreemdelingenrecht
1924, ECLI:NL:HR:2014:91, Civiel recht, Personen- en familierecht
1925, ECLI:NL:PHR:2018:231, Bestuursrecht, Belastingrecht
1926, ECLI:NL:HR:2007:AX0678, Bestuursrecht, Belastingrecht
1927, ECLI:NL:HR:2003:AF7002, Civiel recht, 
1928, ECLI:NL:RBAMS:2023:538, Bestuursrecht, 
1929, ECLI:NL:RVS:2016:2526, Bestuursrecht, 
1930, ECLI:NL:CRVB:2021:2187, Bestuursrecht, Socialezekerheidsrecht
1931, ECLI:NL:CBB:2024:33, Bestuursrecht, 
1932, ECLI:NL:RBAMS:2024:7580, Civiel recht, Personen- en familierecht
1933, ECLI:NL:RVS:2013:1426, Bestuursrecht, 
1934, ECLI:NL:HR:2012:BW9879, Bestuursrecht, Belastingrecht
1935, ECLI:NL:RVS:2011:BU8882, Bestuursrecht, 
1936, ECLI:NL:RVS:2009:BK5859, Bestuursrecht, 
1937, ECLI:NL:RVS:2015:3652, Bestuursrecht, Vreemdelingenrecht
1938, ECLI:NL:RVS:2020:423, Bestuursrecht, 
1939, ECLI:NL:RVS:2024:3356, Bestuursrecht, 
1940, ECLI:NL:HR:2021:841, Strafrecht, 
1941, ECLI:NL:RBAMS:2024:1267, Strafrecht, Internationaal strafrecht
1942, ECLI:NL:GHAMS:2022:3607, Civiel recht, 
1943, ECLI:NL:GHDHA:2019:17, Bestuursrecht, Belastingrecht
1944, ECLI:NL:HR:2018:729, Civiel recht, 
1945, ECLI:NL:HR:2012:BW5393, Bestuursrecht, Belastingrecht
1946, ECLI:NL:HR:2020:1528, Bestuursrecht, Belastingrecht
1947, ECLI:NL:HR:2021:107, Civiel recht, 
1948, ECLI:NL:RVS:2022:1826, Bestuursrecht, Vreemdelingenrecht
1949, ECLI:NL:RVS:2024:2637, Bestuursrecht, Vreemdelingenrecht
1950, ECLI:NL:RVS:2017:3251, Bestuursrecht, 
1951, ECLI:NL:RBDHA:2025:940, Bestuursrecht, Vreemdelingenrecht
1952, ECLI:NL:RVS:2011:BP3670, Bestuursrecht, 
1953, ECLI:NL:CBB:2021:240, Bestuursrecht, 
1954, ECLI:NL:CRVB:2019:4351, Bestuursrecht, Socialezekerheidsrecht
1955, ECLI:NL:GHARL:2020:8549, Bestuursrecht, Bestuursstrafrecht
1956, ECLI:NL:RBNHO:2023:3628, Bestuursrecht, Socialezekerheidsrecht
1957, ECLI:NL:RVS:2013:1179, Bestuursrecht, 
1958, ECLI:NL:RVS:2019:2025, Bestuursrecht, 
1959, ECLI:NL:RVS:2016:3367, Bestuursrecht, Omgevingsrecht
1960, ECLI:NL:HR:2021:705, Bestuursrecht, Belastingrecht
1961, ECLI:NL:CRVB:2019:1449, Bestuursrecht, Socialezekerheidsrecht
1962, ECLI:NL:RVS:2022:3968, Bestuursrecht, 
1963, ECLI:NL:RVS:2022:433, Bestuursrecht, Vreemdelingenrecht
1964, ECLI:NL:HR:2019:1102, Bestuursrecht, Belastingrecht
1965, ECLI:NL:RVS:2024:3817, Bestuursrecht, Omgevingsrecht
1966, ECLI:NL:RVS:2005:AT4747, Bestuursrecht, 
1967, ECLI:NL:CRVB:2019:924, Bestuursrecht, Socialezekerheidsrecht
1968, ECLI:NL:HR:2018:89, Strafrecht, 
1969, ECLI:NL:RVS:2020:793, Bestuursrecht, 
1970, ECLI:NL:HR:2010:BM0787, Strafrecht, 
1971, ECLI:NL:HR:2008:BE9998, Civiel recht, 
1972, ECLI:NL:HR:2020:1148, Civiel recht, 
1973, ECLI:NL:GHSHE:2022:3806, Bestuursrecht, Belastingrecht
1974, ECLI:NL:GHARL:2022:7811, Strafrecht, 
1975, ECLI:NL:CRVB:2017:1475, Bestuursrecht, Socialezekerheidsrecht
1976, ECLI:NL:RVS:2014:4184, Bestuursrecht, 
1977, ECLI:NL:RVS:2022:379, Bestuursrecht, Vreemdelingenrecht
1978, ECLI:NL:RVS:2020:829, Bestuursrecht, Vreemdelingenrecht
1979, ECLI:NL:HR:2008:BD0191, Bestuursrecht, Belastingrecht
1980, ECLI:NL:HR:1989:AD5725, Civiel recht, 
1981, ECLI:NL:RVS:2012:BX8721, Bestuursrecht, Vreemdelingenrecht
1982, ECLI:NL:RVS:2019:1603, Bestuursrecht, 
1983, ECLI:NL:RVS:2021:1440, Bestuursrecht, 
1984, ECLI:NL:HR:1994:ZC1561, Civiel recht, 
1985, ECLI:NL:CRVB:2020:2531, Bestuursrecht, Socialezekerheidsrecht
1986, ECLI:NL:RVS:2025:5161, Bestuursrecht, 
1987, ECLI:NL:GHAMS:2020:930, Civiel recht, 
1988, ECLI:NL:HR:2024:1299, Bestuursrecht, Belastingrecht
1989, ECLI:NL:RVS:2012:BW3351, Bestuursrecht, Vreemdelingenrecht
1990, ECLI:NL:RVS:2022:2290, Bestuursrecht, Vreemdelingenrecht
1991, ECLI:NL:HR:2024:1441, Bestuursrecht, Belastingrecht
1992, ECLI:NL:RVS:2021:2585, Bestuursrecht, 
1993, ECLI:NL:HR:1982:AG4438, Bestuursrecht, 
1994, ECLI:NL:HR:2013:911, Civiel recht, 
1995, ECLI:NL:GHARL:2023:8800, Bestuursrecht, Belastingrecht
1996, ECLI:NL:RVS:2013:2678, Bestuursrecht, Vreemdelingenrecht
1997, ECLI:NL:RVS:2022:693, Bestuursrecht, 
1998, ECLI:NL:RVS:2005:15, Bestuursrecht, 
1999, ECLI:NL:GHAMS:2014:1135, Civiel recht, 
2000, ECLI:NL:HR:1998:ZC2602, Civiel recht, 
2001, ECLI:NL:GHSHE:2008:BG4468, Strafrecht, 
2002, ECLI:NL:RVS:2018:4193, Bestuursrecht, 
2003, ECLI:NL:HR:2005:AT3409, Bestuursrecht, Belastingrecht
2004, ECLI:NL:HR:2000:AA5169, Civiel recht, 
2005, ECLI:NL:HR:2019:61, Civiel recht, 
2006, ECLI:NL:CRVB:2023:954, Bestuursrecht, Socialezekerheidsrecht
2007, ECLI:NL:HR:2018:2358, Bestuursrecht, Belastingrecht
2008, ECLI:NL:RVS:2011:BQ1871, Bestuursrecht, 
2009, ECLI:NL:RVS:2022:1441, Bestuursrecht, 
2010, ECLI:NL:RVS:2014:4129, Bestuursrecht, 
2011, ECLI:NL:RVS:2013:1785, Bestuursrecht, Vreemdelingenrecht
2012, ECLI:NL:RVS:2024:3552, Bestuursrecht, Vreemdelingenrecht
2013, ECLI:NL:RVS:2013:BZ8388, Bestuursrecht, Vreemdelingenrecht
2014, ECLI:NL:HR:2010:BL0078, Bestuursrecht, Belastingrecht
2015, ECLI:NL:RBOBR:2025:1513, Bestuursrecht, Belastingrecht
2016, ECLI:NL:GHAMS:2024:1648, Bestuursrecht, Belastingrecht
2017, ECLI:NL:RBDHA:2022:5724, Bestuursrecht, Vreemdelingenrecht
2018, ECLI:NL:HR:2009:BI0562, Bestuursrecht, Belastingrecht
2019, ECLI:NL:HR:2022:1039, Bestuursrecht, Belastingrecht
2020, ECLI:NL:RVS:2022:900, Bestuursrecht, Omgevingsrecht
2021, ECLI:NL:RVS:2024:2643, Bestuursrecht, Vreemdelingenrecht
2022, ECLI:NL:HR:2019:1779, Bestuursrecht, Belastingrecht
2023, ECLI:NL:RVS:2013:BZ2515, Bestuursrecht, 
2024, ECLI:NL:HR:2004:AR3504, Bestuursrecht, Belastingrecht
2025, ECLI:NL:CRVB:2024:1033, Bestuursrecht, Socialezekerheidsrecht
2026, ECLI:NL:HR:2000:AA5651, Civiel recht, 
2027, ECLI:NL:CRVB:2017:2653, Bestuursrecht, Socialezekerheidsrecht
2028, ECLI:NL:RVS:2020:2949, Bestuursrecht, Vreemdelingenrecht
2029, ECLI:NL:RVS:2022:1043, Bestuursrecht, Vreemdelingenrecht
2030, ECLI:NL:HR:2008:BD1494, Civiel recht, 
2031, ECLI:NL:GHARL:2020:8985, Civiel recht, 
2032, ECLI:NL:RVS:2010:BM1028, Bestuursrecht, 
2033, ECLI:NL:PHR:2023:1197, Bestuursrecht, Belastingrecht
2034, ECLI:NL:RVS:2017:1362, Bestuursrecht, 
2035, ECLI:NL:HR:1996:ZC1978, Civiel recht, 
2036, ECLI:NL:RVS:2011:BT7118, Bestuursrecht, Vreemdelingenrecht
2037, ECLI:NL:RVS:2022:3602, Bestuursrecht, 
2038, ECLI:NL:CRVB:2018:26, Bestuursrecht, Ambtenarenrecht
2039, ECLI:NL:RBDHA:2016:14190, Civiel recht, 
2040, ECLI:NL:CBB:2011:BR1384, Bestuursrecht, 
2041, ECLI:NL:RVS:2025:5167, Bestuursrecht, Vreemdelingenrecht
2042, ECLI:NL:RVS:2018:2454, Bestuursrecht, 
2043, ECLI:NL:HR:2024:716, Civiel recht, 
2044, ECLI:NL:HR:2019:1084, Bestuursrecht, Belastingrecht
2045, ECLI:NL:CRVB:2014:1850, Bestuursrecht, Socialezekerheidsrecht
2046, ECLI:NL:RVS:2014:3207, Bestuursrecht, Omgevingsrecht
2047, ECLI:NL:RVS:2016:2544, Bestuursrecht, 
2048, ECLI:NL:GHARL:2021:9528, Bestuursrecht, Belastingrecht
